target,station,model,issue_date,target_date,horizon_months,y_true,y_pred,outer_fold,training_start_year,fit_end,evaluation_start,evaluation_end
spei3,Buttala,ridge_ar24,1999-12,2000-01,1,0.291415828804067,-0.1543315128205081,2000-01_2004-12,1901,1999-12,2000-01,2004-12
spei3,Buttala,ridge_ar24,2000-01,2000-02,1,1.26191771560485,0.467125247074669,2000-01_2004-12,1901,1999-12,2000-01,2004-12
spei3,Buttala,ridge_ar24,2000-02,2000-03,1,1.58131188013441,1.014898405756678,2000-01_2004-12,1901,1999-12,2000-01,2004-12
spei3,Buttala,ridge_ar24,2000-03,2000-04,1,0.999444529330839,0.9544727691588262,2000-01_2004-12,1901,1999-12,2000-01,2004-12
spei3,Buttala,ridge_ar24,2000-04,2000-05,1,-1.16613623434429,0.28686183068126125,2000-01_2004-12,1901,1999-12,2000-01,2004-12
spei3,Buttala,ridge_ar24,2000-05,2000-06,1,-1.29863352085627,-1.2275135876582794,2000-01_2004-12,1901,1999-12,2000-01,2004-12
spei3,Buttala,ridge_ar24,2000-06,2000-07,1,-1.39084652904703,-1.0652144165432402,2000-01_2004-12,1901,1999-12,2000-01,2004-12
spei3,Buttala,ridge_ar24,2000-07,2000-08,1,0.742337857859135,-0.2638492005035507,2000-01_2004-12,1901,1999-12,2000-01,2004-12
spei3,Buttala,ridge_ar24,2000-08,2000-09,1,1.0640870092557,0.7454043361130672,2000-01_2004-12,1901,1999-12,2000-01,2004-12
spei3,Buttala,ridge_ar24,2000-09,2000-10,1,0.700920149263418,1.066535323063475,2000-01_2004-12,1901,1999-12,2000-01,2004-12
spei3,Buttala,ridge_ar24,2000-10,2000-11,1,-0.404159334141938,-0.15238424522720934,2000-01_2004-12,1901,1999-12,2000-01,2004-12
spei3,Buttala,ridge_ar24,2000-11,2000-12,1,-1.01114054393242,-0.7706713056429678,2000-01_2004-12,1901,1999-12,2000-01,2004-12
spei3,Buttala,ridge_ar24,2000-12,2001-01,1,0.446765229805842,-0.5962304311601304,2000-01_2004-12,1901,1999-12,2000-01,2004-12
spei3,Buttala,ridge_ar24,2001-01,2001-02,1,0.485660848659888,0.6687684153094023,2000-01_2004-12,1901,1999-12,2000-01,2004-12
spei3,Buttala,ridge_ar24,2001-02,2001-03,1,0.437623397938991,0.8381638562385241,2000-01_2004-12,1901,1999-12,2000-01,2004-12
spei3,Buttala,ridge_ar24,2001-03,2001-04,1,-0.0921011067419794,-0.26532884102316395,2000-01_2004-12,1901,1999-12,2000-01,2004-12
spei3,Buttala,ridge_ar24,2001-04,2001-05,1,-0.83821522679504,-0.15126175563615274,2000-01_2004-12,1901,1999-12,2000-01,2004-12
spei3,Buttala,ridge_ar24,2001-05,2001-06,1,0.220595611620789,-0.5834811578905919,2000-01_2004-12,1901,1999-12,2000-01,2004-12
spei3,Buttala,ridge_ar24,2001-06,2001-07,1,-0.979609233054705,0.25580437640591747,2000-01_2004-12,1901,1999-12,2000-01,2004-12
spei3,Buttala,ridge_ar24,2001-07,2001-08,1,-1.03051313212247,-0.28126612935175405,2000-01_2004-12,1901,1999-12,2000-01,2004-12
spei3,Buttala,ridge_ar24,2001-08,2001-09,1,-1.26141343932413,-1.4526363245211606,2000-01_2004-12,1901,1999-12,2000-01,2004-12
spei3,Buttala,ridge_ar24,2001-09,2001-10,1,-2.00855335051101,-0.461393866233161,2000-01_2004-12,1901,1999-12,2000-01,2004-12
spei3,Buttala,ridge_ar24,2001-10,2001-11,1,-1.28151211818263,-1.4886718290244054,2000-01_2004-12,1901,1999-12,2000-01,2004-12
spei3,Buttala,ridge_ar24,2001-11,2001-12,1,-0.915102354164079,-1.1167670838370465,2000-01_2004-12,1901,1999-12,2000-01,2004-12
spei3,Buttala,ridge_ar24,2001-12,2002-01,1,-0.988368689958361,0.27999563351729434,2000-01_2004-12,1901,1999-12,2000-01,2004-12
spei3,Buttala,ridge_ar24,2002-01,2002-02,1,-0.747565413247396,-0.870940933252679,2000-01_2004-12,1901,1999-12,2000-01,2004-12
spei3,Buttala,ridge_ar24,2002-02,2002-03,1,-1.00005421635566,-0.5804121874622433,2000-01_2004-12,1901,1999-12,2000-01,2004-12
spei3,Buttala,ridge_ar24,2002-03,2002-04,1,-0.272735406213535,-0.305094264299083,2000-01_2004-12,1901,1999-12,2000-01,2004-12
spei3,Buttala,ridge_ar24,2002-04,2002-05,1,0.186064313985939,-0.16031725906662614,2000-01_2004-12,1901,1999-12,2000-01,2004-12
spei3,Buttala,ridge_ar24,2002-05,2002-06,1,0.324963639739457,0.4261088066497437,2000-01_2004-12,1901,1999-12,2000-01,2004-12
spei3,Buttala,ridge_ar24,2002-06,2002-07,1,-0.389614377534013,0.30486242401447156,2000-01_2004-12,1901,1999-12,2000-01,2004-12
spei3,Buttala,ridge_ar24,2002-07,2002-08,1,-1.18076219526681,-0.5096458746476471,2000-01_2004-12,1901,1999-12,2000-01,2004-12
spei3,Buttala,ridge_ar24,2002-08,2002-09,1,-1.32031484534284,-1.1664200358782082,2000-01_2004-12,1901,1999-12,2000-01,2004-12
spei3,Buttala,ridge_ar24,2002-09,2002-10,1,-0.209524393655462,-0.5411861386975565,2000-01_2004-12,1901,1999-12,2000-01,2004-12
spei3,Buttala,ridge_ar24,2002-10,2002-11,1,0.163381147081323,0.2575984140660016,2000-01_2004-12,1901,1999-12,2000-01,2004-12
spei3,Buttala,ridge_ar24,2002-11,2002-12,1,1.0610350334832,0.29761733054702905,2000-01_2004-12,1901,1999-12,2000-01,2004-12
spei3,Buttala,ridge_ar24,2002-12,2003-01,1,0.992266356910322,0.6806851331064219,2000-01_2004-12,1901,1999-12,2000-01,2004-12
spei3,Buttala,ridge_ar24,2003-01,2003-02,1,0.934487623992833,0.6984062620529882,2000-01_2004-12,1901,1999-12,2000-01,2004-12
spei3,Buttala,ridge_ar24,2003-02,2003-03,1,0.43981766640116,0.5283211052166549,2000-01_2004-12,1901,1999-12,2000-01,2004-12
spei3,Buttala,ridge_ar24,2003-03,2003-04,1,-0.0069883482981826,0.16996200679003975,2000-01_2004-12,1901,1999-12,2000-01,2004-12
spei3,Buttala,ridge_ar24,2003-04,2003-05,1,-0.0632265176578447,-0.11571274995505082,2000-01_2004-12,1901,1999-12,2000-01,2004-12
spei3,Buttala,ridge_ar24,2003-05,2003-06,1,-0.463512071800855,0.10226235394159644,2000-01_2004-12,1901,1999-12,2000-01,2004-12
spei3,Buttala,ridge_ar24,2003-06,2003-07,1,0.375016148943404,-0.43991490040320963,2000-01_2004-12,1901,1999-12,2000-01,2004-12
spei3,Buttala,ridge_ar24,2003-07,2003-08,1,0.0250467334146692,0.286908075227531,2000-01_2004-12,1901,1999-12,2000-01,2004-12
spei3,Buttala,ridge_ar24,2003-08,2003-09,1,0.125230405179765,0.27874714953809426,2000-01_2004-12,1901,1999-12,2000-01,2004-12
spei3,Buttala,ridge_ar24,2003-09,2003-10,1,-0.921374301193172,-0.406085167587974,2000-01_2004-12,1901,1999-12,2000-01,2004-12
spei3,Buttala,ridge_ar24,2003-10,2003-11,1,0.599441771476982,-0.5968007398729962,2000-01_2004-12,1901,1999-12,2000-01,2004-12
spei3,Buttala,ridge_ar24,2003-11,2003-12,1,-0.834583171574898,0.5282634894795639,2000-01_2004-12,1901,1999-12,2000-01,2004-12
spei3,Buttala,ridge_ar24,2003-12,2004-01,1,-1.17749925352059,-0.44442749449643276,2000-01_2004-12,1901,1999-12,2000-01,2004-12
spei3,Buttala,ridge_ar24,2004-01,2004-02,1,-2.15319741638086,-1.8511036391293505,2000-01_2004-12,1901,1999-12,2000-01,2004-12
spei3,Buttala,ridge_ar24,2004-02,2004-03,1,-1.22732212985128,-1.0260590463719361,2000-01_2004-12,1901,1999-12,2000-01,2004-12
spei3,Buttala,ridge_ar24,2004-03,2004-04,1,-0.654212091559111,-0.47910627059095207,2000-01_2004-12,1901,1999-12,2000-01,2004-12
spei3,Buttala,ridge_ar24,2004-04,2004-05,1,0.34701910911591,-0.19425463126184894,2000-01_2004-12,1901,1999-12,2000-01,2004-12
spei3,Buttala,ridge_ar24,2004-05,2004-06,1,0.898717699174711,0.40291921105296824,2000-01_2004-12,1901,1999-12,2000-01,2004-12
spei3,Buttala,ridge_ar24,2004-06,2004-07,1,1.02868054514806,0.9663401199948404,2000-01_2004-12,1901,1999-12,2000-01,2004-12
spei3,Buttala,ridge_ar24,2004-07,2004-08,1,-0.214508909975262,0.5102877266390902,2000-01_2004-12,1901,1999-12,2000-01,2004-12
spei3,Buttala,ridge_ar24,2004-08,2004-09,1,1.14791722108736,-0.5535150716448866,2000-01_2004-12,1901,1999-12,2000-01,2004-12
spei3,Buttala,ridge_ar24,2004-09,2004-10,1,1.55869270084039,0.8764815282405238,2000-01_2004-12,1901,1999-12,2000-01,2004-12
spei3,Buttala,ridge_ar24,2004-10,2004-11,1,1.27276317081963,1.8225894395297069,2000-01_2004-12,1901,1999-12,2000-01,2004-12
spei3,Buttala,ridge_ar24,2004-11,2004-12,1,0.641021310275312,0.09954720050058505,2000-01_2004-12,1901,1999-12,2000-01,2004-12
spei3,Buttala,persistence,1999-12,2000-01,1,0.291415828804067,-0.102561476111852,2000-01_2004-12,1901,1999-12,2000-01,2004-12
spei3,Buttala,persistence,2000-01,2000-02,1,1.26191771560485,0.291415828804067,2000-01_2004-12,1901,1999-12,2000-01,2004-12
spei3,Buttala,persistence,2000-02,2000-03,1,1.58131188013441,1.26191771560485,2000-01_2004-12,1901,1999-12,2000-01,2004-12
spei3,Buttala,persistence,2000-03,2000-04,1,0.999444529330839,1.58131188013441,2000-01_2004-12,1901,1999-12,2000-01,2004-12
spei3,Buttala,persistence,2000-04,2000-05,1,-1.16613623434429,0.999444529330839,2000-01_2004-12,1901,1999-12,2000-01,2004-12
spei3,Buttala,persistence,2000-05,2000-06,1,-1.29863352085627,-1.16613623434429,2000-01_2004-12,1901,1999-12,2000-01,2004-12
spei3,Buttala,persistence,2000-06,2000-07,1,-1.39084652904703,-1.29863352085627,2000-01_2004-12,1901,1999-12,2000-01,2004-12
spei3,Buttala,persistence,2000-07,2000-08,1,0.742337857859135,-1.39084652904703,2000-01_2004-12,1901,1999-12,2000-01,2004-12
spei3,Buttala,persistence,2000-08,2000-09,1,1.0640870092557,0.742337857859135,2000-01_2004-12,1901,1999-12,2000-01,2004-12
spei3,Buttala,persistence,2000-09,2000-10,1,0.700920149263418,1.0640870092557,2000-01_2004-12,1901,1999-12,2000-01,2004-12
spei3,Buttala,persistence,2000-10,2000-11,1,-0.404159334141938,0.700920149263418,2000-01_2004-12,1901,1999-12,2000-01,2004-12
spei3,Buttala,persistence,2000-11,2000-12,1,-1.01114054393242,-0.404159334141938,2000-01_2004-12,1901,1999-12,2000-01,2004-12
spei3,Buttala,persistence,2000-12,2001-01,1,0.446765229805842,-1.01114054393242,2000-01_2004-12,1901,1999-12,2000-01,2004-12
spei3,Buttala,persistence,2001-01,2001-02,1,0.485660848659888,0.446765229805842,2000-01_2004-12,1901,1999-12,2000-01,2004-12
spei3,Buttala,persistence,2001-02,2001-03,1,0.437623397938991,0.485660848659888,2000-01_2004-12,1901,1999-12,2000-01,2004-12
spei3,Buttala,persistence,2001-03,2001-04,1,-0.0921011067419794,0.437623397938991,2000-01_2004-12,1901,1999-12,2000-01,2004-12
spei3,Buttala,persistence,2001-04,2001-05,1,-0.83821522679504,-0.0921011067419794,2000-01_2004-12,1901,1999-12,2000-01,2004-12
spei3,Buttala,persistence,2001-05,2001-06,1,0.220595611620789,-0.83821522679504,2000-01_2004-12,1901,1999-12,2000-01,2004-12
spei3,Buttala,persistence,2001-06,2001-07,1,-0.979609233054705,0.220595611620789,2000-01_2004-12,1901,1999-12,2000-01,2004-12
spei3,Buttala,persistence,2001-07,2001-08,1,-1.03051313212247,-0.979609233054705,2000-01_2004-12,1901,1999-12,2000-01,2004-12
spei3,Buttala,persistence,2001-08,2001-09,1,-1.26141343932413,-1.03051313212247,2000-01_2004-12,1901,1999-12,2000-01,2004-12
spei3,Buttala,persistence,2001-09,2001-10,1,-2.00855335051101,-1.26141343932413,2000-01_2004-12,1901,1999-12,2000-01,2004-12
spei3,Buttala,persistence,2001-10,2001-11,1,-1.28151211818263,-2.00855335051101,2000-01_2004-12,1901,1999-12,2000-01,2004-12
spei3,Buttala,persistence,2001-11,2001-12,1,-0.915102354164079,-1.28151211818263,2000-01_2004-12,1901,1999-12,2000-01,2004-12
spei3,Buttala,persistence,2001-12,2002-01,1,-0.988368689958361,-0.915102354164079,2000-01_2004-12,1901,1999-12,2000-01,2004-12
spei3,Buttala,persistence,2002-01,2002-02,1,-0.747565413247396,-0.988368689958361,2000-01_2004-12,1901,1999-12,2000-01,2004-12
spei3,Buttala,persistence,2002-02,2002-03,1,-1.00005421635566,-0.747565413247396,2000-01_2004-12,1901,1999-12,2000-01,2004-12
spei3,Buttala,persistence,2002-03,2002-04,1,-0.272735406213535,-1.00005421635566,2000-01_2004-12,1901,1999-12,2000-01,2004-12
spei3,Buttala,persistence,2002-04,2002-05,1,0.186064313985939,-0.272735406213535,2000-01_2004-12,1901,1999-12,2000-01,2004-12
spei3,Buttala,persistence,2002-05,2002-06,1,0.324963639739457,0.186064313985939,2000-01_2004-12,1901,1999-12,2000-01,2004-12
spei3,Buttala,persistence,2002-06,2002-07,1,-0.389614377534013,0.324963639739457,2000-01_2004-12,1901,1999-12,2000-01,2004-12
spei3,Buttala,persistence,2002-07,2002-08,1,-1.18076219526681,-0.389614377534013,2000-01_2004-12,1901,1999-12,2000-01,2004-12
spei3,Buttala,persistence,2002-08,2002-09,1,-1.32031484534284,-1.18076219526681,2000-01_2004-12,1901,1999-12,2000-01,2004-12
spei3,Buttala,persistence,2002-09,2002-10,1,-0.209524393655462,-1.32031484534284,2000-01_2004-12,1901,1999-12,2000-01,2004-12
spei3,Buttala,persistence,2002-10,2002-11,1,0.163381147081323,-0.209524393655462,2000-01_2004-12,1901,1999-12,2000-01,2004-12
spei3,Buttala,persistence,2002-11,2002-12,1,1.0610350334832,0.163381147081323,2000-01_2004-12,1901,1999-12,2000-01,2004-12
spei3,Buttala,persistence,2002-12,2003-01,1,0.992266356910322,1.0610350334832,2000-01_2004-12,1901,1999-12,2000-01,2004-12
spei3,Buttala,persistence,2003-01,2003-02,1,0.934487623992833,0.992266356910322,2000-01_2004-12,1901,1999-12,2000-01,2004-12
spei3,Buttala,persistence,2003-02,2003-03,1,0.43981766640116,0.934487623992833,2000-01_2004-12,1901,1999-12,2000-01,2004-12
spei3,Buttala,persistence,2003-03,2003-04,1,-0.0069883482981826,0.43981766640116,2000-01_2004-12,1901,1999-12,2000-01,2004-12
spei3,Buttala,persistence,2003-04,2003-05,1,-0.0632265176578447,-0.0069883482981826,2000-01_2004-12,1901,1999-12,2000-01,2004-12
spei3,Buttala,persistence,2003-05,2003-06,1,-0.463512071800855,-0.0632265176578447,2000-01_2004-12,1901,1999-12,2000-01,2004-12
spei3,Buttala,persistence,2003-06,2003-07,1,0.375016148943404,-0.463512071800855,2000-01_2004-12,1901,1999-12,2000-01,2004-12
spei3,Buttala,persistence,2003-07,2003-08,1,0.0250467334146692,0.375016148943404,2000-01_2004-12,1901,1999-12,2000-01,2004-12
spei3,Buttala,persistence,2003-08,2003-09,1,0.125230405179765,0.0250467334146692,2000-01_2004-12,1901,1999-12,2000-01,2004-12
spei3,Buttala,persistence,2003-09,2003-10,1,-0.921374301193172,0.125230405179765,2000-01_2004-12,1901,1999-12,2000-01,2004-12
spei3,Buttala,persistence,2003-10,2003-11,1,0.599441771476982,-0.921374301193172,2000-01_2004-12,1901,1999-12,2000-01,2004-12
spei3,Buttala,persistence,2003-11,2003-12,1,-0.834583171574898,0.599441771476982,2000-01_2004-12,1901,1999-12,2000-01,2004-12
spei3,Buttala,persistence,2003-12,2004-01,1,-1.17749925352059,-0.834583171574898,2000-01_2004-12,1901,1999-12,2000-01,2004-12
spei3,Buttala,persistence,2004-01,2004-02,1,-2.15319741638086,-1.17749925352059,2000-01_2004-12,1901,1999-12,2000-01,2004-12
spei3,Buttala,persistence,2004-02,2004-03,1,-1.22732212985128,-2.15319741638086,2000-01_2004-12,1901,1999-12,2000-01,2004-12
spei3,Buttala,persistence,2004-03,2004-04,1,-0.654212091559111,-1.22732212985128,2000-01_2004-12,1901,1999-12,2000-01,2004-12
spei3,Buttala,persistence,2004-04,2004-05,1,0.34701910911591,-0.654212091559111,2000-01_2004-12,1901,1999-12,2000-01,2004-12
spei3,Buttala,persistence,2004-05,2004-06,1,0.898717699174711,0.34701910911591,2000-01_2004-12,1901,1999-12,2000-01,2004-12
spei3,Buttala,persistence,2004-06,2004-07,1,1.02868054514806,0.898717699174711,2000-01_2004-12,1901,1999-12,2000-01,2004-12
spei3,Buttala,persistence,2004-07,2004-08,1,-0.214508909975262,1.02868054514806,2000-01_2004-12,1901,1999-12,2000-01,2004-12
spei3,Buttala,persistence,2004-08,2004-09,1,1.14791722108736,-0.214508909975262,2000-01_2004-12,1901,1999-12,2000-01,2004-12
spei3,Buttala,persistence,2004-09,2004-10,1,1.55869270084039,1.14791722108736,2000-01_2004-12,1901,1999-12,2000-01,2004-12
spei3,Buttala,persistence,2004-10,2004-11,1,1.27276317081963,1.55869270084039,2000-01_2004-12,1901,1999-12,2000-01,2004-12
spei3,Buttala,persistence,2004-11,2004-12,1,0.641021310275312,1.27276317081963,2000-01_2004-12,1901,1999-12,2000-01,2004-12
spei3,Padaviya,ridge_ar24,1999-12,2000-01,1,-0.466714660740738,-0.3114403423075247,2000-01_2004-12,1901,1999-12,2000-01,2004-12
spei3,Padaviya,ridge_ar24,2000-01,2000-02,1,0.674322247603016,0.15722761723331447,2000-01_2004-12,1901,1999-12,2000-01,2004-12
spei3,Padaviya,ridge_ar24,2000-02,2000-03,1,1.18605803415078,0.6310259507580843,2000-01_2004-12,1901,1999-12,2000-01,2004-12
spei3,Padaviya,ridge_ar24,2000-03,2000-04,1,0.77816178472225,0.8819092058550728,2000-01_2004-12,1901,1999-12,2000-01,2004-12
spei3,Padaviya,ridge_ar24,2000-04,2000-05,1,-1.49598716247456,0.14431395314788603,2000-01_2004-12,1901,1999-12,2000-01,2004-12
spei3,Padaviya,ridge_ar24,2000-05,2000-06,1,-1.20643987380329,-1.3849917056714118,2000-01_2004-12,1901,1999-12,2000-01,2004-12
spei3,Padaviya,ridge_ar24,2000-06,2000-07,1,-1.72240347780495,-0.6940281497667465,2000-01_2004-12,1901,1999-12,2000-01,2004-12
spei3,Padaviya,ridge_ar24,2000-07,2000-08,1,0.700574530485596,-0.41187088122681353,2000-01_2004-12,1901,1999-12,2000-01,2004-12
spei3,Padaviya,ridge_ar24,2000-08,2000-09,1,1.53190019075277,0.4604106979680192,2000-01_2004-12,1901,1999-12,2000-01,2004-12
spei3,Padaviya,ridge_ar24,2000-09,2000-10,1,0.256521277532989,1.372762832641331,2000-01_2004-12,1901,1999-12,2000-01,2004-12
spei3,Padaviya,ridge_ar24,2000-10,2000-11,1,-0.538386171766128,-0.4951707643911136,2000-01_2004-12,1901,1999-12,2000-01,2004-12
spei3,Padaviya,ridge_ar24,2000-11,2000-12,1,-0.827534548199331,-0.9907775330669081,2000-01_2004-12,1901,1999-12,2000-01,2004-12
spei3,Padaviya,ridge_ar24,2000-12,2001-01,1,0.197224328144209,0.12859107699319555,2000-01_2004-12,1901,1999-12,2000-01,2004-12
spei3,Padaviya,ridge_ar24,2001-01,2001-02,1,0.354432489497843,0.23574780130115888,2000-01_2004-12,1901,1999-12,2000-01,2004-12
spei3,Padaviya,ridge_ar24,2001-02,2001-03,1,0.0407047270099609,0.3331439855011287,2000-01_2004-12,1901,1999-12,2000-01,2004-12
spei3,Padaviya,ridge_ar24,2001-03,2001-04,1,0.0718949902692957,-0.010974373581363498,2000-01_2004-12,1901,1999-12,2000-01,2004-12
spei3,Padaviya,ridge_ar24,2001-04,2001-05,1,-0.199201356064782,-0.06315048636729198,2000-01_2004-12,1901,1999-12,2000-01,2004-12
spei3,Padaviya,ridge_ar24,2001-05,2001-06,1,0.641690630932888,0.0037548827380049455,2000-01_2004-12,1901,1999-12,2000-01,2004-12
spei3,Padaviya,ridge_ar24,2001-06,2001-07,1,-0.965353030436594,0.48415227781243714,2000-01_2004-12,1901,1999-12,2000-01,2004-12
spei3,Padaviya,ridge_ar24,2001-07,2001-08,1,-0.964584967569313,-0.6122612154441736,2000-01_2004-12,1901,1999-12,2000-01,2004-12
spei3,Padaviya,ridge_ar24,2001-08,2001-09,1,-1.2851500964544,-1.0425457255850576,2000-01_2004-12,1901,1999-12,2000-01,2004-12
spei3,Padaviya,ridge_ar24,2001-09,2001-10,1,-1.51544202289896,-0.35010004759969343,2000-01_2004-12,1901,1999-12,2000-01,2004-12
spei3,Padaviya,ridge_ar24,2001-10,2001-11,1,-1.26546274238445,-1.0790692607156969,2000-01_2004-12,1901,1999-12,2000-01,2004-12
spei3,Padaviya,ridge_ar24,2001-11,2001-12,1,-0.616199431451284,-0.9725101812274217,2000-01_2004-12,1901,1999-12,2000-01,2004-12
spei3,Padaviya,ridge_ar24,2001-12,2002-01,1,-0.699690298516196,0.09292839293574126,2000-01_2004-12,1901,1999-12,2000-01,2004-12
spei3,Padaviya,ridge_ar24,2002-01,2002-02,1,-0.269625364655786,-0.39630192307134104,2000-01_2004-12,1901,1999-12,2000-01,2004-12
spei3,Padaviya,ridge_ar24,2002-02,2002-03,1,-0.894031295271302,-0.06400903674885712,2000-01_2004-12,1901,1999-12,2000-01,2004-12
spei3,Padaviya,ridge_ar24,2002-03,2002-04,1,-0.444581958487558,-0.2910280253341472,2000-01_2004-12,1901,1999-12,2000-01,2004-12
spei3,Padaviya,ridge_ar24,2002-04,2002-05,1,-0.149061619562614,-0.3213076235960887,2000-01_2004-12,1901,1999-12,2000-01,2004-12
spei3,Padaviya,ridge_ar24,2002-05,2002-06,1,0.083059477953303,0.2883442453566701,2000-01_2004-12,1901,1999-12,2000-01,2004-12
spei3,Padaviya,ridge_ar24,2002-06,2002-07,1,-0.522253888842057,0.11976641763633389,2000-01_2004-12,1901,1999-12,2000-01,2004-12
spei3,Padaviya,ridge_ar24,2002-07,2002-08,1,-1.76643183674683,-0.4998375003909669,2000-01_2004-12,1901,1999-12,2000-01,2004-12
spei3,Padaviya,ridge_ar24,2002-08,2002-09,1,-1.62512017810046,-1.3028195389766848,2000-01_2004-12,1901,1999-12,2000-01,2004-12
spei3,Padaviya,ridge_ar24,2002-09,2002-10,1,0.422063555128572,-0.8303760962168264,2000-01_2004-12,1901,1999-12,2000-01,2004-12
spei3,Padaviya,ridge_ar24,2002-10,2002-11,1,0.849444890871941,0.9962050136761742,2000-01_2004-12,1901,1999-12,2000-01,2004-12
spei3,Padaviya,ridge_ar24,2002-11,2002-12,1,1.30170137751769,0.7384949971693856,2000-01_2004-12,1901,1999-12,2000-01,2004-12
spei3,Padaviya,ridge_ar24,2002-12,2003-01,1,1.01295997826299,0.3262834466214994,2000-01_2004-12,1901,1999-12,2000-01,2004-12
spei3,Padaviya,ridge_ar24,2003-01,2003-02,1,0.878442306530039,0.7870462605466275,2000-01_2004-12,1901,1999-12,2000-01,2004-12
spei3,Padaviya,ridge_ar24,2003-02,2003-03,1,0.258997232874657,0.6682542519247512,2000-01_2004-12,1901,1999-12,2000-01,2004-12
spei3,Padaviya,ridge_ar24,2003-03,2003-04,1,0.121365121885663,0.0016319405983948833,2000-01_2004-12,1901,1999-12,2000-01,2004-12
spei3,Padaviya,ridge_ar24,2003-04,2003-05,1,0.434777439281511,0.12268434978652398,2000-01_2004-12,1901,1999-12,2000-01,2004-12
spei3,Padaviya,ridge_ar24,2003-05,2003-06,1,0.24493712473901,0.5328966699073012,2000-01_2004-12,1901,1999-12,2000-01,2004-12
spei3,Padaviya,ridge_ar24,2003-06,2003-07,1,0.888427340850821,0.0776335009562534,2000-01_2004-12,1901,1999-12,2000-01,2004-12
spei3,Padaviya,ridge_ar24,2003-07,2003-08,1,0.883246892618881,0.4724932483183725,2000-01_2004-12,1901,1999-12,2000-01,2004-12
spei3,Padaviya,ridge_ar24,2003-08,2003-09,1,0.76610589448338,0.7343752958312135,2000-01_2004-12,1901,1999-12,2000-01,2004-12
spei3,Padaviya,ridge_ar24,2003-09,2003-10,1,-0.769629130318806,0.16766204211785896,2000-01_2004-12,1901,1999-12,2000-01,2004-12
spei3,Padaviya,ridge_ar24,2003-10,2003-11,1,0.489479560891733,-0.7250610890645206,2000-01_2004-12,1901,1999-12,2000-01,2004-12
spei3,Padaviya,ridge_ar24,2003-11,2003-12,1,-0.889040066879008,0.4322797400998582,2000-01_2004-12,1901,1999-12,2000-01,2004-12
spei3,Padaviya,ridge_ar24,2003-12,2004-01,1,-0.967570354250159,-0.3178446911833134,2000-01_2004-12,1901,1999-12,2000-01,2004-12
spei3,Padaviya,ridge_ar24,2004-01,2004-02,1,-2.29208769048586,-1.3791938908677477,2000-01_2004-12,1901,1999-12,2000-01,2004-12
spei3,Padaviya,ridge_ar24,2004-02,2004-03,1,-1.03365857067883,-1.271858902559697,2000-01_2004-12,1901,1999-12,2000-01,2004-12
spei3,Padaviya,ridge_ar24,2004-03,2004-04,1,-0.633528317707907,-0.2736175545345866,2000-01_2004-12,1901,1999-12,2000-01,2004-12
spei3,Padaviya,ridge_ar24,2004-04,2004-05,1,0.648148774254462,-0.030677068940723893,2000-01_2004-12,1901,1999-12,2000-01,2004-12
spei3,Padaviya,ridge_ar24,2004-05,2004-06,1,1.19370349834493,0.4464718449579507,2000-01_2004-12,1901,1999-12,2000-01,2004-12
spei3,Padaviya,ridge_ar24,2004-06,2004-07,1,1.75208570318504,1.0332439675066636,2000-01_2004-12,1901,1999-12,2000-01,2004-12
spei3,Padaviya,ridge_ar24,2004-07,2004-08,1,-0.0888637626859657,1.0658066615996564,2000-01_2004-12,1901,1999-12,2000-01,2004-12
spei3,Padaviya,ridge_ar24,2004-08,2004-09,1,1.73438498199558,-0.49759303557227025,2000-01_2004-12,1901,1999-12,2000-01,2004-12
spei3,Padaviya,ridge_ar24,2004-09,2004-10,1,1.98554496716792,1.0359381845327265,2000-01_2004-12,1901,1999-12,2000-01,2004-12
spei3,Padaviya,ridge_ar24,2004-10,2004-11,1,1.42135656131379,1.9668095790649798,2000-01_2004-12,1901,1999-12,2000-01,2004-12
spei3,Padaviya,ridge_ar24,2004-11,2004-12,1,0.688715784244417,0.009174151757166129,2000-01_2004-12,1901,1999-12,2000-01,2004-12
spei3,Padaviya,persistence,1999-12,2000-01,1,-0.466714660740738,-0.493884362132872,2000-01_2004-12,1901,1999-12,2000-01,2004-12
spei3,Padaviya,persistence,2000-01,2000-02,1,0.674322247603016,-0.466714660740738,2000-01_2004-12,1901,1999-12,2000-01,2004-12
spei3,Padaviya,persistence,2000-02,2000-03,1,1.18605803415078,0.674322247603016,2000-01_2004-12,1901,1999-12,2000-01,2004-12
spei3,Padaviya,persistence,2000-03,2000-04,1,0.77816178472225,1.18605803415078,2000-01_2004-12,1901,1999-12,2000-01,2004-12
spei3,Padaviya,persistence,2000-04,2000-05,1,-1.49598716247456,0.77816178472225,2000-01_2004-12,1901,1999-12,2000-01,2004-12
spei3,Padaviya,persistence,2000-05,2000-06,1,-1.20643987380329,-1.49598716247456,2000-01_2004-12,1901,1999-12,2000-01,2004-12
spei3,Padaviya,persistence,2000-06,2000-07,1,-1.72240347780495,-1.20643987380329,2000-01_2004-12,1901,1999-12,2000-01,2004-12
spei3,Padaviya,persistence,2000-07,2000-08,1,0.700574530485596,-1.72240347780495,2000-01_2004-12,1901,1999-12,2000-01,2004-12
spei3,Padaviya,persistence,2000-08,2000-09,1,1.53190019075277,0.700574530485596,2000-01_2004-12,1901,1999-12,2000-01,2004-12
spei3,Padaviya,persistence,2000-09,2000-10,1,0.256521277532989,1.53190019075277,2000-01_2004-12,1901,1999-12,2000-01,2004-12
spei3,Padaviya,persistence,2000-10,2000-11,1,-0.538386171766128,0.256521277532989,2000-01_2004-12,1901,1999-12,2000-01,2004-12
spei3,Padaviya,persistence,2000-11,2000-12,1,-0.827534548199331,-0.538386171766128,2000-01_2004-12,1901,1999-12,2000-01,2004-12
spei3,Padaviya,persistence,2000-12,2001-01,1,0.197224328144209,-0.827534548199331,2000-01_2004-12,1901,1999-12,2000-01,2004-12
spei3,Padaviya,persistence,2001-01,2001-02,1,0.354432489497843,0.197224328144209,2000-01_2004-12,1901,1999-12,2000-01,2004-12
spei3,Padaviya,persistence,2001-02,2001-03,1,0.0407047270099609,0.354432489497843,2000-01_2004-12,1901,1999-12,2000-01,2004-12
spei3,Padaviya,persistence,2001-03,2001-04,1,0.0718949902692957,0.0407047270099609,2000-01_2004-12,1901,1999-12,2000-01,2004-12
spei3,Padaviya,persistence,2001-04,2001-05,1,-0.199201356064782,0.0718949902692957,2000-01_2004-12,1901,1999-12,2000-01,2004-12
spei3,Padaviya,persistence,2001-05,2001-06,1,0.641690630932888,-0.199201356064782,2000-01_2004-12,1901,1999-12,2000-01,2004-12
spei3,Padaviya,persistence,2001-06,2001-07,1,-0.965353030436594,0.641690630932888,2000-01_2004-12,1901,1999-12,2000-01,2004-12
spei3,Padaviya,persistence,2001-07,2001-08,1,-0.964584967569313,-0.965353030436594,2000-01_2004-12,1901,1999-12,2000-01,2004-12
spei3,Padaviya,persistence,2001-08,2001-09,1,-1.2851500964544,-0.964584967569313,2000-01_2004-12,1901,1999-12,2000-01,2004-12
spei3,Padaviya,persistence,2001-09,2001-10,1,-1.51544202289896,-1.2851500964544,2000-01_2004-12,1901,1999-12,2000-01,2004-12
spei3,Padaviya,persistence,2001-10,2001-11,1,-1.26546274238445,-1.51544202289896,2000-01_2004-12,1901,1999-12,2000-01,2004-12
spei3,Padaviya,persistence,2001-11,2001-12,1,-0.616199431451284,-1.26546274238445,2000-01_2004-12,1901,1999-12,2000-01,2004-12
spei3,Padaviya,persistence,2001-12,2002-01,1,-0.699690298516196,-0.616199431451284,2000-01_2004-12,1901,1999-12,2000-01,2004-12
spei3,Padaviya,persistence,2002-01,2002-02,1,-0.269625364655786,-0.699690298516196,2000-01_2004-12,1901,1999-12,2000-01,2004-12
spei3,Padaviya,persistence,2002-02,2002-03,1,-0.894031295271302,-0.269625364655786,2000-01_2004-12,1901,1999-12,2000-01,2004-12
spei3,Padaviya,persistence,2002-03,2002-04,1,-0.444581958487558,-0.894031295271302,2000-01_2004-12,1901,1999-12,2000-01,2004-12
spei3,Padaviya,persistence,2002-04,2002-05,1,-0.149061619562614,-0.444581958487558,2000-01_2004-12,1901,1999-12,2000-01,2004-12
spei3,Padaviya,persistence,2002-05,2002-06,1,0.083059477953303,-0.149061619562614,2000-01_2004-12,1901,1999-12,2000-01,2004-12
spei3,Padaviya,persistence,2002-06,2002-07,1,-0.522253888842057,0.083059477953303,2000-01_2004-12,1901,1999-12,2000-01,2004-12
spei3,Padaviya,persistence,2002-07,2002-08,1,-1.76643183674683,-0.522253888842057,2000-01_2004-12,1901,1999-12,2000-01,2004-12
spei3,Padaviya,persistence,2002-08,2002-09,1,-1.62512017810046,-1.76643183674683,2000-01_2004-12,1901,1999-12,2000-01,2004-12
spei3,Padaviya,persistence,2002-09,2002-10,1,0.422063555128572,-1.62512017810046,2000-01_2004-12,1901,1999-12,2000-01,2004-12
spei3,Padaviya,persistence,2002-10,2002-11,1,0.849444890871941,0.422063555128572,2000-01_2004-12,1901,1999-12,2000-01,2004-12
spei3,Padaviya,persistence,2002-11,2002-12,1,1.30170137751769,0.849444890871941,2000-01_2004-12,1901,1999-12,2000-01,2004-12
spei3,Padaviya,persistence,2002-12,2003-01,1,1.01295997826299,1.30170137751769,2000-01_2004-12,1901,1999-12,2000-01,2004-12
spei3,Padaviya,persistence,2003-01,2003-02,1,0.878442306530039,1.01295997826299,2000-01_2004-12,1901,1999-12,2000-01,2004-12
spei3,Padaviya,persistence,2003-02,2003-03,1,0.258997232874657,0.878442306530039,2000-01_2004-12,1901,1999-12,2000-01,2004-12
spei3,Padaviya,persistence,2003-03,2003-04,1,0.121365121885663,0.258997232874657,2000-01_2004-12,1901,1999-12,2000-01,2004-12
spei3,Padaviya,persistence,2003-04,2003-05,1,0.434777439281511,0.121365121885663,2000-01_2004-12,1901,1999-12,2000-01,2004-12
spei3,Padaviya,persistence,2003-05,2003-06,1,0.24493712473901,0.434777439281511,2000-01_2004-12,1901,1999-12,2000-01,2004-12
spei3,Padaviya,persistence,2003-06,2003-07,1,0.888427340850821,0.24493712473901,2000-01_2004-12,1901,1999-12,2000-01,2004-12
spei3,Padaviya,persistence,2003-07,2003-08,1,0.883246892618881,0.888427340850821,2000-01_2004-12,1901,1999-12,2000-01,2004-12
spei3,Padaviya,persistence,2003-08,2003-09,1,0.76610589448338,0.883246892618881,2000-01_2004-12,1901,1999-12,2000-01,2004-12
spei3,Padaviya,persistence,2003-09,2003-10,1,-0.769629130318806,0.76610589448338,2000-01_2004-12,1901,1999-12,2000-01,2004-12
spei3,Padaviya,persistence,2003-10,2003-11,1,0.489479560891733,-0.769629130318806,2000-01_2004-12,1901,1999-12,2000-01,2004-12
spei3,Padaviya,persistence,2003-11,2003-12,1,-0.889040066879008,0.489479560891733,2000-01_2004-12,1901,1999-12,2000-01,2004-12
spei3,Padaviya,persistence,2003-12,2004-01,1,-0.967570354250159,-0.889040066879008,2000-01_2004-12,1901,1999-12,2000-01,2004-12
spei3,Padaviya,persistence,2004-01,2004-02,1,-2.29208769048586,-0.967570354250159,2000-01_2004-12,1901,1999-12,2000-01,2004-12
spei3,Padaviya,persistence,2004-02,2004-03,1,-1.03365857067883,-2.29208769048586,2000-01_2004-12,1901,1999-12,2000-01,2004-12
spei3,Padaviya,persistence,2004-03,2004-04,1,-0.633528317707907,-1.03365857067883,2000-01_2004-12,1901,1999-12,2000-01,2004-12
spei3,Padaviya,persistence,2004-04,2004-05,1,0.648148774254462,-0.633528317707907,2000-01_2004-12,1901,1999-12,2000-01,2004-12
spei3,Padaviya,persistence,2004-05,2004-06,1,1.19370349834493,0.648148774254462,2000-01_2004-12,1901,1999-12,2000-01,2004-12
spei3,Padaviya,persistence,2004-06,2004-07,1,1.75208570318504,1.19370349834493,2000-01_2004-12,1901,1999-12,2000-01,2004-12
spei3,Padaviya,persistence,2004-07,2004-08,1,-0.0888637626859657,1.75208570318504,2000-01_2004-12,1901,1999-12,2000-01,2004-12
spei3,Padaviya,persistence,2004-08,2004-09,1,1.73438498199558,-0.0888637626859657,2000-01_2004-12,1901,1999-12,2000-01,2004-12
spei3,Padaviya,persistence,2004-09,2004-10,1,1.98554496716792,1.73438498199558,2000-01_2004-12,1901,1999-12,2000-01,2004-12
spei3,Padaviya,persistence,2004-10,2004-11,1,1.42135656131379,1.98554496716792,2000-01_2004-12,1901,1999-12,2000-01,2004-12
spei3,Padaviya,persistence,2004-11,2004-12,1,0.688715784244417,1.42135656131379,2000-01_2004-12,1901,1999-12,2000-01,2004-12
spei3,Tissamaharama,ridge_ar24,1999-12,2000-01,1,0.319583382161143,-0.16660308510152097,2000-01_2004-12,1901,1999-12,2000-01,2004-12
spei3,Tissamaharama,ridge_ar24,2000-01,2000-02,1,1.30772876730967,0.4533471554742257,2000-01_2004-12,1901,1999-12,2000-01,2004-12
spei3,Tissamaharama,ridge_ar24,2000-02,2000-03,1,1.6316715873808,1.0812005035291405,2000-01_2004-12,1901,1999-12,2000-01,2004-12
spei3,Tissamaharama,ridge_ar24,2000-03,2000-04,1,0.987264157054671,0.9654763851654349,2000-01_2004-12,1901,1999-12,2000-01,2004-12
spei3,Tissamaharama,ridge_ar24,2000-04,2000-05,1,-1.1094464200259,0.2899480582751928,2000-01_2004-12,1901,1999-12,2000-01,2004-12
spei3,Tissamaharama,ridge_ar24,2000-05,2000-06,1,-1.29918989963033,-1.1612202618389391,2000-01_2004-12,1901,1999-12,2000-01,2004-12
spei3,Tissamaharama,ridge_ar24,2000-06,2000-07,1,-1.3124851434925,-1.0944094226764056,2000-01_2004-12,1901,1999-12,2000-01,2004-12
spei3,Tissamaharama,ridge_ar24,2000-07,2000-08,1,0.825899705136997,-0.2205781934864338,2000-01_2004-12,1901,1999-12,2000-01,2004-12
spei3,Tissamaharama,ridge_ar24,2000-08,2000-09,1,1.01110125331039,0.8636872895338623,2000-01_2004-12,1901,1999-12,2000-01,2004-12
spei3,Tissamaharama,ridge_ar24,2000-09,2000-10,1,0.56553702159123,1.0010380092924884,2000-01_2004-12,1901,1999-12,2000-01,2004-12
spei3,Tissamaharama,ridge_ar24,2000-10,2000-11,1,-0.482264059447442,-0.2815933571698293,2000-01_2004-12,1901,1999-12,2000-01,2004-12
spei3,Tissamaharama,ridge_ar24,2000-11,2000-12,1,-1.03300087104881,-0.7317901430654241,2000-01_2004-12,1901,1999-12,2000-01,2004-12
spei3,Tissamaharama,ridge_ar24,2000-12,2001-01,1,0.405071042745915,-0.623256382953334,2000-01_2004-12,1901,1999-12,2000-01,2004-12
spei3,Tissamaharama,ridge_ar24,2001-01,2001-02,1,0.477574595706618,0.6004893448661399,2000-01_2004-12,1901,1999-12,2000-01,2004-12
spei3,Tissamaharama,ridge_ar24,2001-02,2001-03,1,0.359928374103872,0.8602756890274404,2000-01_2004-12,1901,1999-12,2000-01,2004-12
spei3,Tissamaharama,ridge_ar24,2001-03,2001-04,1,-0.304123103418732,-0.29866689069782854,2000-01_2004-12,1901,1999-12,2000-01,2004-12
spei3,Tissamaharama,ridge_ar24,2001-04,2001-05,1,-1.14089486769225,-0.3701084910799942,2000-01_2004-12,1901,1999-12,2000-01,2004-12
spei3,Tissamaharama,ridge_ar24,2001-05,2001-06,1,-0.0657538839480168,-0.8083889413061904,2000-01_2004-12,1901,1999-12,2000-01,2004-12
spei3,Tissamaharama,ridge_ar24,2001-06,2001-07,1,-1.07937523353982,0.12930072201928502,2000-01_2004-12,1901,1999-12,2000-01,2004-12
spei3,Tissamaharama,ridge_ar24,2001-07,2001-08,1,-1.08679869195647,-0.31393207399675044,2000-01_2004-12,1901,1999-12,2000-01,2004-12
spei3,Tissamaharama,ridge_ar24,2001-08,2001-09,1,-1.28864800994491,-1.424483542347892,2000-01_2004-12,1901,1999-12,2000-01,2004-12
spei3,Tissamaharama,ridge_ar24,2001-09,2001-10,1,-2.06060490595541,-0.5134997443628565,2000-01_2004-12,1901,1999-12,2000-01,2004-12
spei3,Tissamaharama,ridge_ar24,2001-10,2001-11,1,-1.26590835936742,-1.5120119811792447,2000-01_2004-12,1901,1999-12,2000-01,2004-12
spei3,Tissamaharama,ridge_ar24,2001-11,2001-12,1,-1.0290245641797,-1.053672570123996,2000-01_2004-12,1901,1999-12,2000-01,2004-12
spei3,Tissamaharama,ridge_ar24,2001-12,2002-01,1,-0.993890653422283,0.16775562841344757,2000-01_2004-12,1901,1999-12,2000-01,2004-12
spei3,Tissamaharama,ridge_ar24,2002-01,2002-02,1,-0.795643534453726,-0.8710338524765242,2000-01_2004-12,1901,1999-12,2000-01,2004-12
spei3,Tissamaharama,ridge_ar24,2002-02,2002-03,1,-1.03111332208968,-0.5814344825840945,2000-01_2004-12,1901,1999-12,2000-01,2004-12
spei3,Tissamaharama,ridge_ar24,2002-03,2002-04,1,-0.272032211302147,-0.4196509115098564,2000-01_2004-12,1901,1999-12,2000-01,2004-12
spei3,Tissamaharama,ridge_ar24,2002-04,2002-05,1,0.221834539798919,-0.11190634174309283,2000-01_2004-12,1901,1999-12,2000-01,2004-12
spei3,Tissamaharama,ridge_ar24,2002-05,2002-06,1,0.319183369303834,0.4769285970043221,2000-01_2004-12,1901,1999-12,2000-01,2004-12
spei3,Tissamaharama,ridge_ar24,2002-06,2002-07,1,-0.384567423245934,0.2735644740875764,2000-01_2004-12,1901,1999-12,2000-01,2004-12
spei3,Tissamaharama,ridge_ar24,2002-07,2002-08,1,-1.15617673522906,-0.5235719356221918,2000-01_2004-12,1901,1999-12,2000-01,2004-12
spei3,Tissamaharama,ridge_ar24,2002-08,2002-09,1,-1.2846628615394,-1.1107890749553617,2000-01_2004-12,1901,1999-12,2000-01,2004-12
spei3,Tissamaharama,ridge_ar24,2002-09,2002-10,1,-0.232072284388123,-0.5779697156016277,2000-01_2004-12,1901,1999-12,2000-01,2004-12
spei3,Tissamaharama,ridge_ar24,2002-10,2002-11,1,0.0646056477015368,0.20890275518165471,2000-01_2004-12,1901,1999-12,2000-01,2004-12
spei3,Tissamaharama,ridge_ar24,2002-11,2002-12,1,0.93970332765324,0.2567658490982528,2000-01_2004-12,1901,1999-12,2000-01,2004-12
spei3,Tissamaharama,ridge_ar24,2002-12,2003-01,1,0.933930927516128,0.5571855966553916,2000-01_2004-12,1901,1999-12,2000-01,2004-12
spei3,Tissamaharama,ridge_ar24,2003-01,2003-02,1,0.920218620881752,0.7006446982150079,2000-01_2004-12,1901,1999-12,2000-01,2004-12
spei3,Tissamaharama,ridge_ar24,2003-02,2003-03,1,0.45551741053125,0.518989098254425,2000-01_2004-12,1901,1999-12,2000-01,2004-12
spei3,Tissamaharama,ridge_ar24,2003-03,2003-04,1,-0.0258649702110359,0.10428452226403387,2000-01_2004-12,1901,1999-12,2000-01,2004-12
spei3,Tissamaharama,ridge_ar24,2003-04,2003-05,1,-0.104192397472992,-0.13075680175460833,2000-01_2004-12,1901,1999-12,2000-01,2004-12
spei3,Tissamaharama,ridge_ar24,2003-05,2003-06,1,-0.544853356897354,0.037795435102524054,2000-01_2004-12,1901,1999-12,2000-01,2004-12
spei3,Tissamaharama,ridge_ar24,2003-06,2003-07,1,0.212313540199502,-0.5295996524481923,2000-01_2004-12,1901,1999-12,2000-01,2004-12
spei3,Tissamaharama,ridge_ar24,2003-07,2003-08,1,-0.177625442638677,0.18240890205977653,2000-01_2004-12,1901,1999-12,2000-01,2004-12
spei3,Tissamaharama,ridge_ar24,2003-08,2003-09,1,-0.0155966164085549,0.10761238141512008,2000-01_2004-12,1901,1999-12,2000-01,2004-12
spei3,Tissamaharama,ridge_ar24,2003-09,2003-10,1,-1.00502776862173,-0.4638558250127794,2000-01_2004-12,1901,1999-12,2000-01,2004-12
spei3,Tissamaharama,ridge_ar24,2003-10,2003-11,1,0.589664005085042,-0.647413404796791,2000-01_2004-12,1901,1999-12,2000-01,2004-12
spei3,Tissamaharama,ridge_ar24,2003-11,2003-12,1,-0.628351921928849,0.4988154959314567,2000-01_2004-12,1901,1999-12,2000-01,2004-12
spei3,Tissamaharama,ridge_ar24,2003-12,2004-01,1,-0.895212073619065,-0.229269118860535,2000-01_2004-12,1901,1999-12,2000-01,2004-12
spei3,Tissamaharama,ridge_ar24,2004-01,2004-02,1,-2.14000526804647,-1.6449785035335098,2000-01_2004-12,1901,1999-12,2000-01,2004-12
spei3,Tissamaharama,ridge_ar24,2004-02,2004-03,1,-1.26188368338357,-1.149208054667229,2000-01_2004-12,1901,1999-12,2000-01,2004-12
spei3,Tissamaharama,ridge_ar24,2004-03,2004-04,1,-0.671526013620407,-0.5637733657537564,2000-01_2004-12,1901,1999-12,2000-01,2004-12
spei3,Tissamaharama,ridge_ar24,2004-04,2004-05,1,0.302908137892266,-0.07318534100857885,2000-01_2004-12,1901,1999-12,2000-01,2004-12
spei3,Tissamaharama,ridge_ar24,2004-05,2004-06,1,0.838584956316896,0.2987237928112309,2000-01_2004-12,1901,1999-12,2000-01,2004-12
spei3,Tissamaharama,ridge_ar24,2004-06,2004-07,1,0.864601104376668,0.9092633416745679,2000-01_2004-12,1901,1999-12,2000-01,2004-12
spei3,Tissamaharama,ridge_ar24,2004-07,2004-08,1,-0.331699781580662,0.4355386920299436,2000-01_2004-12,1901,1999-12,2000-01,2004-12
spei3,Tissamaharama,ridge_ar24,2004-08,2004-09,1,1.02435465954805,-0.6816899988604501,2000-01_2004-12,1901,1999-12,2000-01,2004-12
spei3,Tissamaharama,ridge_ar24,2004-09,2004-10,1,1.41289036615982,0.8180666668222568,2000-01_2004-12,1901,1999-12,2000-01,2004-12
spei3,Tissamaharama,ridge_ar24,2004-10,2004-11,1,1.12199065992272,1.777538841519136,2000-01_2004-12,1901,1999-12,2000-01,2004-12
spei3,Tissamaharama,ridge_ar24,2004-11,2004-12,1,0.598204668483796,-0.022518278402269727,2000-01_2004-12,1901,1999-12,2000-01,2004-12
spei3,Tissamaharama,persistence,1999-12,2000-01,1,0.319583382161143,-0.0501172339988161,2000-01_2004-12,1901,1999-12,2000-01,2004-12
spei3,Tissamaharama,persistence,2000-01,2000-02,1,1.30772876730967,0.319583382161143,2000-01_2004-12,1901,1999-12,2000-01,2004-12
spei3,Tissamaharama,persistence,2000-02,2000-03,1,1.6316715873808,1.30772876730967,2000-01_2004-12,1901,1999-12,2000-01,2004-12
spei3,Tissamaharama,persistence,2000-03,2000-04,1,0.987264157054671,1.6316715873808,2000-01_2004-12,1901,1999-12,2000-01,2004-12
spei3,Tissamaharama,persistence,2000-04,2000-05,1,-1.1094464200259,0.987264157054671,2000-01_2004-12,1901,1999-12,2000-01,2004-12
spei3,Tissamaharama,persistence,2000-05,2000-06,1,-1.29918989963033,-1.1094464200259,2000-01_2004-12,1901,1999-12,2000-01,2004-12
spei3,Tissamaharama,persistence,2000-06,2000-07,1,-1.3124851434925,-1.29918989963033,2000-01_2004-12,1901,1999-12,2000-01,2004-12
spei3,Tissamaharama,persistence,2000-07,2000-08,1,0.825899705136997,-1.3124851434925,2000-01_2004-12,1901,1999-12,2000-01,2004-12
spei3,Tissamaharama,persistence,2000-08,2000-09,1,1.01110125331039,0.825899705136997,2000-01_2004-12,1901,1999-12,2000-01,2004-12
spei3,Tissamaharama,persistence,2000-09,2000-10,1,0.56553702159123,1.01110125331039,2000-01_2004-12,1901,1999-12,2000-01,2004-12
spei3,Tissamaharama,persistence,2000-10,2000-11,1,-0.482264059447442,0.56553702159123,2000-01_2004-12,1901,1999-12,2000-01,2004-12
spei3,Tissamaharama,persistence,2000-11,2000-12,1,-1.03300087104881,-0.482264059447442,2000-01_2004-12,1901,1999-12,2000-01,2004-12
spei3,Tissamaharama,persistence,2000-12,2001-01,1,0.405071042745915,-1.03300087104881,2000-01_2004-12,1901,1999-12,2000-01,2004-12
spei3,Tissamaharama,persistence,2001-01,2001-02,1,0.477574595706618,0.405071042745915,2000-01_2004-12,1901,1999-12,2000-01,2004-12
spei3,Tissamaharama,persistence,2001-02,2001-03,1,0.359928374103872,0.477574595706618,2000-01_2004-12,1901,1999-12,2000-01,2004-12
spei3,Tissamaharama,persistence,2001-03,2001-04,1,-0.304123103418732,0.359928374103872,2000-01_2004-12,1901,1999-12,2000-01,2004-12
spei3,Tissamaharama,persistence,2001-04,2001-05,1,-1.14089486769225,-0.304123103418732,2000-01_2004-12,1901,1999-12,2000-01,2004-12
spei3,Tissamaharama,persistence,2001-05,2001-06,1,-0.0657538839480168,-1.14089486769225,2000-01_2004-12,1901,1999-12,2000-01,2004-12
spei3,Tissamaharama,persistence,2001-06,2001-07,1,-1.07937523353982,-0.0657538839480168,2000-01_2004-12,1901,1999-12,2000-01,2004-12
spei3,Tissamaharama,persistence,2001-07,2001-08,1,-1.08679869195647,-1.07937523353982,2000-01_2004-12,1901,1999-12,2000-01,2004-12
spei3,Tissamaharama,persistence,2001-08,2001-09,1,-1.28864800994491,-1.08679869195647,2000-01_2004-12,1901,1999-12,2000-01,2004-12
spei3,Tissamaharama,persistence,2001-09,2001-10,1,-2.06060490595541,-1.28864800994491,2000-01_2004-12,1901,1999-12,2000-01,2004-12
spei3,Tissamaharama,persistence,2001-10,2001-11,1,-1.26590835936742,-2.06060490595541,2000-01_2004-12,1901,1999-12,2000-01,2004-12
spei3,Tissamaharama,persistence,2001-11,2001-12,1,-1.0290245641797,-1.26590835936742,2000-01_2004-12,1901,1999-12,2000-01,2004-12
spei3,Tissamaharama,persistence,2001-12,2002-01,1,-0.993890653422283,-1.0290245641797,2000-01_2004-12,1901,1999-12,2000-01,2004-12
spei3,Tissamaharama,persistence,2002-01,2002-02,1,-0.795643534453726,-0.993890653422283,2000-01_2004-12,1901,1999-12,2000-01,2004-12
spei3,Tissamaharama,persistence,2002-02,2002-03,1,-1.03111332208968,-0.795643534453726,2000-01_2004-12,1901,1999-12,2000-01,2004-12
spei3,Tissamaharama,persistence,2002-03,2002-04,1,-0.272032211302147,-1.03111332208968,2000-01_2004-12,1901,1999-12,2000-01,2004-12
spei3,Tissamaharama,persistence,2002-04,2002-05,1,0.221834539798919,-0.272032211302147,2000-01_2004-12,1901,1999-12,2000-01,2004-12
spei3,Tissamaharama,persistence,2002-05,2002-06,1,0.319183369303834,0.221834539798919,2000-01_2004-12,1901,1999-12,2000-01,2004-12
spei3,Tissamaharama,persistence,2002-06,2002-07,1,-0.384567423245934,0.319183369303834,2000-01_2004-12,1901,1999-12,2000-01,2004-12
spei3,Tissamaharama,persistence,2002-07,2002-08,1,-1.15617673522906,-0.384567423245934,2000-01_2004-12,1901,1999-12,2000-01,2004-12
spei3,Tissamaharama,persistence,2002-08,2002-09,1,-1.2846628615394,-1.15617673522906,2000-01_2004-12,1901,1999-12,2000-01,2004-12
spei3,Tissamaharama,persistence,2002-09,2002-10,1,-0.232072284388123,-1.2846628615394,2000-01_2004-12,1901,1999-12,2000-01,2004-12
spei3,Tissamaharama,persistence,2002-10,2002-11,1,0.0646056477015368,-0.232072284388123,2000-01_2004-12,1901,1999-12,2000-01,2004-12
spei3,Tissamaharama,persistence,2002-11,2002-12,1,0.93970332765324,0.0646056477015368,2000-01_2004-12,1901,1999-12,2000-01,2004-12
spei3,Tissamaharama,persistence,2002-12,2003-01,1,0.933930927516128,0.93970332765324,2000-01_2004-12,1901,1999-12,2000-01,2004-12
spei3,Tissamaharama,persistence,2003-01,2003-02,1,0.920218620881752,0.933930927516128,2000-01_2004-12,1901,1999-12,2000-01,2004-12
spei3,Tissamaharama,persistence,2003-02,2003-03,1,0.45551741053125,0.920218620881752,2000-01_2004-12,1901,1999-12,2000-01,2004-12
spei3,Tissamaharama,persistence,2003-03,2003-04,1,-0.0258649702110359,0.45551741053125,2000-01_2004-12,1901,1999-12,2000-01,2004-12
spei3,Tissamaharama,persistence,2003-04,2003-05,1,-0.104192397472992,-0.0258649702110359,2000-01_2004-12,1901,1999-12,2000-01,2004-12
spei3,Tissamaharama,persistence,2003-05,2003-06,1,-0.544853356897354,-0.104192397472992,2000-01_2004-12,1901,1999-12,2000-01,2004-12
spei3,Tissamaharama,persistence,2003-06,2003-07,1,0.212313540199502,-0.544853356897354,2000-01_2004-12,1901,1999-12,2000-01,2004-12
spei3,Tissamaharama,persistence,2003-07,2003-08,1,-0.177625442638677,0.212313540199502,2000-01_2004-12,1901,1999-12,2000-01,2004-12
spei3,Tissamaharama,persistence,2003-08,2003-09,1,-0.0155966164085549,-0.177625442638677,2000-01_2004-12,1901,1999-12,2000-01,2004-12
spei3,Tissamaharama,persistence,2003-09,2003-10,1,-1.00502776862173,-0.0155966164085549,2000-01_2004-12,1901,1999-12,2000-01,2004-12
spei3,Tissamaharama,persistence,2003-10,2003-11,1,0.589664005085042,-1.00502776862173,2000-01_2004-12,1901,1999-12,2000-01,2004-12
spei3,Tissamaharama,persistence,2003-11,2003-12,1,-0.628351921928849,0.589664005085042,2000-01_2004-12,1901,1999-12,2000-01,2004-12
spei3,Tissamaharama,persistence,2003-12,2004-01,1,-0.895212073619065,-0.628351921928849,2000-01_2004-12,1901,1999-12,2000-01,2004-12
spei3,Tissamaharama,persistence,2004-01,2004-02,1,-2.14000526804647,-0.895212073619065,2000-01_2004-12,1901,1999-12,2000-01,2004-12
spei3,Tissamaharama,persistence,2004-02,2004-03,1,-1.26188368338357,-2.14000526804647,2000-01_2004-12,1901,1999-12,2000-01,2004-12
spei3,Tissamaharama,persistence,2004-03,2004-04,1,-0.671526013620407,-1.26188368338357,2000-01_2004-12,1901,1999-12,2000-01,2004-12
spei3,Tissamaharama,persistence,2004-04,2004-05,1,0.302908137892266,-0.671526013620407,2000-01_2004-12,1901,1999-12,2000-01,2004-12
spei3,Tissamaharama,persistence,2004-05,2004-06,1,0.838584956316896,0.302908137892266,2000-01_2004-12,1901,1999-12,2000-01,2004-12
spei3,Tissamaharama,persistence,2004-06,2004-07,1,0.864601104376668,0.838584956316896,2000-01_2004-12,1901,1999-12,2000-01,2004-12
spei3,Tissamaharama,persistence,2004-07,2004-08,1,-0.331699781580662,0.864601104376668,2000-01_2004-12,1901,1999-12,2000-01,2004-12
spei3,Tissamaharama,persistence,2004-08,2004-09,1,1.02435465954805,-0.331699781580662,2000-01_2004-12,1901,1999-12,2000-01,2004-12
spei3,Tissamaharama,persistence,2004-09,2004-10,1,1.41289036615982,1.02435465954805,2000-01_2004-12,1901,1999-12,2000-01,2004-12
spei3,Tissamaharama,persistence,2004-10,2004-11,1,1.12199065992272,1.41289036615982,2000-01_2004-12,1901,1999-12,2000-01,2004-12
spei3,Tissamaharama,persistence,2004-11,2004-12,1,0.598204668483796,1.12199065992272,2000-01_2004-12,1901,1999-12,2000-01,2004-12
spei3,Buttala,ridge_ar24,2004-12,2005-01,1,0.329231233412069,0.09190678111247691,2005-01_2009-12,1901,2004-12,2005-01,2009-12
spei3,Buttala,ridge_ar24,2005-01,2005-02,1,0.0748321944451509,0.58689457964245,2005-01_2009-12,1901,2004-12,2005-01,2009-12
spei3,Buttala,ridge_ar24,2005-02,2005-03,1,-0.507028774264663,-0.16825417598518513,2005-01_2009-12,1901,2004-12,2005-01,2009-12
spei3,Buttala,ridge_ar24,2005-03,2005-04,1,-0.699545641228268,-0.5021498092264945,2005-01_2009-12,1901,2004-12,2005-01,2009-12
spei3,Buttala,ridge_ar24,2005-04,2005-05,1,-0.362137454570904,-0.31455486524794746,2005-01_2009-12,1901,2004-12,2005-01,2009-12
spei3,Buttala,ridge_ar24,2005-05,2005-06,1,-0.464809262948927,-0.08133562629223437,2005-01_2009-12,1901,2004-12,2005-01,2009-12
spei3,Buttala,ridge_ar24,2005-06,2005-07,1,-0.752554058974872,-0.5338552152581915,2005-01_2009-12,1901,2004-12,2005-01,2009-12
spei3,Buttala,ridge_ar24,2005-07,2005-08,1,-1.31022317350223,-0.5606880140025557,2005-01_2009-12,1901,2004-12,2005-01,2009-12
spei3,Buttala,ridge_ar24,2005-08,2005-09,1,-1.33588827093428,-0.9786808537351569,2005-01_2009-12,1901,2004-12,2005-01,2009-12
spei3,Buttala,ridge_ar24,2005-09,2005-10,1,-1.13357725360209,-0.8903790229344426,2005-01_2009-12,1901,2004-12,2005-01,2009-12
spei3,Buttala,ridge_ar24,2005-10,2005-11,1,1.11376610555205,-0.523590979335275,2005-01_2009-12,1901,2004-12,2005-01,2009-12
spei3,Buttala,ridge_ar24,2005-11,2005-12,1,1.08837321429249,1.2073873166632478,2005-01_2009-12,1901,2004-12,2005-01,2009-12
spei3,Buttala,ridge_ar24,2005-12,2006-01,1,1.40925108697333,1.0603265534979072,2005-01_2009-12,1901,2004-12,2005-01,2009-12
spei3,Buttala,ridge_ar24,2006-01,2006-02,1,0.376663746690061,0.08565703508232556,2005-01_2009-12,1901,2004-12,2005-01,2009-12
spei3,Buttala,ridge_ar24,2006-02,2006-03,1,0.858724334010199,0.37975727467991366,2005-01_2009-12,1901,2004-12,2005-01,2009-12
spei3,Buttala,ridge_ar24,2006-03,2006-04,1,0.0094883104829311,0.6997524415819809,2005-01_2009-12,1901,2004-12,2005-01,2009-12
spei3,Buttala,ridge_ar24,2006-04,2006-05,1,-0.524004544038098,-0.1674964045875726,2005-01_2009-12,1901,2004-12,2005-01,2009-12
spei3,Buttala,ridge_ar24,2006-05,2006-06,1,-1.38099461487195,-0.7260620520335362,2005-01_2009-12,1901,2004-12,2005-01,2009-12
spei3,Buttala,ridge_ar24,2006-06,2006-07,1,-1.40915622541281,-0.7536670741709008,2005-01_2009-12,1901,2004-12,2005-01,2009-12
spei3,Buttala,ridge_ar24,2006-07,2006-08,1,-0.394821634215008,-1.0049275489815377,2005-01_2009-12,1901,2004-12,2005-01,2009-12
spei3,Buttala,ridge_ar24,2006-08,2006-09,1,0.954221556626179,0.07105539425941196,2005-01_2009-12,1901,2004-12,2005-01,2009-12
spei3,Buttala,ridge_ar24,2006-09,2006-10,1,1.82004163149714,1.183090088546007,2005-01_2009-12,1901,2004-12,2005-01,2009-12
spei3,Buttala,ridge_ar24,2006-10,2006-11,1,2.05626700364277,1.3199642068530457,2005-01_2009-12,1901,2004-12,2005-01,2009-12
spei3,Buttala,ridge_ar24,2006-11,2006-12,1,1.58995290214785,1.2233127701025122,2005-01_2009-12,1901,2004-12,2005-01,2009-12
spei3,Buttala,ridge_ar24,2006-12,2007-01,1,1.69039671540288,0.8698314306800253,2005-01_2009-12,1901,2004-12,2005-01,2009-12
spei3,Buttala,ridge_ar24,2007-01,2007-02,1,0.821155359646085,0.950899465654656,2005-01_2009-12,1901,2004-12,2005-01,2009-12
spei3,Buttala,ridge_ar24,2007-02,2007-03,1,0.0899833623817882,0.47243936325094665,2005-01_2009-12,1901,2004-12,2005-01,2009-12
spei3,Buttala,ridge_ar24,2007-03,2007-04,1,-0.268093128957097,-0.4202079041047621,2005-01_2009-12,1901,2004-12,2005-01,2009-12
spei3,Buttala,ridge_ar24,2007-04,2007-05,1,-0.307069861531627,-0.11293878103091584,2005-01_2009-12,1901,2004-12,2005-01,2009-12
spei3,Buttala,ridge_ar24,2007-05,2007-06,1,0.191418083663278,-0.015937039200883994,2005-01_2009-12,1901,2004-12,2005-01,2009-12
spei3,Buttala,ridge_ar24,2007-06,2007-07,1,-0.875622520019179,0.0036450952706740237,2005-01_2009-12,1901,2004-12,2005-01,2009-12
spei3,Buttala,ridge_ar24,2007-07,2007-08,1,1.27092130128884,-0.621180326801195,2005-01_2009-12,1901,2004-12,2005-01,2009-12
spei3,Buttala,ridge_ar24,2007-08,2007-09,1,1.22249020802055,0.9319179665695262,2005-01_2009-12,1901,2004-12,2005-01,2009-12
spei3,Buttala,ridge_ar24,2007-09,2007-10,1,0.876387066131395,1.591388787296572,2005-01_2009-12,1901,2004-12,2005-01,2009-12
spei3,Buttala,ridge_ar24,2007-10,2007-11,1,-1.2941582369008,-0.6272083959639129,2005-01_2009-12,1901,2004-12,2005-01,2009-12
spei3,Buttala,ridge_ar24,2007-11,2007-12,1,-1.22013649999291,-1.358680595233095,2005-01_2009-12,1901,2004-12,2005-01,2009-12
spei3,Buttala,ridge_ar24,2007-12,2008-01,1,-1.56721478098959,-0.630633136676608,2005-01_2009-12,1901,2004-12,2005-01,2009-12
spei3,Buttala,ridge_ar24,2008-01,2008-02,1,-0.485886736299564,-0.6938553373156136,2005-01_2009-12,1901,2004-12,2005-01,2009-12
spei3,Buttala,ridge_ar24,2008-02,2008-03,1,0.98637742608323,-0.398147000241957,2005-01_2009-12,1901,2004-12,2005-01,2009-12
spei3,Buttala,ridge_ar24,2008-03,2008-04,1,1.79698792216305,1.4028582016901512,2005-01_2009-12,1901,2004-12,2005-01,2009-12
spei3,Buttala,ridge_ar24,2008-04,2008-05,1,1.34967202398182,1.4215821982563333,2005-01_2009-12,1901,2004-12,2005-01,2009-12
spei3,Buttala,ridge_ar24,2008-05,2008-06,1,-0.683280265286791,0.31714221635655526,2005-01_2009-12,1901,2004-12,2005-01,2009-12
spei3,Buttala,ridge_ar24,2008-06,2008-07,1,-0.628568978898315,-0.914657424099793,2005-01_2009-12,1901,2004-12,2005-01,2009-12
spei3,Buttala,ridge_ar24,2008-07,2008-08,1,0.870712739315018,-0.505672791025741,2005-01_2009-12,1901,2004-12,2005-01,2009-12
spei3,Buttala,ridge_ar24,2008-08,2008-09,1,0.141744306843206,1.3748896321063113,2005-01_2009-12,1901,2004-12,2005-01,2009-12
spei3,Buttala,ridge_ar24,2008-09,2008-10,1,0.576603026564833,-0.005255516651551469,2005-01_2009-12,1901,2004-12,2005-01,2009-12
spei3,Buttala,ridge_ar24,2008-10,2008-11,1,0.132367376068224,-0.45021728128921323,2005-01_2009-12,1901,2004-12,2005-01,2009-12
spei3,Buttala,ridge_ar24,2008-11,2008-12,1,0.656246160602068,0.7896684246967847,2005-01_2009-12,1901,2004-12,2005-01,2009-12
spei3,Buttala,ridge_ar24,2008-12,2009-01,1,-0.0111288613129823,0.32847099081370745,2005-01_2009-12,1901,2004-12,2005-01,2009-12
spei3,Buttala,ridge_ar24,2009-01,2009-02,1,-0.503952697342561,-0.16715508359762027,2005-01_2009-12,1901,2004-12,2005-01,2009-12
spei3,Buttala,ridge_ar24,2009-02,2009-03,1,-0.540198737538804,-0.23296011694485508,2005-01_2009-12,1901,2004-12,2005-01,2009-12
spei3,Buttala,ridge_ar24,2009-03,2009-04,1,-0.54078953207911,-0.4654131370265199,2005-01_2009-12,1901,2004-12,2005-01,2009-12
spei3,Buttala,ridge_ar24,2009-04,2009-05,1,-0.536173160725281,-0.3256026487446875,2005-01_2009-12,1901,2004-12,2005-01,2009-12
spei3,Buttala,ridge_ar24,2009-05,2009-06,1,-1.07890964872787,-0.3923633833726156,2005-01_2009-12,1901,2004-12,2005-01,2009-12
spei3,Buttala,ridge_ar24,2009-06,2009-07,1,-1.23706381483174,-0.837758603581532,2005-01_2009-12,1901,2004-12,2005-01,2009-12
spei3,Buttala,ridge_ar24,2009-07,2009-08,1,0.238926026099316,-0.9784731613997864,2005-01_2009-12,1901,2004-12,2005-01,2009-12
spei3,Buttala,ridge_ar24,2009-08,2009-09,1,0.227969014792324,0.8898177992392932,2005-01_2009-12,1901,2004-12,2005-01,2009-12
spei3,Buttala,ridge_ar24,2009-09,2009-10,1,-0.184771690551565,0.5108286559523336,2005-01_2009-12,1901,2004-12,2005-01,2009-12
spei3,Buttala,ridge_ar24,2009-10,2009-11,1,-0.342286703121877,-1.015878655802957,2005-01_2009-12,1901,2004-12,2005-01,2009-12
spei3,Buttala,ridge_ar24,2009-11,2009-12,1,-0.611912188773537,-0.08109252553250804,2005-01_2009-12,1901,2004-12,2005-01,2009-12
spei3,Buttala,persistence,2004-12,2005-01,1,0.329231233412069,0.641021310275312,2005-01_2009-12,1901,2004-12,2005-01,2009-12
spei3,Buttala,persistence,2005-01,2005-02,1,0.0748321944451509,0.329231233412069,2005-01_2009-12,1901,2004-12,2005-01,2009-12
spei3,Buttala,persistence,2005-02,2005-03,1,-0.507028774264663,0.0748321944451509,2005-01_2009-12,1901,2004-12,2005-01,2009-12
spei3,Buttala,persistence,2005-03,2005-04,1,-0.699545641228268,-0.507028774264663,2005-01_2009-12,1901,2004-12,2005-01,2009-12
spei3,Buttala,persistence,2005-04,2005-05,1,-0.362137454570904,-0.699545641228268,2005-01_2009-12,1901,2004-12,2005-01,2009-12
spei3,Buttala,persistence,2005-05,2005-06,1,-0.464809262948927,-0.362137454570904,2005-01_2009-12,1901,2004-12,2005-01,2009-12
spei3,Buttala,persistence,2005-06,2005-07,1,-0.752554058974872,-0.464809262948927,2005-01_2009-12,1901,2004-12,2005-01,2009-12
spei3,Buttala,persistence,2005-07,2005-08,1,-1.31022317350223,-0.752554058974872,2005-01_2009-12,1901,2004-12,2005-01,2009-12
spei3,Buttala,persistence,2005-08,2005-09,1,-1.33588827093428,-1.31022317350223,2005-01_2009-12,1901,2004-12,2005-01,2009-12
spei3,Buttala,persistence,2005-09,2005-10,1,-1.13357725360209,-1.33588827093428,2005-01_2009-12,1901,2004-12,2005-01,2009-12
spei3,Buttala,persistence,2005-10,2005-11,1,1.11376610555205,-1.13357725360209,2005-01_2009-12,1901,2004-12,2005-01,2009-12
spei3,Buttala,persistence,2005-11,2005-12,1,1.08837321429249,1.11376610555205,2005-01_2009-12,1901,2004-12,2005-01,2009-12
spei3,Buttala,persistence,2005-12,2006-01,1,1.40925108697333,1.08837321429249,2005-01_2009-12,1901,2004-12,2005-01,2009-12
spei3,Buttala,persistence,2006-01,2006-02,1,0.376663746690061,1.40925108697333,2005-01_2009-12,1901,2004-12,2005-01,2009-12
spei3,Buttala,persistence,2006-02,2006-03,1,0.858724334010199,0.376663746690061,2005-01_2009-12,1901,2004-12,2005-01,2009-12
spei3,Buttala,persistence,2006-03,2006-04,1,0.0094883104829311,0.858724334010199,2005-01_2009-12,1901,2004-12,2005-01,2009-12
spei3,Buttala,persistence,2006-04,2006-05,1,-0.524004544038098,0.0094883104829311,2005-01_2009-12,1901,2004-12,2005-01,2009-12
spei3,Buttala,persistence,2006-05,2006-06,1,-1.38099461487195,-0.524004544038098,2005-01_2009-12,1901,2004-12,2005-01,2009-12
spei3,Buttala,persistence,2006-06,2006-07,1,-1.40915622541281,-1.38099461487195,2005-01_2009-12,1901,2004-12,2005-01,2009-12
spei3,Buttala,persistence,2006-07,2006-08,1,-0.394821634215008,-1.40915622541281,2005-01_2009-12,1901,2004-12,2005-01,2009-12
spei3,Buttala,persistence,2006-08,2006-09,1,0.954221556626179,-0.394821634215008,2005-01_2009-12,1901,2004-12,2005-01,2009-12
spei3,Buttala,persistence,2006-09,2006-10,1,1.82004163149714,0.954221556626179,2005-01_2009-12,1901,2004-12,2005-01,2009-12
spei3,Buttala,persistence,2006-10,2006-11,1,2.05626700364277,1.82004163149714,2005-01_2009-12,1901,2004-12,2005-01,2009-12
spei3,Buttala,persistence,2006-11,2006-12,1,1.58995290214785,2.05626700364277,2005-01_2009-12,1901,2004-12,2005-01,2009-12
spei3,Buttala,persistence,2006-12,2007-01,1,1.69039671540288,1.58995290214785,2005-01_2009-12,1901,2004-12,2005-01,2009-12
spei3,Buttala,persistence,2007-01,2007-02,1,0.821155359646085,1.69039671540288,2005-01_2009-12,1901,2004-12,2005-01,2009-12
spei3,Buttala,persistence,2007-02,2007-03,1,0.0899833623817882,0.821155359646085,2005-01_2009-12,1901,2004-12,2005-01,2009-12
spei3,Buttala,persistence,2007-03,2007-04,1,-0.268093128957097,0.0899833623817882,2005-01_2009-12,1901,2004-12,2005-01,2009-12
spei3,Buttala,persistence,2007-04,2007-05,1,-0.307069861531627,-0.268093128957097,2005-01_2009-12,1901,2004-12,2005-01,2009-12
spei3,Buttala,persistence,2007-05,2007-06,1,0.191418083663278,-0.307069861531627,2005-01_2009-12,1901,2004-12,2005-01,2009-12
spei3,Buttala,persistence,2007-06,2007-07,1,-0.875622520019179,0.191418083663278,2005-01_2009-12,1901,2004-12,2005-01,2009-12
spei3,Buttala,persistence,2007-07,2007-08,1,1.27092130128884,-0.875622520019179,2005-01_2009-12,1901,2004-12,2005-01,2009-12
spei3,Buttala,persistence,2007-08,2007-09,1,1.22249020802055,1.27092130128884,2005-01_2009-12,1901,2004-12,2005-01,2009-12
spei3,Buttala,persistence,2007-09,2007-10,1,0.876387066131395,1.22249020802055,2005-01_2009-12,1901,2004-12,2005-01,2009-12
spei3,Buttala,persistence,2007-10,2007-11,1,-1.2941582369008,0.876387066131395,2005-01_2009-12,1901,2004-12,2005-01,2009-12
spei3,Buttala,persistence,2007-11,2007-12,1,-1.22013649999291,-1.2941582369008,2005-01_2009-12,1901,2004-12,2005-01,2009-12
spei3,Buttala,persistence,2007-12,2008-01,1,-1.56721478098959,-1.22013649999291,2005-01_2009-12,1901,2004-12,2005-01,2009-12
spei3,Buttala,persistence,2008-01,2008-02,1,-0.485886736299564,-1.56721478098959,2005-01_2009-12,1901,2004-12,2005-01,2009-12
spei3,Buttala,persistence,2008-02,2008-03,1,0.98637742608323,-0.485886736299564,2005-01_2009-12,1901,2004-12,2005-01,2009-12
spei3,Buttala,persistence,2008-03,2008-04,1,1.79698792216305,0.98637742608323,2005-01_2009-12,1901,2004-12,2005-01,2009-12
spei3,Buttala,persistence,2008-04,2008-05,1,1.34967202398182,1.79698792216305,2005-01_2009-12,1901,2004-12,2005-01,2009-12
spei3,Buttala,persistence,2008-05,2008-06,1,-0.683280265286791,1.34967202398182,2005-01_2009-12,1901,2004-12,2005-01,2009-12
spei3,Buttala,persistence,2008-06,2008-07,1,-0.628568978898315,-0.683280265286791,2005-01_2009-12,1901,2004-12,2005-01,2009-12
spei3,Buttala,persistence,2008-07,2008-08,1,0.870712739315018,-0.628568978898315,2005-01_2009-12,1901,2004-12,2005-01,2009-12
spei3,Buttala,persistence,2008-08,2008-09,1,0.141744306843206,0.870712739315018,2005-01_2009-12,1901,2004-12,2005-01,2009-12
spei3,Buttala,persistence,2008-09,2008-10,1,0.576603026564833,0.141744306843206,2005-01_2009-12,1901,2004-12,2005-01,2009-12
spei3,Buttala,persistence,2008-10,2008-11,1,0.132367376068224,0.576603026564833,2005-01_2009-12,1901,2004-12,2005-01,2009-12
spei3,Buttala,persistence,2008-11,2008-12,1,0.656246160602068,0.132367376068224,2005-01_2009-12,1901,2004-12,2005-01,2009-12
spei3,Buttala,persistence,2008-12,2009-01,1,-0.0111288613129823,0.656246160602068,2005-01_2009-12,1901,2004-12,2005-01,2009-12
spei3,Buttala,persistence,2009-01,2009-02,1,-0.503952697342561,-0.0111288613129823,2005-01_2009-12,1901,2004-12,2005-01,2009-12
spei3,Buttala,persistence,2009-02,2009-03,1,-0.540198737538804,-0.503952697342561,2005-01_2009-12,1901,2004-12,2005-01,2009-12
spei3,Buttala,persistence,2009-03,2009-04,1,-0.54078953207911,-0.540198737538804,2005-01_2009-12,1901,2004-12,2005-01,2009-12
spei3,Buttala,persistence,2009-04,2009-05,1,-0.536173160725281,-0.54078953207911,2005-01_2009-12,1901,2004-12,2005-01,2009-12
spei3,Buttala,persistence,2009-05,2009-06,1,-1.07890964872787,-0.536173160725281,2005-01_2009-12,1901,2004-12,2005-01,2009-12
spei3,Buttala,persistence,2009-06,2009-07,1,-1.23706381483174,-1.07890964872787,2005-01_2009-12,1901,2004-12,2005-01,2009-12
spei3,Buttala,persistence,2009-07,2009-08,1,0.238926026099316,-1.23706381483174,2005-01_2009-12,1901,2004-12,2005-01,2009-12
spei3,Buttala,persistence,2009-08,2009-09,1,0.227969014792324,0.238926026099316,2005-01_2009-12,1901,2004-12,2005-01,2009-12
spei3,Buttala,persistence,2009-09,2009-10,1,-0.184771690551565,0.227969014792324,2005-01_2009-12,1901,2004-12,2005-01,2009-12
spei3,Buttala,persistence,2009-10,2009-11,1,-0.342286703121877,-0.184771690551565,2005-01_2009-12,1901,2004-12,2005-01,2009-12
spei3,Buttala,persistence,2009-11,2009-12,1,-0.611912188773537,-0.342286703121877,2005-01_2009-12,1901,2004-12,2005-01,2009-12
spei3,Padaviya,ridge_ar24,2004-12,2005-01,1,0.172054240543314,-0.01809590301729078,2005-01_2009-12,1901,2004-12,2005-01,2009-12
spei3,Padaviya,ridge_ar24,2005-01,2005-02,1,0.129324296007063,0.4097196160628475,2005-01_2009-12,1901,2004-12,2005-01,2009-12
spei3,Padaviya,ridge_ar24,2005-02,2005-03,1,-0.549507866057285,-0.18834760629093533,2005-01_2009-12,1901,2004-12,2005-01,2009-12
spei3,Padaviya,ridge_ar24,2005-03,2005-04,1,-0.503268023430442,-0.5382015608681481,2005-01_2009-12,1901,2004-12,2005-01,2009-12
spei3,Padaviya,ridge_ar24,2005-04,2005-05,1,-0.0727949724396698,-0.284599537892755,2005-01_2009-12,1901,2004-12,2005-01,2009-12
spei3,Padaviya,ridge_ar24,2005-05,2005-06,1,0.200129019312267,0.0667906784859725,2005-01_2009-12,1901,2004-12,2005-01,2009-12
spei3,Padaviya,ridge_ar24,2005-06,2005-07,1,-0.639981835720345,0.017110896318790977,2005-01_2009-12,1901,2004-12,2005-01,2009-12
spei3,Padaviya,ridge_ar24,2005-07,2005-08,1,-1.1279405764653,-0.5617951856246887,2005-01_2009-12,1901,2004-12,2005-01,2009-12
spei3,Padaviya,ridge_ar24,2005-08,2005-09,1,-1.75768286720679,-0.8913608523515789,2005-01_2009-12,1901,2004-12,2005-01,2009-12
spei3,Padaviya,ridge_ar24,2005-09,2005-10,1,-1.01287025504154,-0.956598337674433,2005-01_2009-12,1901,2004-12,2005-01,2009-12
spei3,Padaviya,ridge_ar24,2005-10,2005-11,1,0.992095040245713,-0.41742178709315475,2005-01_2009-12,1901,2004-12,2005-01,2009-12
spei3,Padaviya,ridge_ar24,2005-11,2005-12,1,1.01523459176828,1.191234661376072,2005-01_2009-12,1901,2004-12,2005-01,2009-12
spei3,Padaviya,ridge_ar24,2005-12,2006-01,1,1.35306688308828,0.685419784335683,2005-01_2009-12,1901,2004-12,2005-01,2009-12
spei3,Padaviya,ridge_ar24,2006-01,2006-02,1,0.301048784885506,0.21265114707445876,2005-01_2009-12,1901,2004-12,2005-01,2009-12
spei3,Padaviya,ridge_ar24,2006-02,2006-03,1,0.91388872270015,0.3339158330440738,2005-01_2009-12,1901,2004-12,2005-01,2009-12
spei3,Padaviya,ridge_ar24,2006-03,2006-04,1,0.392536324913207,0.6572410416173228,2005-01_2009-12,1901,2004-12,2005-01,2009-12
spei3,Padaviya,ridge_ar24,2006-04,2006-05,1,0.416561878198917,0.20138458185610442,2005-01_2009-12,1901,2004-12,2005-01,2009-12
spei3,Padaviya,ridge_ar24,2006-05,2006-06,1,-1.2597691262684,0.019702187946797508,2005-01_2009-12,1901,2004-12,2005-01,2009-12
spei3,Padaviya,ridge_ar24,2006-06,2006-07,1,-1.73009308171775,-0.9983008206322775,2005-01_2009-12,1901,2004-12,2005-01,2009-12
spei3,Padaviya,ridge_ar24,2006-07,2006-08,1,-0.386426922267837,-1.4687269750054177,2005-01_2009-12,1901,2004-12,2005-01,2009-12
spei3,Padaviya,ridge_ar24,2006-08,2006-09,1,-0.164016895862371,0.21145230857979805,2005-01_2009-12,1901,2004-12,2005-01,2009-12
spei3,Padaviya,ridge_ar24,2006-09,2006-10,1,1.53498929336281,0.19778419878817488,2005-01_2009-12,1901,2004-12,2005-01,2009-12
spei3,Padaviya,ridge_ar24,2006-10,2006-11,1,1.98584014156995,0.7147584785622005,2005-01_2009-12,1901,2004-12,2005-01,2009-12
spei3,Padaviya,ridge_ar24,2006-11,2006-12,1,1.27667051785058,1.6984400930615295,2005-01_2009-12,1901,2004-12,2005-01,2009-12
spei3,Padaviya,ridge_ar24,2006-12,2007-01,1,0.789028580998505,0.43321516865546755,2005-01_2009-12,1901,2004-12,2005-01,2009-12
spei3,Padaviya,ridge_ar24,2007-01,2007-02,1,-0.394570903016919,0.07812926055561159,2005-01_2009-12,1901,2004-12,2005-01,2009-12
spei3,Padaviya,ridge_ar24,2007-02,2007-03,1,-0.268999208660951,-0.0345230724737326,2005-01_2009-12,1901,2004-12,2005-01,2009-12
spei3,Padaviya,ridge_ar24,2007-03,2007-04,1,-0.517637707640854,-0.3859661688099059,2005-01_2009-12,1901,2004-12,2005-01,2009-12
spei3,Padaviya,ridge_ar24,2007-04,2007-05,1,-0.254550486286934,-0.15190727137035467,2005-01_2009-12,1901,2004-12,2005-01,2009-12
spei3,Padaviya,ridge_ar24,2007-05,2007-06,1,0.28949874915185,-0.17536248701968293,2005-01_2009-12,1901,2004-12,2005-01,2009-12
spei3,Padaviya,ridge_ar24,2007-06,2007-07,1,-0.121121891812364,0.18951211137881394,2005-01_2009-12,1901,2004-12,2005-01,2009-12
spei3,Padaviya,ridge_ar24,2007-07,2007-08,1,0.88596773381284,-0.08085904022380143,2005-01_2009-12,1901,2004-12,2005-01,2009-12
spei3,Padaviya,ridge_ar24,2007-08,2007-09,1,0.417878727952215,0.4460299118679757,2005-01_2009-12,1901,2004-12,2005-01,2009-12
spei3,Padaviya,ridge_ar24,2007-09,2007-10,1,0.274065907196859,0.5055203711968547,2005-01_2009-12,1901,2004-12,2005-01,2009-12
spei3,Padaviya,ridge_ar24,2007-10,2007-11,1,-0.907382577407498,-0.3136601476312784,2005-01_2009-12,1901,2004-12,2005-01,2009-12
spei3,Padaviya,ridge_ar24,2007-11,2007-12,1,-0.583245402074193,-0.7212819194566797,2005-01_2009-12,1901,2004-12,2005-01,2009-12
spei3,Padaviya,ridge_ar24,2007-12,2008-01,1,-1.10779206738727,-0.3921646257888168,2005-01_2009-12,1901,2004-12,2005-01,2009-12
spei3,Padaviya,ridge_ar24,2008-01,2008-02,1,-0.149977587882265,-0.5415793508149532,2005-01_2009-12,1901,2004-12,2005-01,2009-12
spei3,Padaviya,ridge_ar24,2008-02,2008-03,1,0.622702778846723,-0.1466925655145747,2005-01_2009-12,1901,2004-12,2005-01,2009-12
spei3,Padaviya,ridge_ar24,2008-03,2008-04,1,1.39415674229916,0.7874450633071693,2005-01_2009-12,1901,2004-12,2005-01,2009-12
spei3,Padaviya,ridge_ar24,2008-04,2008-05,1,1.06091360908128,1.0672394966257868,2005-01_2009-12,1901,2004-12,2005-01,2009-12
spei3,Padaviya,ridge_ar24,2008-05,2008-06,1,-0.590649274785192,0.415421666842842,2005-01_2009-12,1901,2004-12,2005-01,2009-12
spei3,Padaviya,ridge_ar24,2008-06,2008-07,1,-0.857071270466035,-0.6909463443419902,2005-01_2009-12,1901,2004-12,2005-01,2009-12
spei3,Padaviya,ridge_ar24,2008-07,2008-08,1,1.97983048520467,-0.6926527206773757,2005-01_2009-12,1901,2004-12,2005-01,2009-12
spei3,Padaviya,ridge_ar24,2008-08,2008-09,1,1.15318027361599,1.897854788835325,2005-01_2009-12,1901,2004-12,2005-01,2009-12
spei3,Padaviya,ridge_ar24,2008-09,2008-10,1,1.02293613084533,0.8289883864785237,2005-01_2009-12,1901,2004-12,2005-01,2009-12
spei3,Padaviya,ridge_ar24,2008-10,2008-11,1,0.11599901067126,-0.6276497723248039,2005-01_2009-12,1901,2004-12,2005-01,2009-12
spei3,Padaviya,ridge_ar24,2008-11,2008-12,1,1.17852868886288,0.42384728473286315,2005-01_2009-12,1901,2004-12,2005-01,2009-12
spei3,Padaviya,ridge_ar24,2008-12,2009-01,1,0.920087501953504,0.9741225143237133,2005-01_2009-12,1901,2004-12,2005-01,2009-12
spei3,Padaviya,ridge_ar24,2009-01,2009-02,1,0.509199515888518,0.4987551543682802,2005-01_2009-12,1901,2004-12,2005-01,2009-12
spei3,Padaviya,ridge_ar24,2009-02,2009-03,1,-0.397867976791432,0.05057303792198156,2005-01_2009-12,1901,2004-12,2005-01,2009-12
spei3,Padaviya,ridge_ar24,2009-03,2009-04,1,0.150590809586811,-0.4885961791564292,2005-01_2009-12,1901,2004-12,2005-01,2009-12
spei3,Padaviya,ridge_ar24,2009-04,2009-05,1,0.665340748305761,0.08860355649740867,2005-01_2009-12,1901,2004-12,2005-01,2009-12
spei3,Padaviya,ridge_ar24,2009-05,2009-06,1,-0.349596812915402,0.6647043046760623,2005-01_2009-12,1901,2004-12,2005-01,2009-12
spei3,Padaviya,ridge_ar24,2009-06,2009-07,1,-1.52852247521767,-0.5754454563018595,2005-01_2009-12,1901,2004-12,2005-01,2009-12
spei3,Padaviya,ridge_ar24,2009-07,2009-08,1,0.745612091405169,-1.5478158593484062,2005-01_2009-12,1901,2004-12,2005-01,2009-12
spei3,Padaviya,ridge_ar24,2009-08,2009-09,1,0.145309818332265,1.1649069506712049,2005-01_2009-12,1901,2004-12,2005-01,2009-12
spei3,Padaviya,ridge_ar24,2009-09,2009-10,1,-0.550520036898952,0.6565248458217368,2005-01_2009-12,1901,2004-12,2005-01,2009-12
spei3,Padaviya,ridge_ar24,2009-10,2009-11,1,0.497875450320135,-1.5252293230525702,2005-01_2009-12,1901,2004-12,2005-01,2009-12
spei3,Padaviya,ridge_ar24,2009-11,2009-12,1,0.57040553286812,0.6083193519575947,2005-01_2009-12,1901,2004-12,2005-01,2009-12
spei3,Padaviya,persistence,2004-12,2005-01,1,0.172054240543314,0.688715784244417,2005-01_2009-12,1901,2004-12,2005-01,2009-12
spei3,Padaviya,persistence,2005-01,2005-02,1,0.129324296007063,0.172054240543314,2005-01_2009-12,1901,2004-12,2005-01,2009-12
spei3,Padaviya,persistence,2005-02,2005-03,1,-0.549507866057285,0.129324296007063,2005-01_2009-12,1901,2004-12,2005-01,2009-12
spei3,Padaviya,persistence,2005-03,2005-04,1,-0.503268023430442,-0.549507866057285,2005-01_2009-12,1901,2004-12,2005-01,2009-12
spei3,Padaviya,persistence,2005-04,2005-05,1,-0.0727949724396698,-0.503268023430442,2005-01_2009-12,1901,2004-12,2005-01,2009-12
spei3,Padaviya,persistence,2005-05,2005-06,1,0.200129019312267,-0.0727949724396698,2005-01_2009-12,1901,2004-12,2005-01,2009-12
spei3,Padaviya,persistence,2005-06,2005-07,1,-0.639981835720345,0.200129019312267,2005-01_2009-12,1901,2004-12,2005-01,2009-12
spei3,Padaviya,persistence,2005-07,2005-08,1,-1.1279405764653,-0.639981835720345,2005-01_2009-12,1901,2004-12,2005-01,2009-12
spei3,Padaviya,persistence,2005-08,2005-09,1,-1.75768286720679,-1.1279405764653,2005-01_2009-12,1901,2004-12,2005-01,2009-12
spei3,Padaviya,persistence,2005-09,2005-10,1,-1.01287025504154,-1.75768286720679,2005-01_2009-12,1901,2004-12,2005-01,2009-12
spei3,Padaviya,persistence,2005-10,2005-11,1,0.992095040245713,-1.01287025504154,2005-01_2009-12,1901,2004-12,2005-01,2009-12
spei3,Padaviya,persistence,2005-11,2005-12,1,1.01523459176828,0.992095040245713,2005-01_2009-12,1901,2004-12,2005-01,2009-12
spei3,Padaviya,persistence,2005-12,2006-01,1,1.35306688308828,1.01523459176828,2005-01_2009-12,1901,2004-12,2005-01,2009-12
spei3,Padaviya,persistence,2006-01,2006-02,1,0.301048784885506,1.35306688308828,2005-01_2009-12,1901,2004-12,2005-01,2009-12
spei3,Padaviya,persistence,2006-02,2006-03,1,0.91388872270015,0.301048784885506,2005-01_2009-12,1901,2004-12,2005-01,2009-12
spei3,Padaviya,persistence,2006-03,2006-04,1,0.392536324913207,0.91388872270015,2005-01_2009-12,1901,2004-12,2005-01,2009-12
spei3,Padaviya,persistence,2006-04,2006-05,1,0.416561878198917,0.392536324913207,2005-01_2009-12,1901,2004-12,2005-01,2009-12
spei3,Padaviya,persistence,2006-05,2006-06,1,-1.2597691262684,0.416561878198917,2005-01_2009-12,1901,2004-12,2005-01,2009-12
spei3,Padaviya,persistence,2006-06,2006-07,1,-1.73009308171775,-1.2597691262684,2005-01_2009-12,1901,2004-12,2005-01,2009-12
spei3,Padaviya,persistence,2006-07,2006-08,1,-0.386426922267837,-1.73009308171775,2005-01_2009-12,1901,2004-12,2005-01,2009-12
spei3,Padaviya,persistence,2006-08,2006-09,1,-0.164016895862371,-0.386426922267837,2005-01_2009-12,1901,2004-12,2005-01,2009-12
spei3,Padaviya,persistence,2006-09,2006-10,1,1.53498929336281,-0.164016895862371,2005-01_2009-12,1901,2004-12,2005-01,2009-12
spei3,Padaviya,persistence,2006-10,2006-11,1,1.98584014156995,1.53498929336281,2005-01_2009-12,1901,2004-12,2005-01,2009-12
spei3,Padaviya,persistence,2006-11,2006-12,1,1.27667051785058,1.98584014156995,2005-01_2009-12,1901,2004-12,2005-01,2009-12
spei3,Padaviya,persistence,2006-12,2007-01,1,0.789028580998505,1.27667051785058,2005-01_2009-12,1901,2004-12,2005-01,2009-12
spei3,Padaviya,persistence,2007-01,2007-02,1,-0.394570903016919,0.789028580998505,2005-01_2009-12,1901,2004-12,2005-01,2009-12
spei3,Padaviya,persistence,2007-02,2007-03,1,-0.268999208660951,-0.394570903016919,2005-01_2009-12,1901,2004-12,2005-01,2009-12
spei3,Padaviya,persistence,2007-03,2007-04,1,-0.517637707640854,-0.268999208660951,2005-01_2009-12,1901,2004-12,2005-01,2009-12
spei3,Padaviya,persistence,2007-04,2007-05,1,-0.254550486286934,-0.517637707640854,2005-01_2009-12,1901,2004-12,2005-01,2009-12
spei3,Padaviya,persistence,2007-05,2007-06,1,0.28949874915185,-0.254550486286934,2005-01_2009-12,1901,2004-12,2005-01,2009-12
spei3,Padaviya,persistence,2007-06,2007-07,1,-0.121121891812364,0.28949874915185,2005-01_2009-12,1901,2004-12,2005-01,2009-12
spei3,Padaviya,persistence,2007-07,2007-08,1,0.88596773381284,-0.121121891812364,2005-01_2009-12,1901,2004-12,2005-01,2009-12
spei3,Padaviya,persistence,2007-08,2007-09,1,0.417878727952215,0.88596773381284,2005-01_2009-12,1901,2004-12,2005-01,2009-12
spei3,Padaviya,persistence,2007-09,2007-10,1,0.274065907196859,0.417878727952215,2005-01_2009-12,1901,2004-12,2005-01,2009-12
spei3,Padaviya,persistence,2007-10,2007-11,1,-0.907382577407498,0.274065907196859,2005-01_2009-12,1901,2004-12,2005-01,2009-12
spei3,Padaviya,persistence,2007-11,2007-12,1,-0.583245402074193,-0.907382577407498,2005-01_2009-12,1901,2004-12,2005-01,2009-12
spei3,Padaviya,persistence,2007-12,2008-01,1,-1.10779206738727,-0.583245402074193,2005-01_2009-12,1901,2004-12,2005-01,2009-12
spei3,Padaviya,persistence,2008-01,2008-02,1,-0.149977587882265,-1.10779206738727,2005-01_2009-12,1901,2004-12,2005-01,2009-12
spei3,Padaviya,persistence,2008-02,2008-03,1,0.622702778846723,-0.149977587882265,2005-01_2009-12,1901,2004-12,2005-01,2009-12
spei3,Padaviya,persistence,2008-03,2008-04,1,1.39415674229916,0.622702778846723,2005-01_2009-12,1901,2004-12,2005-01,2009-12
spei3,Padaviya,persistence,2008-04,2008-05,1,1.06091360908128,1.39415674229916,2005-01_2009-12,1901,2004-12,2005-01,2009-12
spei3,Padaviya,persistence,2008-05,2008-06,1,-0.590649274785192,1.06091360908128,2005-01_2009-12,1901,2004-12,2005-01,2009-12
spei3,Padaviya,persistence,2008-06,2008-07,1,-0.857071270466035,-0.590649274785192,2005-01_2009-12,1901,2004-12,2005-01,2009-12
spei3,Padaviya,persistence,2008-07,2008-08,1,1.97983048520467,-0.857071270466035,2005-01_2009-12,1901,2004-12,2005-01,2009-12
spei3,Padaviya,persistence,2008-08,2008-09,1,1.15318027361599,1.97983048520467,2005-01_2009-12,1901,2004-12,2005-01,2009-12
spei3,Padaviya,persistence,2008-09,2008-10,1,1.02293613084533,1.15318027361599,2005-01_2009-12,1901,2004-12,2005-01,2009-12
spei3,Padaviya,persistence,2008-10,2008-11,1,0.11599901067126,1.02293613084533,2005-01_2009-12,1901,2004-12,2005-01,2009-12
spei3,Padaviya,persistence,2008-11,2008-12,1,1.17852868886288,0.11599901067126,2005-01_2009-12,1901,2004-12,2005-01,2009-12
spei3,Padaviya,persistence,2008-12,2009-01,1,0.920087501953504,1.17852868886288,2005-01_2009-12,1901,2004-12,2005-01,2009-12
spei3,Padaviya,persistence,2009-01,2009-02,1,0.509199515888518,0.920087501953504,2005-01_2009-12,1901,2004-12,2005-01,2009-12
spei3,Padaviya,persistence,2009-02,2009-03,1,-0.397867976791432,0.509199515888518,2005-01_2009-12,1901,2004-12,2005-01,2009-12
spei3,Padaviya,persistence,2009-03,2009-04,1,0.150590809586811,-0.397867976791432,2005-01_2009-12,1901,2004-12,2005-01,2009-12
spei3,Padaviya,persistence,2009-04,2009-05,1,0.665340748305761,0.150590809586811,2005-01_2009-12,1901,2004-12,2005-01,2009-12
spei3,Padaviya,persistence,2009-05,2009-06,1,-0.349596812915402,0.665340748305761,2005-01_2009-12,1901,2004-12,2005-01,2009-12
spei3,Padaviya,persistence,2009-06,2009-07,1,-1.52852247521767,-0.349596812915402,2005-01_2009-12,1901,2004-12,2005-01,2009-12
spei3,Padaviya,persistence,2009-07,2009-08,1,0.745612091405169,-1.52852247521767,2005-01_2009-12,1901,2004-12,2005-01,2009-12
spei3,Padaviya,persistence,2009-08,2009-09,1,0.145309818332265,0.745612091405169,2005-01_2009-12,1901,2004-12,2005-01,2009-12
spei3,Padaviya,persistence,2009-09,2009-10,1,-0.550520036898952,0.145309818332265,2005-01_2009-12,1901,2004-12,2005-01,2009-12
spei3,Padaviya,persistence,2009-10,2009-11,1,0.497875450320135,-0.550520036898952,2005-01_2009-12,1901,2004-12,2005-01,2009-12
spei3,Padaviya,persistence,2009-11,2009-12,1,0.57040553286812,0.497875450320135,2005-01_2009-12,1901,2004-12,2005-01,2009-12
spei3,Tissamaharama,ridge_ar24,2004-12,2005-01,1,0.301470302195334,0.09182909335400606,2005-01_2009-12,1901,2004-12,2005-01,2009-12
spei3,Tissamaharama,ridge_ar24,2005-01,2005-02,1,0.0308161969974664,0.6218495134518836,2005-01_2009-12,1901,2004-12,2005-01,2009-12
spei3,Tissamaharama,ridge_ar24,2005-02,2005-03,1,-0.592949747959621,-0.25454394576216127,2005-01_2009-12,1901,2004-12,2005-01,2009-12
spei3,Tissamaharama,ridge_ar24,2005-03,2005-04,1,-0.795079799695937,-0.5969417321703336,2005-01_2009-12,1901,2004-12,2005-01,2009-12
spei3,Tissamaharama,ridge_ar24,2005-04,2005-05,1,-0.488872005019123,-0.3251169691784403,2005-01_2009-12,1901,2004-12,2005-01,2009-12
spei3,Tissamaharama,ridge_ar24,2005-05,2005-06,1,-0.626228789867254,-0.14742138240912273,2005-01_2009-12,1901,2004-12,2005-01,2009-12
spei3,Tissamaharama,ridge_ar24,2005-06,2005-07,1,-0.792386904868055,-0.6603363107682848,2005-01_2009-12,1901,2004-12,2005-01,2009-12
spei3,Tissamaharama,ridge_ar24,2005-07,2005-08,1,-1.3856921072558,-0.5634374331928487,2005-01_2009-12,1901,2004-12,2005-01,2009-12
spei3,Tissamaharama,ridge_ar24,2005-08,2005-09,1,-1.31194790946483,-1.0090440665003775,2005-01_2009-12,1901,2004-12,2005-01,2009-12
spei3,Tissamaharama,ridge_ar24,2005-09,2005-10,1,-1.05794512738691,-0.8999736526795871,2005-01_2009-12,1901,2004-12,2005-01,2009-12
spei3,Tissamaharama,ridge_ar24,2005-10,2005-11,1,1.13156174907891,-0.4715708297905404,2005-01_2009-12,1901,2004-12,2005-01,2009-12
spei3,Tissamaharama,ridge_ar24,2005-11,2005-12,1,1.14535281401203,1.22011577052536,2005-01_2009-12,1901,2004-12,2005-01,2009-12
spei3,Tissamaharama,ridge_ar24,2005-12,2006-01,1,1.51340515331574,1.075165508900368,2005-01_2009-12,1901,2004-12,2005-01,2009-12
spei3,Tissamaharama,ridge_ar24,2006-01,2006-02,1,0.406228618998502,0.20192939447481834,2005-01_2009-12,1901,2004-12,2005-01,2009-12
spei3,Tissamaharama,ridge_ar24,2006-02,2006-03,1,0.864999870981661,0.37391772109844396,2005-01_2009-12,1901,2004-12,2005-01,2009-12
spei3,Tissamaharama,ridge_ar24,2006-03,2006-04,1,-0.0194944188257017,0.6254784690972328,2005-01_2009-12,1901,2004-12,2005-01,2009-12
spei3,Tissamaharama,ridge_ar24,2006-04,2006-05,1,-0.612200322426173,-0.13124899495230904,2005-01_2009-12,1901,2004-12,2005-01,2009-12
spei3,Tissamaharama,ridge_ar24,2006-05,2006-06,1,-1.34744176163053,-0.7985757400324563,2005-01_2009-12,1901,2004-12,2005-01,2009-12
spei3,Tissamaharama,ridge_ar24,2006-06,2006-07,1,-1.3308576025139,-0.7076723316870017,2005-01_2009-12,1901,2004-12,2005-01,2009-12
spei3,Tissamaharama,ridge_ar24,2006-07,2006-08,1,-0.309997271845201,-0.8491590046357986,2005-01_2009-12,1901,2004-12,2005-01,2009-12
spei3,Tissamaharama,ridge_ar24,2006-08,2006-09,1,1.09193401266544,0.0851937611264344,2005-01_2009-12,1901,2004-12,2005-01,2009-12
spei3,Tissamaharama,ridge_ar24,2006-09,2006-10,1,1.84301997438046,1.2711989206588734,2005-01_2009-12,1901,2004-12,2005-01,2009-12
spei3,Tissamaharama,ridge_ar24,2006-10,2006-11,1,2.01460828730714,1.3844490402631795,2005-01_2009-12,1901,2004-12,2005-01,2009-12
spei3,Tissamaharama,ridge_ar24,2006-11,2006-12,1,1.66288759498008,1.0721903653144977,2005-01_2009-12,1901,2004-12,2005-01,2009-12
spei3,Tissamaharama,ridge_ar24,2006-12,2007-01,1,1.78923853153404,0.9494748858817987,2005-01_2009-12,1901,2004-12,2005-01,2009-12
spei3,Tissamaharama,ridge_ar24,2007-01,2007-02,1,0.874147036916879,1.0972785045677682,2005-01_2009-12,1901,2004-12,2005-01,2009-12
spei3,Tissamaharama,ridge_ar24,2007-02,2007-03,1,0.0219803420451528,0.37229796442144575,2005-01_2009-12,1901,2004-12,2005-01,2009-12
spei3,Tissamaharama,ridge_ar24,2007-03,2007-04,1,-0.304145306298306,-0.48642074535150787,2005-01_2009-12,1901,2004-12,2005-01,2009-12
spei3,Tissamaharama,ridge_ar24,2007-04,2007-05,1,-0.469692065456354,-0.0805373040766999,2005-01_2009-12,1901,2004-12,2005-01,2009-12
spei3,Tissamaharama,ridge_ar24,2007-05,2007-06,1,0.0251447709507249,-0.14568478781889244,2005-01_2009-12,1901,2004-12,2005-01,2009-12
spei3,Tissamaharama,ridge_ar24,2007-06,2007-07,1,-0.993857122594572,-0.13991310617384445,2005-01_2009-12,1901,2004-12,2005-01,2009-12
spei3,Tissamaharama,ridge_ar24,2007-07,2007-08,1,1.26728735345205,-0.6236227902180937,2005-01_2009-12,1901,2004-12,2005-01,2009-12
spei3,Tissamaharama,ridge_ar24,2007-08,2007-09,1,1.28985998837878,0.9727120841367638,2005-01_2009-12,1901,2004-12,2005-01,2009-12
spei3,Tissamaharama,ridge_ar24,2007-09,2007-10,1,0.891078266085755,1.6704891199756722,2005-01_2009-12,1901,2004-12,2005-01,2009-12
spei3,Tissamaharama,ridge_ar24,2007-10,2007-11,1,-1.30530982866802,-0.6350454873074742,2005-01_2009-12,1901,2004-12,2005-01,2009-12
spei3,Tissamaharama,ridge_ar24,2007-11,2007-12,1,-1.32168257329748,-1.3969242540344131,2005-01_2009-12,1901,2004-12,2005-01,2009-12
spei3,Tissamaharama,ridge_ar24,2007-12,2008-01,1,-1.65229526400964,-0.6875448539422758,2005-01_2009-12,1901,2004-12,2005-01,2009-12
spei3,Tissamaharama,ridge_ar24,2008-01,2008-02,1,-0.477814001829361,-0.7232618963685974,2005-01_2009-12,1901,2004-12,2005-01,2009-12
spei3,Tissamaharama,ridge_ar24,2008-02,2008-03,1,1.19255223146843,-0.38225137768989603,2005-01_2009-12,1901,2004-12,2005-01,2009-12
spei3,Tissamaharama,ridge_ar24,2008-03,2008-04,1,1.89295859859595,1.6407385887330774,2005-01_2009-12,1901,2004-12,2005-01,2009-12
spei3,Tissamaharama,ridge_ar24,2008-04,2008-05,1,1.37298744376962,1.4777167025952271,2005-01_2009-12,1901,2004-12,2005-01,2009-12
spei3,Tissamaharama,ridge_ar24,2008-05,2008-06,1,-0.744486761557518,0.22661228520539184,2005-01_2009-12,1901,2004-12,2005-01,2009-12
spei3,Tissamaharama,ridge_ar24,2008-06,2008-07,1,-0.684846713277465,-0.9449921696464951,2005-01_2009-12,1901,2004-12,2005-01,2009-12
spei3,Tissamaharama,ridge_ar24,2008-07,2008-08,1,0.480333077783037,-0.513643149432825,2005-01_2009-12,1901,2004-12,2005-01,2009-12
spei3,Tissamaharama,ridge_ar24,2008-08,2008-09,1,-0.0981144847230298,1.0766216917722689,2005-01_2009-12,1901,2004-12,2005-01,2009-12
spei3,Tissamaharama,ridge_ar24,2008-09,2008-10,1,0.39731230617357,-0.15646697815301752,2005-01_2009-12,1901,2004-12,2005-01,2009-12
spei3,Tissamaharama,ridge_ar24,2008-10,2008-11,1,0.140199751723815,-0.3434561114512857,2005-01_2009-12,1901,2004-12,2005-01,2009-12
spei3,Tissamaharama,ridge_ar24,2008-11,2008-12,1,0.5168612166021,0.7555283512466461,2005-01_2009-12,1901,2004-12,2005-01,2009-12
spei3,Tissamaharama,ridge_ar24,2008-12,2009-01,1,-0.16619134005257,0.21126585090980152,2005-01_2009-12,1901,2004-12,2005-01,2009-12
spei3,Tissamaharama,ridge_ar24,2009-01,2009-02,1,-0.647255214724653,-0.30198296023831867,2005-01_2009-12,1901,2004-12,2005-01,2009-12
spei3,Tissamaharama,ridge_ar24,2009-02,2009-03,1,-0.547945498541905,-0.30359417318744225,2005-01_2009-12,1901,2004-12,2005-01,2009-12
spei3,Tissamaharama,ridge_ar24,2009-03,2009-04,1,-0.682713064145565,-0.41815756031043194,2005-01_2009-12,1901,2004-12,2005-01,2009-12
spei3,Tissamaharama,ridge_ar24,2009-04,2009-05,1,-0.762516753439912,-0.4335956390235968,2005-01_2009-12,1901,2004-12,2005-01,2009-12
spei3,Tissamaharama,ridge_ar24,2009-05,2009-06,1,-1.19762863501166,-0.6225849306615135,2005-01_2009-12,1901,2004-12,2005-01,2009-12
spei3,Tissamaharama,ridge_ar24,2009-06,2009-07,1,-1.17850247709254,-0.8206464454898191,2005-01_2009-12,1901,2004-12,2005-01,2009-12
spei3,Tissamaharama,ridge_ar24,2009-07,2009-08,1,0.118146050656493,-0.8394175611008317,2005-01_2009-12,1901,2004-12,2005-01,2009-12
spei3,Tissamaharama,ridge_ar24,2009-08,2009-09,1,0.203950856302921,0.7146669492971897,2005-01_2009-12,1901,2004-12,2005-01,2009-12
spei3,Tissamaharama,ridge_ar24,2009-09,2009-10,1,-0.247643970851049,0.4399310731904655,2005-01_2009-12,1901,2004-12,2005-01,2009-12
spei3,Tissamaharama,ridge_ar24,2009-10,2009-11,1,-0.462733600820538,-0.9153438797451102,2005-01_2009-12,1901,2004-12,2005-01,2009-12
spei3,Tissamaharama,ridge_ar24,2009-11,2009-12,1,-0.776432649240501,-0.29360847192715606,2005-01_2009-12,1901,2004-12,2005-01,2009-12
spei3,Tissamaharama,persistence,2004-12,2005-01,1,0.301470302195334,0.598204668483796,2005-01_2009-12,1901,2004-12,2005-01,2009-12
spei3,Tissamaharama,persistence,2005-01,2005-02,1,0.0308161969974664,0.301470302195334,2005-01_2009-12,1901,2004-12,2005-01,2009-12
spei3,Tissamaharama,persistence,2005-02,2005-03,1,-0.592949747959621,0.0308161969974664,2005-01_2009-12,1901,2004-12,2005-01,2009-12
spei3,Tissamaharama,persistence,2005-03,2005-04,1,-0.795079799695937,-0.592949747959621,2005-01_2009-12,1901,2004-12,2005-01,2009-12
spei3,Tissamaharama,persistence,2005-04,2005-05,1,-0.488872005019123,-0.795079799695937,2005-01_2009-12,1901,2004-12,2005-01,2009-12
spei3,Tissamaharama,persistence,2005-05,2005-06,1,-0.626228789867254,-0.488872005019123,2005-01_2009-12,1901,2004-12,2005-01,2009-12
spei3,Tissamaharama,persistence,2005-06,2005-07,1,-0.792386904868055,-0.626228789867254,2005-01_2009-12,1901,2004-12,2005-01,2009-12
spei3,Tissamaharama,persistence,2005-07,2005-08,1,-1.3856921072558,-0.792386904868055,2005-01_2009-12,1901,2004-12,2005-01,2009-12
spei3,Tissamaharama,persistence,2005-08,2005-09,1,-1.31194790946483,-1.3856921072558,2005-01_2009-12,1901,2004-12,2005-01,2009-12
spei3,Tissamaharama,persistence,2005-09,2005-10,1,-1.05794512738691,-1.31194790946483,2005-01_2009-12,1901,2004-12,2005-01,2009-12
spei3,Tissamaharama,persistence,2005-10,2005-11,1,1.13156174907891,-1.05794512738691,2005-01_2009-12,1901,2004-12,2005-01,2009-12
spei3,Tissamaharama,persistence,2005-11,2005-12,1,1.14535281401203,1.13156174907891,2005-01_2009-12,1901,2004-12,2005-01,2009-12
spei3,Tissamaharama,persistence,2005-12,2006-01,1,1.51340515331574,1.14535281401203,2005-01_2009-12,1901,2004-12,2005-01,2009-12
spei3,Tissamaharama,persistence,2006-01,2006-02,1,0.406228618998502,1.51340515331574,2005-01_2009-12,1901,2004-12,2005-01,2009-12
spei3,Tissamaharama,persistence,2006-02,2006-03,1,0.864999870981661,0.406228618998502,2005-01_2009-12,1901,2004-12,2005-01,2009-12
spei3,Tissamaharama,persistence,2006-03,2006-04,1,-0.0194944188257017,0.864999870981661,2005-01_2009-12,1901,2004-12,2005-01,2009-12
spei3,Tissamaharama,persistence,2006-04,2006-05,1,-0.612200322426173,-0.0194944188257017,2005-01_2009-12,1901,2004-12,2005-01,2009-12
spei3,Tissamaharama,persistence,2006-05,2006-06,1,-1.34744176163053,-0.612200322426173,2005-01_2009-12,1901,2004-12,2005-01,2009-12
spei3,Tissamaharama,persistence,2006-06,2006-07,1,-1.3308576025139,-1.34744176163053,2005-01_2009-12,1901,2004-12,2005-01,2009-12
spei3,Tissamaharama,persistence,2006-07,2006-08,1,-0.309997271845201,-1.3308576025139,2005-01_2009-12,1901,2004-12,2005-01,2009-12
spei3,Tissamaharama,persistence,2006-08,2006-09,1,1.09193401266544,-0.309997271845201,2005-01_2009-12,1901,2004-12,2005-01,2009-12
spei3,Tissamaharama,persistence,2006-09,2006-10,1,1.84301997438046,1.09193401266544,2005-01_2009-12,1901,2004-12,2005-01,2009-12
spei3,Tissamaharama,persistence,2006-10,2006-11,1,2.01460828730714,1.84301997438046,2005-01_2009-12,1901,2004-12,2005-01,2009-12
spei3,Tissamaharama,persistence,2006-11,2006-12,1,1.66288759498008,2.01460828730714,2005-01_2009-12,1901,2004-12,2005-01,2009-12
spei3,Tissamaharama,persistence,2006-12,2007-01,1,1.78923853153404,1.66288759498008,2005-01_2009-12,1901,2004-12,2005-01,2009-12
spei3,Tissamaharama,persistence,2007-01,2007-02,1,0.874147036916879,1.78923853153404,2005-01_2009-12,1901,2004-12,2005-01,2009-12
spei3,Tissamaharama,persistence,2007-02,2007-03,1,0.0219803420451528,0.874147036916879,2005-01_2009-12,1901,2004-12,2005-01,2009-12
spei3,Tissamaharama,persistence,2007-03,2007-04,1,-0.304145306298306,0.0219803420451528,2005-01_2009-12,1901,2004-12,2005-01,2009-12
spei3,Tissamaharama,persistence,2007-04,2007-05,1,-0.469692065456354,-0.304145306298306,2005-01_2009-12,1901,2004-12,2005-01,2009-12
spei3,Tissamaharama,persistence,2007-05,2007-06,1,0.0251447709507249,-0.469692065456354,2005-01_2009-12,1901,2004-12,2005-01,2009-12
spei3,Tissamaharama,persistence,2007-06,2007-07,1,-0.993857122594572,0.0251447709507249,2005-01_2009-12,1901,2004-12,2005-01,2009-12
spei3,Tissamaharama,persistence,2007-07,2007-08,1,1.26728735345205,-0.993857122594572,2005-01_2009-12,1901,2004-12,2005-01,2009-12
spei3,Tissamaharama,persistence,2007-08,2007-09,1,1.28985998837878,1.26728735345205,2005-01_2009-12,1901,2004-12,2005-01,2009-12
spei3,Tissamaharama,persistence,2007-09,2007-10,1,0.891078266085755,1.28985998837878,2005-01_2009-12,1901,2004-12,2005-01,2009-12
spei3,Tissamaharama,persistence,2007-10,2007-11,1,-1.30530982866802,0.891078266085755,2005-01_2009-12,1901,2004-12,2005-01,2009-12
spei3,Tissamaharama,persistence,2007-11,2007-12,1,-1.32168257329748,-1.30530982866802,2005-01_2009-12,1901,2004-12,2005-01,2009-12
spei3,Tissamaharama,persistence,2007-12,2008-01,1,-1.65229526400964,-1.32168257329748,2005-01_2009-12,1901,2004-12,2005-01,2009-12
spei3,Tissamaharama,persistence,2008-01,2008-02,1,-0.477814001829361,-1.65229526400964,2005-01_2009-12,1901,2004-12,2005-01,2009-12
spei3,Tissamaharama,persistence,2008-02,2008-03,1,1.19255223146843,-0.477814001829361,2005-01_2009-12,1901,2004-12,2005-01,2009-12
spei3,Tissamaharama,persistence,2008-03,2008-04,1,1.89295859859595,1.19255223146843,2005-01_2009-12,1901,2004-12,2005-01,2009-12
spei3,Tissamaharama,persistence,2008-04,2008-05,1,1.37298744376962,1.89295859859595,2005-01_2009-12,1901,2004-12,2005-01,2009-12
spei3,Tissamaharama,persistence,2008-05,2008-06,1,-0.744486761557518,1.37298744376962,2005-01_2009-12,1901,2004-12,2005-01,2009-12
spei3,Tissamaharama,persistence,2008-06,2008-07,1,-0.684846713277465,-0.744486761557518,2005-01_2009-12,1901,2004-12,2005-01,2009-12
spei3,Tissamaharama,persistence,2008-07,2008-08,1,0.480333077783037,-0.684846713277465,2005-01_2009-12,1901,2004-12,2005-01,2009-12
spei3,Tissamaharama,persistence,2008-08,2008-09,1,-0.0981144847230298,0.480333077783037,2005-01_2009-12,1901,2004-12,2005-01,2009-12
spei3,Tissamaharama,persistence,2008-09,2008-10,1,0.39731230617357,-0.0981144847230298,2005-01_2009-12,1901,2004-12,2005-01,2009-12
spei3,Tissamaharama,persistence,2008-10,2008-11,1,0.140199751723815,0.39731230617357,2005-01_2009-12,1901,2004-12,2005-01,2009-12
spei3,Tissamaharama,persistence,2008-11,2008-12,1,0.5168612166021,0.140199751723815,2005-01_2009-12,1901,2004-12,2005-01,2009-12
spei3,Tissamaharama,persistence,2008-12,2009-01,1,-0.16619134005257,0.5168612166021,2005-01_2009-12,1901,2004-12,2005-01,2009-12
spei3,Tissamaharama,persistence,2009-01,2009-02,1,-0.647255214724653,-0.16619134005257,2005-01_2009-12,1901,2004-12,2005-01,2009-12
spei3,Tissamaharama,persistence,2009-02,2009-03,1,-0.547945498541905,-0.647255214724653,2005-01_2009-12,1901,2004-12,2005-01,2009-12
spei3,Tissamaharama,persistence,2009-03,2009-04,1,-0.682713064145565,-0.547945498541905,2005-01_2009-12,1901,2004-12,2005-01,2009-12
spei3,Tissamaharama,persistence,2009-04,2009-05,1,-0.762516753439912,-0.682713064145565,2005-01_2009-12,1901,2004-12,2005-01,2009-12
spei3,Tissamaharama,persistence,2009-05,2009-06,1,-1.19762863501166,-0.762516753439912,2005-01_2009-12,1901,2004-12,2005-01,2009-12
spei3,Tissamaharama,persistence,2009-06,2009-07,1,-1.17850247709254,-1.19762863501166,2005-01_2009-12,1901,2004-12,2005-01,2009-12
spei3,Tissamaharama,persistence,2009-07,2009-08,1,0.118146050656493,-1.17850247709254,2005-01_2009-12,1901,2004-12,2005-01,2009-12
spei3,Tissamaharama,persistence,2009-08,2009-09,1,0.203950856302921,0.118146050656493,2005-01_2009-12,1901,2004-12,2005-01,2009-12
spei3,Tissamaharama,persistence,2009-09,2009-10,1,-0.247643970851049,0.203950856302921,2005-01_2009-12,1901,2004-12,2005-01,2009-12
spei3,Tissamaharama,persistence,2009-10,2009-11,1,-0.462733600820538,-0.247643970851049,2005-01_2009-12,1901,2004-12,2005-01,2009-12
spei3,Tissamaharama,persistence,2009-11,2009-12,1,-0.776432649240501,-0.462733600820538,2005-01_2009-12,1901,2004-12,2005-01,2009-12
spei3,Buttala,ridge_ar24,2009-12,2010-01,1,-0.53308262935753,-0.21865567061366534,2010-01_2014-12,1901,2009-12,2010-01,2014-12
spei3,Buttala,ridge_ar24,2010-01,2010-02,1,-0.866562732526832,-0.5426602032637939,2010-01_2014-12,1901,2009-12,2010-01,2014-12
spei3,Buttala,ridge_ar24,2010-02,2010-03,1,-0.619643797518192,-0.5503457739123536,2010-01_2014-12,1901,2009-12,2010-01,2014-12
spei3,Buttala,ridge_ar24,2010-03,2010-04,1,-0.694307386198231,-0.32319595749721075,2010-01_2014-12,1901,2009-12,2010-01,2014-12
spei3,Buttala,ridge_ar24,2010-04,2010-05,1,-0.232038014080603,-0.15158839018960288,2010-01_2014-12,1901,2009-12,2010-01,2014-12
spei3,Buttala,ridge_ar24,2010-05,2010-06,1,0.0191988984342262,-0.1532251087395371,2010-01_2014-12,1901,2009-12,2010-01,2014-12
spei3,Buttala,ridge_ar24,2010-06,2010-07,1,0.711712192422777,0.2497814904630572,2010-01_2014-12,1901,2009-12,2010-01,2014-12
spei3,Buttala,ridge_ar24,2010-07,2010-08,1,-0.0500622636532693,0.4931681581449671,2010-01_2014-12,1901,2009-12,2010-01,2014-12
spei3,Buttala,ridge_ar24,2010-08,2010-09,1,0.361071363511291,-0.05411176599602582,2010-01_2014-12,1901,2009-12,2010-01,2014-12
spei3,Buttala,ridge_ar24,2010-09,2010-10,1,-0.70522532224852,0.06934867823337473,2010-01_2014-12,1901,2009-12,2010-01,2014-12
spei3,Buttala,ridge_ar24,2010-10,2010-11,1,0.2747277559678,-0.39334115072584896,2010-01_2014-12,1901,2009-12,2010-01,2014-12
spei3,Buttala,ridge_ar24,2010-11,2010-12,1,0.947174353236969,0.009067844766143151,2010-01_2014-12,1901,2009-12,2010-01,2014-12
spei3,Buttala,ridge_ar24,2010-12,2011-01,1,1.55904847815993,1.260005750754233,2010-01_2014-12,1901,2009-12,2010-01,2014-12
spei3,Buttala,ridge_ar24,2011-01,2011-02,1,1.64427412124033,1.0217910901995255,2010-01_2014-12,1901,2009-12,2010-01,2014-12
spei3,Buttala,ridge_ar24,2011-02,2011-03,1,0.919333296770607,0.8684953514618406,2010-01_2014-12,1901,2009-12,2010-01,2014-12
spei3,Buttala,ridge_ar24,2011-03,2011-04,1,0.549342241914738,0.3921656571899235,2010-01_2014-12,1901,2009-12,2010-01,2014-12
spei3,Buttala,ridge_ar24,2011-04,2011-05,1,-1.27943800775392,0.19848081136605294,2010-01_2014-12,1901,2009-12,2010-01,2014-12
spei3,Buttala,ridge_ar24,2011-05,2011-06,1,-1.44307701518,-1.131622797382503,2010-01_2014-12,1901,2009-12,2010-01,2014-12
spei3,Buttala,ridge_ar24,2011-06,2011-07,1,-1.78534000254871,-1.3312564036891554,2010-01_2014-12,1901,2009-12,2010-01,2014-12
spei3,Buttala,ridge_ar24,2011-07,2011-08,1,0.591575793530504,-0.7248829096495918,2010-01_2014-12,1901,2009-12,2010-01,2014-12
spei3,Buttala,ridge_ar24,2011-08,2011-09,1,0.17492342894551,0.6817117234701786,2010-01_2014-12,1901,2009-12,2010-01,2014-12
spei3,Buttala,ridge_ar24,2011-09,2011-10,1,0.135114650271068,0.4479693640174562,2010-01_2014-12,1901,2009-12,2010-01,2014-12
spei3,Buttala,ridge_ar24,2011-10,2011-11,1,-1.09673112332512,-0.6916482254622438,2010-01_2014-12,1901,2009-12,2010-01,2014-12
spei3,Buttala,ridge_ar24,2011-11,2011-12,1,-0.992463365038365,-0.6217475032694769,2010-01_2014-12,1901,2009-12,2010-01,2014-12
spei3,Buttala,ridge_ar24,2011-12,2012-01,1,-1.16381139388678,-0.6096042110867044,2010-01_2014-12,1901,2009-12,2010-01,2014-12
spei3,Buttala,ridge_ar24,2012-01,2012-02,1,-0.791576820303404,-0.692098482518566,2010-01_2014-12,1901,2009-12,2010-01,2014-12
spei3,Buttala,ridge_ar24,2012-02,2012-03,1,-0.0769797669449539,-0.5784320504130643,2010-01_2014-12,1901,2009-12,2010-01,2014-12
spei3,Buttala,ridge_ar24,2012-03,2012-04,1,0.26152454990196,0.25892265386608254,2010-01_2014-12,1901,2009-12,2010-01,2014-12
spei3,Buttala,ridge_ar24,2012-04,2012-05,1,-0.904081418939852,0.20048101450480055,2010-01_2014-12,1901,2009-12,2010-01,2014-12
spei3,Buttala,ridge_ar24,2012-05,2012-06,1,-1.30030985093946,-0.8420785626540118,2010-01_2014-12,1901,2009-12,2010-01,2014-12
spei3,Buttala,ridge_ar24,2012-06,2012-07,1,-2.20976032916965,-1.0797742726600779,2010-01_2014-12,1901,2009-12,2010-01,2014-12
spei3,Buttala,ridge_ar24,2012-07,2012-08,1,-0.394043243931079,-1.0683938808490125,2010-01_2014-12,1901,2009-12,2010-01,2014-12
spei3,Buttala,ridge_ar24,2012-08,2012-09,1,0.858154226336492,0.002009314141055489,2010-01_2014-12,1901,2009-12,2010-01,2014-12
spei3,Buttala,ridge_ar24,2012-09,2012-10,1,1.3910915002268,1.3127431394314741,2010-01_2014-12,1901,2009-12,2010-01,2014-12
spei3,Buttala,ridge_ar24,2012-10,2012-11,1,0.615194806557925,0.5771575304313165,2010-01_2014-12,1901,2009-12,2010-01,2014-12
spei3,Buttala,ridge_ar24,2012-11,2012-12,1,0.892519780464356,-0.10993394448993457,2010-01_2014-12,1901,2009-12,2010-01,2014-12
spei3,Buttala,ridge_ar24,2012-12,2013-01,1,0.95676923071263,0.84908107281742,2010-01_2014-12,1901,2009-12,2010-01,2014-12
spei3,Buttala,ridge_ar24,2013-01,2013-02,1,1.75268409058772,1.0200287653714997,2010-01_2014-12,1901,2009-12,2010-01,2014-12
spei3,Buttala,ridge_ar24,2013-02,2013-03,1,1.61954795551471,1.0990884355924588,2010-01_2014-12,1901,2009-12,2010-01,2014-12
spei3,Buttala,ridge_ar24,2013-03,2013-04,1,1.33257406766551,1.0852053165265119,2010-01_2014-12,1901,2009-12,2010-01,2014-12
spei3,Buttala,ridge_ar24,2013-04,2013-05,1,0.380143301965155,0.6491013001547901,2010-01_2014-12,1901,2009-12,2010-01,2014-12
spei3,Buttala,ridge_ar24,2013-05,2013-06,1,-0.668467199577952,-0.15361499181453397,2010-01_2014-12,1901,2009-12,2010-01,2014-12
spei3,Buttala,ridge_ar24,2013-06,2013-07,1,0.179299823767635,-0.7451334353733858,2010-01_2014-12,1901,2009-12,2010-01,2014-12
spei3,Buttala,ridge_ar24,2013-07,2013-08,1,-1.1762512556465,0.3421483774596379,2010-01_2014-12,1901,2009-12,2010-01,2014-12
spei3,Buttala,ridge_ar24,2013-08,2013-09,1,-0.755368688363931,-0.6108654544746565,2010-01_2014-12,1901,2009-12,2010-01,2014-12
spei3,Buttala,ridge_ar24,2013-09,2013-10,1,-1.72245608730848,-1.0685715266844609,2010-01_2014-12,1901,2009-12,2010-01,2014-12
spei3,Buttala,ridge_ar24,2013-10,2013-11,1,-1.64604444872166,-0.8267350505682552,2010-01_2014-12,1901,2009-12,2010-01,2014-12
spei3,Buttala,ridge_ar24,2013-11,2013-12,1,-1.88424732551824,-1.4456732051613357,2010-01_2014-12,1901,2009-12,2010-01,2014-12
spei3,Buttala,ridge_ar24,2013-12,2014-01,1,-1.58942801541533,-1.1699125220617943,2010-01_2014-12,1901,2009-12,2010-01,2014-12
spei3,Buttala,ridge_ar24,2014-01,2014-02,1,-1.42009904141005,-0.8352023473472764,2010-01_2014-12,1901,2009-12,2010-01,2014-12
spei3,Buttala,ridge_ar24,2014-02,2014-03,1,-0.768758141709932,-0.7155005039441941,2010-01_2014-12,1901,2009-12,2010-01,2014-12
spei3,Buttala,ridge_ar24,2014-03,2014-04,1,-1.19764478882502,-0.4705195114939852,2010-01_2014-12,1901,2009-12,2010-01,2014-12
spei3,Buttala,ridge_ar24,2014-04,2014-05,1,-0.886194272950959,-0.6597171652130055,2010-01_2014-12,1901,2009-12,2010-01,2014-12
spei3,Buttala,ridge_ar24,2014-05,2014-06,1,-1.10384596282088,-0.6933988216306128,2010-01_2014-12,1901,2009-12,2010-01,2014-12
spei3,Buttala,ridge_ar24,2014-06,2014-07,1,-0.455044602020057,-0.4484580869149226,2010-01_2014-12,1901,2009-12,2010-01,2014-12
spei3,Buttala,ridge_ar24,2014-07,2014-08,1,0.184685056615036,-0.2400783811673181,2010-01_2014-12,1901,2009-12,2010-01,2014-12
spei3,Buttala,ridge_ar24,2014-08,2014-09,1,0.527832089046284,0.477646088288394,2010-01_2014-12,1901,2009-12,2010-01,2014-12
spei3,Buttala,ridge_ar24,2014-09,2014-10,1,0.987135224374131,0.416160988505351,2010-01_2014-12,1901,2009-12,2010-01,2014-12
spei3,Buttala,ridge_ar24,2014-10,2014-11,1,0.512032229629913,0.6891885462809667,2010-01_2014-12,1901,2009-12,2010-01,2014-12
spei3,Buttala,ridge_ar24,2014-11,2014-12,1,1.69090364410368,0.31890021541874436,2010-01_2014-12,1901,2009-12,2010-01,2014-12
spei3,Buttala,persistence,2009-12,2010-01,1,-0.53308262935753,-0.611912188773537,2010-01_2014-12,1901,2009-12,2010-01,2014-12
spei3,Buttala,persistence,2010-01,2010-02,1,-0.866562732526832,-0.53308262935753,2010-01_2014-12,1901,2009-12,2010-01,2014-12
spei3,Buttala,persistence,2010-02,2010-03,1,-0.619643797518192,-0.866562732526832,2010-01_2014-12,1901,2009-12,2010-01,2014-12
spei3,Buttala,persistence,2010-03,2010-04,1,-0.694307386198231,-0.619643797518192,2010-01_2014-12,1901,2009-12,2010-01,2014-12
spei3,Buttala,persistence,2010-04,2010-05,1,-0.232038014080603,-0.694307386198231,2010-01_2014-12,1901,2009-12,2010-01,2014-12
spei3,Buttala,persistence,2010-05,2010-06,1,0.0191988984342262,-0.232038014080603,2010-01_2014-12,1901,2009-12,2010-01,2014-12
spei3,Buttala,persistence,2010-06,2010-07,1,0.711712192422777,0.0191988984342262,2010-01_2014-12,1901,2009-12,2010-01,2014-12
spei3,Buttala,persistence,2010-07,2010-08,1,-0.0500622636532693,0.711712192422777,2010-01_2014-12,1901,2009-12,2010-01,2014-12
spei3,Buttala,persistence,2010-08,2010-09,1,0.361071363511291,-0.0500622636532693,2010-01_2014-12,1901,2009-12,2010-01,2014-12
spei3,Buttala,persistence,2010-09,2010-10,1,-0.70522532224852,0.361071363511291,2010-01_2014-12,1901,2009-12,2010-01,2014-12
spei3,Buttala,persistence,2010-10,2010-11,1,0.2747277559678,-0.70522532224852,2010-01_2014-12,1901,2009-12,2010-01,2014-12
spei3,Buttala,persistence,2010-11,2010-12,1,0.947174353236969,0.2747277559678,2010-01_2014-12,1901,2009-12,2010-01,2014-12
spei3,Buttala,persistence,2010-12,2011-01,1,1.55904847815993,0.947174353236969,2010-01_2014-12,1901,2009-12,2010-01,2014-12
spei3,Buttala,persistence,2011-01,2011-02,1,1.64427412124033,1.55904847815993,2010-01_2014-12,1901,2009-12,2010-01,2014-12
spei3,Buttala,persistence,2011-02,2011-03,1,0.919333296770607,1.64427412124033,2010-01_2014-12,1901,2009-12,2010-01,2014-12
spei3,Buttala,persistence,2011-03,2011-04,1,0.549342241914738,0.919333296770607,2010-01_2014-12,1901,2009-12,2010-01,2014-12
spei3,Buttala,persistence,2011-04,2011-05,1,-1.27943800775392,0.549342241914738,2010-01_2014-12,1901,2009-12,2010-01,2014-12
spei3,Buttala,persistence,2011-05,2011-06,1,-1.44307701518,-1.27943800775392,2010-01_2014-12,1901,2009-12,2010-01,2014-12
spei3,Buttala,persistence,2011-06,2011-07,1,-1.78534000254871,-1.44307701518,2010-01_2014-12,1901,2009-12,2010-01,2014-12
spei3,Buttala,persistence,2011-07,2011-08,1,0.591575793530504,-1.78534000254871,2010-01_2014-12,1901,2009-12,2010-01,2014-12
spei3,Buttala,persistence,2011-08,2011-09,1,0.17492342894551,0.591575793530504,2010-01_2014-12,1901,2009-12,2010-01,2014-12
spei3,Buttala,persistence,2011-09,2011-10,1,0.135114650271068,0.17492342894551,2010-01_2014-12,1901,2009-12,2010-01,2014-12
spei3,Buttala,persistence,2011-10,2011-11,1,-1.09673112332512,0.135114650271068,2010-01_2014-12,1901,2009-12,2010-01,2014-12
spei3,Buttala,persistence,2011-11,2011-12,1,-0.992463365038365,-1.09673112332512,2010-01_2014-12,1901,2009-12,2010-01,2014-12
spei3,Buttala,persistence,2011-12,2012-01,1,-1.16381139388678,-0.992463365038365,2010-01_2014-12,1901,2009-12,2010-01,2014-12
spei3,Buttala,persistence,2012-01,2012-02,1,-0.791576820303404,-1.16381139388678,2010-01_2014-12,1901,2009-12,2010-01,2014-12
spei3,Buttala,persistence,2012-02,2012-03,1,-0.0769797669449539,-0.791576820303404,2010-01_2014-12,1901,2009-12,2010-01,2014-12
spei3,Buttala,persistence,2012-03,2012-04,1,0.26152454990196,-0.0769797669449539,2010-01_2014-12,1901,2009-12,2010-01,2014-12
spei3,Buttala,persistence,2012-04,2012-05,1,-0.904081418939852,0.26152454990196,2010-01_2014-12,1901,2009-12,2010-01,2014-12
spei3,Buttala,persistence,2012-05,2012-06,1,-1.30030985093946,-0.904081418939852,2010-01_2014-12,1901,2009-12,2010-01,2014-12
spei3,Buttala,persistence,2012-06,2012-07,1,-2.20976032916965,-1.30030985093946,2010-01_2014-12,1901,2009-12,2010-01,2014-12
spei3,Buttala,persistence,2012-07,2012-08,1,-0.394043243931079,-2.20976032916965,2010-01_2014-12,1901,2009-12,2010-01,2014-12
spei3,Buttala,persistence,2012-08,2012-09,1,0.858154226336492,-0.394043243931079,2010-01_2014-12,1901,2009-12,2010-01,2014-12
spei3,Buttala,persistence,2012-09,2012-10,1,1.3910915002268,0.858154226336492,2010-01_2014-12,1901,2009-12,2010-01,2014-12
spei3,Buttala,persistence,2012-10,2012-11,1,0.615194806557925,1.3910915002268,2010-01_2014-12,1901,2009-12,2010-01,2014-12
spei3,Buttala,persistence,2012-11,2012-12,1,0.892519780464356,0.615194806557925,2010-01_2014-12,1901,2009-12,2010-01,2014-12
spei3,Buttala,persistence,2012-12,2013-01,1,0.95676923071263,0.892519780464356,2010-01_2014-12,1901,2009-12,2010-01,2014-12
spei3,Buttala,persistence,2013-01,2013-02,1,1.75268409058772,0.95676923071263,2010-01_2014-12,1901,2009-12,2010-01,2014-12
spei3,Buttala,persistence,2013-02,2013-03,1,1.61954795551471,1.75268409058772,2010-01_2014-12,1901,2009-12,2010-01,2014-12
spei3,Buttala,persistence,2013-03,2013-04,1,1.33257406766551,1.61954795551471,2010-01_2014-12,1901,2009-12,2010-01,2014-12
spei3,Buttala,persistence,2013-04,2013-05,1,0.380143301965155,1.33257406766551,2010-01_2014-12,1901,2009-12,2010-01,2014-12
spei3,Buttala,persistence,2013-05,2013-06,1,-0.668467199577952,0.380143301965155,2010-01_2014-12,1901,2009-12,2010-01,2014-12
spei3,Buttala,persistence,2013-06,2013-07,1,0.179299823767635,-0.668467199577952,2010-01_2014-12,1901,2009-12,2010-01,2014-12
spei3,Buttala,persistence,2013-07,2013-08,1,-1.1762512556465,0.179299823767635,2010-01_2014-12,1901,2009-12,2010-01,2014-12
spei3,Buttala,persistence,2013-08,2013-09,1,-0.755368688363931,-1.1762512556465,2010-01_2014-12,1901,2009-12,2010-01,2014-12
spei3,Buttala,persistence,2013-09,2013-10,1,-1.72245608730848,-0.755368688363931,2010-01_2014-12,1901,2009-12,2010-01,2014-12
spei3,Buttala,persistence,2013-10,2013-11,1,-1.64604444872166,-1.72245608730848,2010-01_2014-12,1901,2009-12,2010-01,2014-12
spei3,Buttala,persistence,2013-11,2013-12,1,-1.88424732551824,-1.64604444872166,2010-01_2014-12,1901,2009-12,2010-01,2014-12
spei3,Buttala,persistence,2013-12,2014-01,1,-1.58942801541533,-1.88424732551824,2010-01_2014-12,1901,2009-12,2010-01,2014-12
spei3,Buttala,persistence,2014-01,2014-02,1,-1.42009904141005,-1.58942801541533,2010-01_2014-12,1901,2009-12,2010-01,2014-12
spei3,Buttala,persistence,2014-02,2014-03,1,-0.768758141709932,-1.42009904141005,2010-01_2014-12,1901,2009-12,2010-01,2014-12
spei3,Buttala,persistence,2014-03,2014-04,1,-1.19764478882502,-0.768758141709932,2010-01_2014-12,1901,2009-12,2010-01,2014-12
spei3,Buttala,persistence,2014-04,2014-05,1,-0.886194272950959,-1.19764478882502,2010-01_2014-12,1901,2009-12,2010-01,2014-12
spei3,Buttala,persistence,2014-05,2014-06,1,-1.10384596282088,-0.886194272950959,2010-01_2014-12,1901,2009-12,2010-01,2014-12
spei3,Buttala,persistence,2014-06,2014-07,1,-0.455044602020057,-1.10384596282088,2010-01_2014-12,1901,2009-12,2010-01,2014-12
spei3,Buttala,persistence,2014-07,2014-08,1,0.184685056615036,-0.455044602020057,2010-01_2014-12,1901,2009-12,2010-01,2014-12
spei3,Buttala,persistence,2014-08,2014-09,1,0.527832089046284,0.184685056615036,2010-01_2014-12,1901,2009-12,2010-01,2014-12
spei3,Buttala,persistence,2014-09,2014-10,1,0.987135224374131,0.527832089046284,2010-01_2014-12,1901,2009-12,2010-01,2014-12
spei3,Buttala,persistence,2014-10,2014-11,1,0.512032229629913,0.987135224374131,2010-01_2014-12,1901,2009-12,2010-01,2014-12
spei3,Buttala,persistence,2014-11,2014-12,1,1.69090364410368,0.512032229629913,2010-01_2014-12,1901,2009-12,2010-01,2014-12
spei3,Padaviya,ridge_ar24,2009-12,2010-01,1,0.667846992778684,0.824312790470157,2010-01_2014-12,1901,2009-12,2010-01,2014-12
spei3,Padaviya,ridge_ar24,2010-01,2010-02,1,-0.845234542629547,-0.13894246008510233,2010-01_2014-12,1901,2009-12,2010-01,2014-12
spei3,Padaviya,ridge_ar24,2010-02,2010-03,1,-1.50855146724379,-0.6426200994583889,2010-01_2014-12,1901,2009-12,2010-01,2014-12
spei3,Padaviya,ridge_ar24,2010-03,2010-04,1,-1.9644944055742,-1.0889565464168462,2010-01_2014-12,1901,2009-12,2010-01,2014-12
spei3,Padaviya,ridge_ar24,2010-04,2010-05,1,-1.97484903549695,-1.0306080146505525,2010-01_2014-12,1901,2009-12,2010-01,2014-12
spei3,Padaviya,ridge_ar24,2010-05,2010-06,1,-1.5023190330363,-1.0760339228289546,2010-01_2014-12,1901,2009-12,2010-01,2014-12
spei3,Padaviya,ridge_ar24,2010-06,2010-07,1,0.750352667941243,-0.8208697452177343,2010-01_2014-12,1901,2009-12,2010-01,2014-12
spei3,Padaviya,ridge_ar24,2010-07,2010-08,1,0.437746583828665,0.8231725552816513,2010-01_2014-12,1901,2009-12,2010-01,2014-12
spei3,Padaviya,ridge_ar24,2010-08,2010-09,1,1.80298750483461,0.4444042697566444,2010-01_2014-12,1901,2009-12,2010-01,2014-12
spei3,Padaviya,ridge_ar24,2010-09,2010-10,1,0.76966415279977,0.8374686319744691,2010-01_2014-12,1901,2009-12,2010-01,2014-12
spei3,Padaviya,ridge_ar24,2010-10,2010-11,1,1.49550543473622,0.8291655626101213,2010-01_2014-12,1901,2009-12,2010-01,2014-12
spei3,Padaviya,ridge_ar24,2010-11,2010-12,1,1.23331874730079,0.6138710680984186,2010-01_2014-12,1901,2009-12,2010-01,2014-12
spei3,Padaviya,ridge_ar24,2010-12,2011-01,1,1.55766565462019,0.8949672475605462,2010-01_2014-12,1901,2009-12,2010-01,2014-12
spei3,Padaviya,ridge_ar24,2011-01,2011-02,1,1.25858565049149,0.9500929068199377,2010-01_2014-12,1901,2009-12,2010-01,2014-12
spei3,Padaviya,ridge_ar24,2011-02,2011-03,1,0.486100501335986,0.5792168261276693,2010-01_2014-12,1901,2009-12,2010-01,2014-12
spei3,Padaviya,ridge_ar24,2011-03,2011-04,1,0.617969304184219,-0.09821577495790548,2010-01_2014-12,1901,2009-12,2010-01,2014-12
spei3,Padaviya,ridge_ar24,2011-04,2011-05,1,-0.466991693386288,0.41363733810538483,2010-01_2014-12,1901,2009-12,2010-01,2014-12
spei3,Padaviya,ridge_ar24,2011-05,2011-06,1,-0.254414326532208,-0.20943609687127107,2010-01_2014-12,1901,2009-12,2010-01,2014-12
spei3,Padaviya,ridge_ar24,2011-06,2011-07,1,-1.65608871870111,-0.5122853946168154,2010-01_2014-12,1901,2009-12,2010-01,2014-12
spei3,Padaviya,ridge_ar24,2011-07,2011-08,1,0.0123767371031637,-0.9859782442986762,2010-01_2014-12,1901,2009-12,2010-01,2014-12
spei3,Padaviya,ridge_ar24,2011-08,2011-09,1,-0.765269489827097,-0.039431846613553576,2010-01_2014-12,1901,2009-12,2010-01,2014-12
spei3,Padaviya,ridge_ar24,2011-09,2011-10,1,-0.606197474807469,-0.2115231786546657,2010-01_2014-12,1901,2009-12,2010-01,2014-12
spei3,Padaviya,ridge_ar24,2011-10,2011-11,1,-0.464230925950372,-0.8839107325981874,2010-01_2014-12,1901,2009-12,2010-01,2014-12
spei3,Padaviya,ridge_ar24,2011-11,2011-12,1,-0.229564031250017,-0.04958428715695758,2010-01_2014-12,1901,2009-12,2010-01,2014-12
spei3,Padaviya,ridge_ar24,2011-12,2012-01,1,-0.326627709277794,0.2776795994569041,2010-01_2014-12,1901,2009-12,2010-01,2014-12
spei3,Padaviya,ridge_ar24,2012-01,2012-02,1,-0.48904229877514,-0.3073810361192968,2010-01_2014-12,1901,2009-12,2010-01,2014-12
spei3,Padaviya,ridge_ar24,2012-02,2012-03,1,-0.370217977973434,-0.23714723574352536,2010-01_2014-12,1901,2009-12,2010-01,2014-12
spei3,Padaviya,ridge_ar24,2012-03,2012-04,1,-0.185481213312114,-0.025129929987058847,2010-01_2014-12,1901,2009-12,2010-01,2014-12
spei3,Padaviya,ridge_ar24,2012-04,2012-05,1,-0.84067808898358,-0.1628509147322426,2010-01_2014-12,1901,2009-12,2010-01,2014-12
spei3,Padaviya,ridge_ar24,2012-05,2012-06,1,-1.14823870568345,-0.5600473692564965,2010-01_2014-12,1901,2009-12,2010-01,2014-12
spei3,Padaviya,ridge_ar24,2012-06,2012-07,1,-2.31617570418247,-0.8676392296110392,2010-01_2014-12,1901,2009-12,2010-01,2014-12
spei3,Padaviya,ridge_ar24,2012-07,2012-08,1,-1.23393267071094,-1.3504064749712528,2010-01_2014-12,1901,2009-12,2010-01,2014-12
spei3,Padaviya,ridge_ar24,2012-08,2012-09,1,0.0491832460315065,-0.6663100826999192,2010-01_2014-12,1901,2009-12,2010-01,2014-12
spei3,Padaviya,ridge_ar24,2012-09,2012-10,1,1.48848065935706,0.6650651484539268,2010-01_2014-12,1901,2009-12,2010-01,2014-12
spei3,Padaviya,ridge_ar24,2012-10,2012-11,1,0.216525792687013,0.9856873077487085,2010-01_2014-12,1901,2009-12,2010-01,2014-12
spei3,Padaviya,ridge_ar24,2012-11,2012-12,1,0.548041440319378,-0.23486243239359011,2010-01_2014-12,1901,2009-12,2010-01,2014-12
spei3,Padaviya,ridge_ar24,2012-12,2013-01,1,-0.105029727541644,0.18581441372421398,2010-01_2014-12,1901,2009-12,2010-01,2014-12
spei3,Padaviya,ridge_ar24,2013-01,2013-02,1,1.35345784407777,0.42019867286380175,2010-01_2014-12,1901,2009-12,2010-01,2014-12
spei3,Padaviya,ridge_ar24,2013-02,2013-03,1,1.56755992508866,0.9218772139034713,2010-01_2014-12,1901,2009-12,2010-01,2014-12
spei3,Padaviya,ridge_ar24,2013-03,2013-04,1,1.5386024784562,1.140971749380248,2010-01_2014-12,1901,2009-12,2010-01,2014-12
spei3,Padaviya,ridge_ar24,2013-04,2013-05,1,0.729412588157456,0.7348991231323366,2010-01_2014-12,1901,2009-12,2010-01,2014-12
spei3,Padaviya,ridge_ar24,2013-05,2013-06,1,-0.884868141858568,0.18633317737688807,2010-01_2014-12,1901,2009-12,2010-01,2014-12
spei3,Padaviya,ridge_ar24,2013-06,2013-07,1,0.0232753122392538,-0.7812280877373904,2010-01_2014-12,1901,2009-12,2010-01,2014-12
spei3,Padaviya,ridge_ar24,2013-07,2013-08,1,-0.862779496428984,0.09540409642291899,2010-01_2014-12,1901,2009-12,2010-01,2014-12
spei3,Padaviya,ridge_ar24,2013-08,2013-09,1,-1.29208625140032,-0.20162337862393154,2010-01_2014-12,1901,2009-12,2010-01,2014-12
spei3,Padaviya,ridge_ar24,2013-09,2013-10,1,-1.92042773719309,-1.3217692430894799,2010-01_2014-12,1901,2009-12,2010-01,2014-12
spei3,Padaviya,ridge_ar24,2013-10,2013-11,1,-1.93040699160059,-1.177152886113489,2010-01_2014-12,1901,2009-12,2010-01,2014-12
spei3,Padaviya,ridge_ar24,2013-11,2013-12,1,-1.62108046463906,-0.9712506694030302,2010-01_2014-12,1901,2009-12,2010-01,2014-12
spei3,Padaviya,ridge_ar24,2013-12,2014-01,1,-1.13897959517437,-0.9723973200023013,2010-01_2014-12,1901,2009-12,2010-01,2014-12
spei3,Padaviya,ridge_ar24,2014-01,2014-02,1,-0.509747999276872,-0.4150747155750103,2010-01_2014-12,1901,2009-12,2010-01,2014-12
spei3,Padaviya,ridge_ar24,2014-02,2014-03,1,-0.552349961061263,0.04059474965402191,2010-01_2014-12,1901,2009-12,2010-01,2014-12
spei3,Padaviya,ridge_ar24,2014-03,2014-04,1,-1.07680258398011,-0.1672306679497479,2010-01_2014-12,1901,2009-12,2010-01,2014-12
spei3,Padaviya,ridge_ar24,2014-04,2014-05,1,-0.635528787143662,-0.6742928305485755,2010-01_2014-12,1901,2009-12,2010-01,2014-12
spei3,Padaviya,ridge_ar24,2014-05,2014-06,1,-0.380966584862067,-0.1759676084076147,2010-01_2014-12,1901,2009-12,2010-01,2014-12
spei3,Padaviya,ridge_ar24,2014-06,2014-07,1,0.597689565254887,0.1551090281375133,2010-01_2014-12,1901,2009-12,2010-01,2014-12
spei3,Padaviya,ridge_ar24,2014-07,2014-08,1,0.178988410528601,0.3473687051667554,2010-01_2014-12,1901,2009-12,2010-01,2014-12
spei3,Padaviya,ridge_ar24,2014-08,2014-09,1,0.373701056637417,0.23380995349094774,2010-01_2014-12,1901,2009-12,2010-01,2014-12
spei3,Padaviya,ridge_ar24,2014-09,2014-10,1,0.824669285373484,0.06576118582031366,2010-01_2014-12,1901,2009-12,2010-01,2014-12
spei3,Padaviya,ridge_ar24,2014-10,2014-11,1,0.0506210903644341,0.73940351262913,2010-01_2014-12,1901,2009-12,2010-01,2014-12
spei3,Padaviya,ridge_ar24,2014-11,2014-12,1,1.04489600883021,-0.04354834489212809,2010-01_2014-12,1901,2009-12,2010-01,2014-12
spei3,Padaviya,persistence,2009-12,2010-01,1,0.667846992778684,0.57040553286812,2010-01_2014-12,1901,2009-12,2010-01,2014-12
spei3,Padaviya,persistence,2010-01,2010-02,1,-0.845234542629547,0.667846992778684,2010-01_2014-12,1901,2009-12,2010-01,2014-12
spei3,Padaviya,persistence,2010-02,2010-03,1,-1.50855146724379,-0.845234542629547,2010-01_2014-12,1901,2009-12,2010-01,2014-12
spei3,Padaviya,persistence,2010-03,2010-04,1,-1.9644944055742,-1.50855146724379,2010-01_2014-12,1901,2009-12,2010-01,2014-12
spei3,Padaviya,persistence,2010-04,2010-05,1,-1.97484903549695,-1.9644944055742,2010-01_2014-12,1901,2009-12,2010-01,2014-12
spei3,Padaviya,persistence,2010-05,2010-06,1,-1.5023190330363,-1.97484903549695,2010-01_2014-12,1901,2009-12,2010-01,2014-12
spei3,Padaviya,persistence,2010-06,2010-07,1,0.750352667941243,-1.5023190330363,2010-01_2014-12,1901,2009-12,2010-01,2014-12
spei3,Padaviya,persistence,2010-07,2010-08,1,0.437746583828665,0.750352667941243,2010-01_2014-12,1901,2009-12,2010-01,2014-12
spei3,Padaviya,persistence,2010-08,2010-09,1,1.80298750483461,0.437746583828665,2010-01_2014-12,1901,2009-12,2010-01,2014-12
spei3,Padaviya,persistence,2010-09,2010-10,1,0.76966415279977,1.80298750483461,2010-01_2014-12,1901,2009-12,2010-01,2014-12
spei3,Padaviya,persistence,2010-10,2010-11,1,1.49550543473622,0.76966415279977,2010-01_2014-12,1901,2009-12,2010-01,2014-12
spei3,Padaviya,persistence,2010-11,2010-12,1,1.23331874730079,1.49550543473622,2010-01_2014-12,1901,2009-12,2010-01,2014-12
spei3,Padaviya,persistence,2010-12,2011-01,1,1.55766565462019,1.23331874730079,2010-01_2014-12,1901,2009-12,2010-01,2014-12
spei3,Padaviya,persistence,2011-01,2011-02,1,1.25858565049149,1.55766565462019,2010-01_2014-12,1901,2009-12,2010-01,2014-12
spei3,Padaviya,persistence,2011-02,2011-03,1,0.486100501335986,1.25858565049149,2010-01_2014-12,1901,2009-12,2010-01,2014-12
spei3,Padaviya,persistence,2011-03,2011-04,1,0.617969304184219,0.486100501335986,2010-01_2014-12,1901,2009-12,2010-01,2014-12
spei3,Padaviya,persistence,2011-04,2011-05,1,-0.466991693386288,0.617969304184219,2010-01_2014-12,1901,2009-12,2010-01,2014-12
spei3,Padaviya,persistence,2011-05,2011-06,1,-0.254414326532208,-0.466991693386288,2010-01_2014-12,1901,2009-12,2010-01,2014-12
spei3,Padaviya,persistence,2011-06,2011-07,1,-1.65608871870111,-0.254414326532208,2010-01_2014-12,1901,2009-12,2010-01,2014-12
spei3,Padaviya,persistence,2011-07,2011-08,1,0.0123767371031637,-1.65608871870111,2010-01_2014-12,1901,2009-12,2010-01,2014-12
spei3,Padaviya,persistence,2011-08,2011-09,1,-0.765269489827097,0.0123767371031637,2010-01_2014-12,1901,2009-12,2010-01,2014-12
spei3,Padaviya,persistence,2011-09,2011-10,1,-0.606197474807469,-0.765269489827097,2010-01_2014-12,1901,2009-12,2010-01,2014-12
spei3,Padaviya,persistence,2011-10,2011-11,1,-0.464230925950372,-0.606197474807469,2010-01_2014-12,1901,2009-12,2010-01,2014-12
spei3,Padaviya,persistence,2011-11,2011-12,1,-0.229564031250017,-0.464230925950372,2010-01_2014-12,1901,2009-12,2010-01,2014-12
spei3,Padaviya,persistence,2011-12,2012-01,1,-0.326627709277794,-0.229564031250017,2010-01_2014-12,1901,2009-12,2010-01,2014-12
spei3,Padaviya,persistence,2012-01,2012-02,1,-0.48904229877514,-0.326627709277794,2010-01_2014-12,1901,2009-12,2010-01,2014-12
spei3,Padaviya,persistence,2012-02,2012-03,1,-0.370217977973434,-0.48904229877514,2010-01_2014-12,1901,2009-12,2010-01,2014-12
spei3,Padaviya,persistence,2012-03,2012-04,1,-0.185481213312114,-0.370217977973434,2010-01_2014-12,1901,2009-12,2010-01,2014-12
spei3,Padaviya,persistence,2012-04,2012-05,1,-0.84067808898358,-0.185481213312114,2010-01_2014-12,1901,2009-12,2010-01,2014-12
spei3,Padaviya,persistence,2012-05,2012-06,1,-1.14823870568345,-0.84067808898358,2010-01_2014-12,1901,2009-12,2010-01,2014-12
spei3,Padaviya,persistence,2012-06,2012-07,1,-2.31617570418247,-1.14823870568345,2010-01_2014-12,1901,2009-12,2010-01,2014-12
spei3,Padaviya,persistence,2012-07,2012-08,1,-1.23393267071094,-2.31617570418247,2010-01_2014-12,1901,2009-12,2010-01,2014-12
spei3,Padaviya,persistence,2012-08,2012-09,1,0.0491832460315065,-1.23393267071094,2010-01_2014-12,1901,2009-12,2010-01,2014-12
spei3,Padaviya,persistence,2012-09,2012-10,1,1.48848065935706,0.0491832460315065,2010-01_2014-12,1901,2009-12,2010-01,2014-12
spei3,Padaviya,persistence,2012-10,2012-11,1,0.216525792687013,1.48848065935706,2010-01_2014-12,1901,2009-12,2010-01,2014-12
spei3,Padaviya,persistence,2012-11,2012-12,1,0.548041440319378,0.216525792687013,2010-01_2014-12,1901,2009-12,2010-01,2014-12
spei3,Padaviya,persistence,2012-12,2013-01,1,-0.105029727541644,0.548041440319378,2010-01_2014-12,1901,2009-12,2010-01,2014-12
spei3,Padaviya,persistence,2013-01,2013-02,1,1.35345784407777,-0.105029727541644,2010-01_2014-12,1901,2009-12,2010-01,2014-12
spei3,Padaviya,persistence,2013-02,2013-03,1,1.56755992508866,1.35345784407777,2010-01_2014-12,1901,2009-12,2010-01,2014-12
spei3,Padaviya,persistence,2013-03,2013-04,1,1.5386024784562,1.56755992508866,2010-01_2014-12,1901,2009-12,2010-01,2014-12
spei3,Padaviya,persistence,2013-04,2013-05,1,0.729412588157456,1.5386024784562,2010-01_2014-12,1901,2009-12,2010-01,2014-12
spei3,Padaviya,persistence,2013-05,2013-06,1,-0.884868141858568,0.729412588157456,2010-01_2014-12,1901,2009-12,2010-01,2014-12
spei3,Padaviya,persistence,2013-06,2013-07,1,0.0232753122392538,-0.884868141858568,2010-01_2014-12,1901,2009-12,2010-01,2014-12
spei3,Padaviya,persistence,2013-07,2013-08,1,-0.862779496428984,0.0232753122392538,2010-01_2014-12,1901,2009-12,2010-01,2014-12
spei3,Padaviya,persistence,2013-08,2013-09,1,-1.29208625140032,-0.862779496428984,2010-01_2014-12,1901,2009-12,2010-01,2014-12
spei3,Padaviya,persistence,2013-09,2013-10,1,-1.92042773719309,-1.29208625140032,2010-01_2014-12,1901,2009-12,2010-01,2014-12
spei3,Padaviya,persistence,2013-10,2013-11,1,-1.93040699160059,-1.92042773719309,2010-01_2014-12,1901,2009-12,2010-01,2014-12
spei3,Padaviya,persistence,2013-11,2013-12,1,-1.62108046463906,-1.93040699160059,2010-01_2014-12,1901,2009-12,2010-01,2014-12
spei3,Padaviya,persistence,2013-12,2014-01,1,-1.13897959517437,-1.62108046463906,2010-01_2014-12,1901,2009-12,2010-01,2014-12
spei3,Padaviya,persistence,2014-01,2014-02,1,-0.509747999276872,-1.13897959517437,2010-01_2014-12,1901,2009-12,2010-01,2014-12
spei3,Padaviya,persistence,2014-02,2014-03,1,-0.552349961061263,-0.509747999276872,2010-01_2014-12,1901,2009-12,2010-01,2014-12
spei3,Padaviya,persistence,2014-03,2014-04,1,-1.07680258398011,-0.552349961061263,2010-01_2014-12,1901,2009-12,2010-01,2014-12
spei3,Padaviya,persistence,2014-04,2014-05,1,-0.635528787143662,-1.07680258398011,2010-01_2014-12,1901,2009-12,2010-01,2014-12
spei3,Padaviya,persistence,2014-05,2014-06,1,-0.380966584862067,-0.635528787143662,2010-01_2014-12,1901,2009-12,2010-01,2014-12
spei3,Padaviya,persistence,2014-06,2014-07,1,0.597689565254887,-0.380966584862067,2010-01_2014-12,1901,2009-12,2010-01,2014-12
spei3,Padaviya,persistence,2014-07,2014-08,1,0.178988410528601,0.597689565254887,2010-01_2014-12,1901,2009-12,2010-01,2014-12
spei3,Padaviya,persistence,2014-08,2014-09,1,0.373701056637417,0.178988410528601,2010-01_2014-12,1901,2009-12,2010-01,2014-12
spei3,Padaviya,persistence,2014-09,2014-10,1,0.824669285373484,0.373701056637417,2010-01_2014-12,1901,2009-12,2010-01,2014-12
spei3,Padaviya,persistence,2014-10,2014-11,1,0.0506210903644341,0.824669285373484,2010-01_2014-12,1901,2009-12,2010-01,2014-12
spei3,Padaviya,persistence,2014-11,2014-12,1,1.04489600883021,0.0506210903644341,2010-01_2014-12,1901,2009-12,2010-01,2014-12
spei3,Tissamaharama,ridge_ar24,2009-12,2010-01,1,-0.628030516472035,-0.3344362278407209,2010-01_2014-12,1901,2009-12,2010-01,2014-12
spei3,Tissamaharama,ridge_ar24,2010-01,2010-02,1,-0.76243289552515,-0.5306055353408765,2010-01_2014-12,1901,2009-12,2010-01,2014-12
spei3,Tissamaharama,ridge_ar24,2010-02,2010-03,1,-0.376684786817937,-0.4770343920128122,2010-01_2014-12,1901,2009-12,2010-01,2014-12
spei3,Tissamaharama,ridge_ar24,2010-03,2010-04,1,-0.29400276233178,-0.07114169857042688,2010-01_2014-12,1901,2009-12,2010-01,2014-12
spei3,Tissamaharama,ridge_ar24,2010-04,2010-05,1,0.190868918892365,0.1122856571670692,2010-01_2014-12,1901,2009-12,2010-01,2014-12
spei3,Tissamaharama,ridge_ar24,2010-05,2010-06,1,0.364783665312842,0.0940595776695376,2010-01_2014-12,1901,2009-12,2010-01,2014-12
spei3,Tissamaharama,ridge_ar24,2010-06,2010-07,1,0.706981275171199,0.42319317374302023,2010-01_2014-12,1901,2009-12,2010-01,2014-12
spei3,Tissamaharama,ridge_ar24,2010-07,2010-08,1,-0.134537729365009,0.40563256224611316,2010-01_2014-12,1901,2009-12,2010-01,2014-12
spei3,Tissamaharama,ridge_ar24,2010-08,2010-09,1,-0.0867614725050879,-0.19172573706768983,2010-01_2014-12,1901,2009-12,2010-01,2014-12
spei3,Tissamaharama,ridge_ar24,2010-09,2010-10,1,-1.10531059414118,-0.25845290356335954,2010-01_2014-12,1901,2009-12,2010-01,2014-12
spei3,Tissamaharama,ridge_ar24,2010-10,2010-11,1,-0.0417766263546762,-0.7256035273513717,2010-01_2014-12,1901,2009-12,2010-01,2014-12
spei3,Tissamaharama,ridge_ar24,2010-11,2010-12,1,0.799354240818761,-0.07211353486491753,2010-01_2014-12,1901,2009-12,2010-01,2014-12
spei3,Tissamaharama,ridge_ar24,2010-12,2011-01,1,1.52991131092898,1.2121347180123136,2010-01_2014-12,1901,2009-12,2010-01,2014-12
spei3,Tissamaharama,ridge_ar24,2011-01,2011-02,1,1.69341418584461,0.9941607229587739,2010-01_2014-12,1901,2009-12,2010-01,2014-12
spei3,Tissamaharama,ridge_ar24,2011-02,2011-03,1,0.966997084383757,0.9172594584435242,2010-01_2014-12,1901,2009-12,2010-01,2014-12
spei3,Tissamaharama,ridge_ar24,2011-03,2011-04,1,0.478570773326175,0.4155235579015951,2010-01_2014-12,1901,2009-12,2010-01,2014-12
spei3,Tissamaharama,ridge_ar24,2011-04,2011-05,1,-1.36463819155269,0.06256011297612221,2010-01_2014-12,1901,2009-12,2010-01,2014-12
spei3,Tissamaharama,ridge_ar24,2011-05,2011-06,1,-1.59244848546935,-1.2384308632245233,2010-01_2014-12,1901,2009-12,2010-01,2014-12
spei3,Tissamaharama,ridge_ar24,2011-06,2011-07,1,-1.80855904044519,-1.3947590417704085,2010-01_2014-12,1901,2009-12,2010-01,2014-12
spei3,Tissamaharama,ridge_ar24,2011-07,2011-08,1,0.577386809553689,-0.7254833012074859,2010-01_2014-12,1901,2009-12,2010-01,2014-12
spei3,Tissamaharama,ridge_ar24,2011-08,2011-09,1,0.272473469280018,0.7595510160156054,2010-01_2014-12,1901,2009-12,2010-01,2014-12
spei3,Tissamaharama,ridge_ar24,2011-09,2011-10,1,0.209653742247338,0.5320358963701284,2010-01_2014-12,1901,2009-12,2010-01,2014-12
spei3,Tissamaharama,ridge_ar24,2011-10,2011-11,1,-1.08881287146732,-0.6541985150973558,2010-01_2014-12,1901,2009-12,2010-01,2014-12
spei3,Tissamaharama,ridge_ar24,2011-11,2011-12,1,-1.04322096070651,-0.6668774170532531,2010-01_2014-12,1901,2009-12,2010-01,2014-12
spei3,Tissamaharama,ridge_ar24,2011-12,2012-01,1,-1.2572013431227,-0.7097108823406664,2010-01_2014-12,1901,2009-12,2010-01,2014-12
spei3,Tissamaharama,ridge_ar24,2012-01,2012-02,1,-0.815339122288302,-0.7576796185618726,2010-01_2014-12,1901,2009-12,2010-01,2014-12
spei3,Tissamaharama,ridge_ar24,2012-02,2012-03,1,-0.0213765062125342,-0.5801510069573479,2010-01_2014-12,1901,2009-12,2010-01,2014-12
spei3,Tissamaharama,ridge_ar24,2012-03,2012-04,1,0.297032552248066,0.34796389523587773,2010-01_2014-12,1901,2009-12,2010-01,2014-12
spei3,Tissamaharama,ridge_ar24,2012-04,2012-05,1,-0.955235490896909,0.25730835110545375,2010-01_2014-12,1901,2009-12,2010-01,2014-12
spei3,Tissamaharama,ridge_ar24,2012-05,2012-06,1,-1.3528825463911,-0.9434370823233684,2010-01_2014-12,1901,2009-12,2010-01,2014-12
spei3,Tissamaharama,ridge_ar24,2012-06,2012-07,1,-2.17793345286847,-1.143213341339951,2010-01_2014-12,1901,2009-12,2010-01,2014-12
spei3,Tissamaharama,ridge_ar24,2012-07,2012-08,1,-0.262197584285708,-0.9954930559693358,2010-01_2014-12,1901,2009-12,2010-01,2014-12
spei3,Tissamaharama,ridge_ar24,2012-08,2012-09,1,0.973674978927362,0.09325981481639248,2010-01_2014-12,1901,2009-12,2010-01,2014-12
spei3,Tissamaharama,ridge_ar24,2012-09,2012-10,1,1.31700059737882,1.388412537318557,2010-01_2014-12,1901,2009-12,2010-01,2014-12
spei3,Tissamaharama,ridge_ar24,2012-10,2012-11,1,0.593588094639412,0.48225815996195914,2010-01_2014-12,1901,2009-12,2010-01,2014-12
spei3,Tissamaharama,ridge_ar24,2012-11,2012-12,1,0.824095329592835,-0.14789634217121816,2010-01_2014-12,1901,2009-12,2010-01,2014-12
spei3,Tissamaharama,ridge_ar24,2012-12,2013-01,1,1.01408631231096,0.838202492423918,2010-01_2014-12,1901,2009-12,2010-01,2014-12
spei3,Tissamaharama,ridge_ar24,2013-01,2013-02,1,1.76616299801336,1.0400995102408597,2010-01_2014-12,1901,2009-12,2010-01,2014-12
spei3,Tissamaharama,ridge_ar24,2013-02,2013-03,1,1.57562313581409,1.0953470797715785,2010-01_2014-12,1901,2009-12,2010-01,2014-12
spei3,Tissamaharama,ridge_ar24,2013-03,2013-04,1,1.18720449478703,1.024110696537802,2010-01_2014-12,1901,2009-12,2010-01,2014-12
spei3,Tissamaharama,ridge_ar24,2013-04,2013-05,1,0.357226113254756,0.5382487394565,2010-01_2014-12,1901,2009-12,2010-01,2014-12
spei3,Tissamaharama,ridge_ar24,2013-05,2013-06,1,-0.495966398092333,-0.14766701386517986,2010-01_2014-12,1901,2009-12,2010-01,2014-12
spei3,Tissamaharama,ridge_ar24,2013-06,2013-07,1,0.253716102617883,-0.5539957050352319,2010-01_2014-12,1901,2009-12,2010-01,2014-12
spei3,Tissamaharama,ridge_ar24,2013-07,2013-08,1,-1.1603650810144,0.3470203476815179,2010-01_2014-12,1901,2009-12,2010-01,2014-12
spei3,Tissamaharama,ridge_ar24,2013-08,2013-09,1,-0.646591871498829,-0.669917266893272,2010-01_2014-12,1901,2009-12,2010-01,2014-12
spei3,Tissamaharama,ridge_ar24,2013-09,2013-10,1,-1.63470303697005,-0.9395011677784696,2010-01_2014-12,1901,2009-12,2010-01,2014-12
spei3,Tissamaharama,ridge_ar24,2013-10,2013-11,1,-1.53179821254842,-0.7535334063539134,2010-01_2014-12,1901,2009-12,2010-01,2014-12
spei3,Tissamaharama,ridge_ar24,2013-11,2013-12,1,-1.87044755674358,-1.4404543092285296,2010-01_2014-12,1901,2009-12,2010-01,2014-12
spei3,Tissamaharama,ridge_ar24,2013-12,2014-01,1,-1.68168234450652,-1.149871766004889,2010-01_2014-12,1901,2009-12,2010-01,2014-12
spei3,Tissamaharama,ridge_ar24,2014-01,2014-02,1,-1.58838961940308,-0.9590904799008981,2010-01_2014-12,1901,2009-12,2010-01,2014-12
spei3,Tissamaharama,ridge_ar24,2014-02,2014-03,1,-0.817826244989001,-0.854589640694061,2010-01_2014-12,1901,2009-12,2010-01,2014-12
spei3,Tissamaharama,ridge_ar24,2014-03,2014-04,1,-1.16730332458488,-0.4933004356056815,2010-01_2014-12,1901,2009-12,2010-01,2014-12
spei3,Tissamaharama,ridge_ar24,2014-04,2014-05,1,-0.87607055766858,-0.589831711489592,2010-01_2014-12,1901,2009-12,2010-01,2014-12
spei3,Tissamaharama,ridge_ar24,2014-05,2014-06,1,-1.17140861315212,-0.7531092392914001,2010-01_2014-12,1901,2009-12,2010-01,2014-12
spei3,Tissamaharama,ridge_ar24,2014-06,2014-07,1,-0.669278029979797,-0.5369771397922791,2010-01_2014-12,1901,2009-12,2010-01,2014-12
spei3,Tissamaharama,ridge_ar24,2014-07,2014-08,1,0.0671858674312831,-0.38815826705685735,2010-01_2014-12,1901,2009-12,2010-01,2014-12
spei3,Tissamaharama,ridge_ar24,2014-08,2014-09,1,0.484116101582977,0.3993889412252688,2010-01_2014-12,1901,2009-12,2010-01,2014-12
spei3,Tissamaharama,ridge_ar24,2014-09,2014-10,1,1.02100555593316,0.48195423419094474,2010-01_2014-12,1901,2009-12,2010-01,2014-12
spei3,Tissamaharama,ridge_ar24,2014-10,2014-11,1,0.570622512883889,0.7103864950984662,2010-01_2014-12,1901,2009-12,2010-01,2014-12
spei3,Tissamaharama,ridge_ar24,2014-11,2014-12,1,1.65427308341657,0.3420616875397432,2010-01_2014-12,1901,2009-12,2010-01,2014-12
spei3,Tissamaharama,persistence,2009-12,2010-01,1,-0.628030516472035,-0.776432649240501,2010-01_2014-12,1901,2009-12,2010-01,2014-12
spei3,Tissamaharama,persistence,2010-01,2010-02,1,-0.76243289552515,-0.628030516472035,2010-01_2014-12,1901,2009-12,2010-01,2014-12
spei3,Tissamaharama,persistence,2010-02,2010-03,1,-0.376684786817937,-0.76243289552515,2010-01_2014-12,1901,2009-12,2010-01,2014-12
spei3,Tissamaharama,persistence,2010-03,2010-04,1,-0.29400276233178,-0.376684786817937,2010-01_2014-12,1901,2009-12,2010-01,2014-12
spei3,Tissamaharama,persistence,2010-04,2010-05,1,0.190868918892365,-0.29400276233178,2010-01_2014-12,1901,2009-12,2010-01,2014-12
spei3,Tissamaharama,persistence,2010-05,2010-06,1,0.364783665312842,0.190868918892365,2010-01_2014-12,1901,2009-12,2010-01,2014-12
spei3,Tissamaharama,persistence,2010-06,2010-07,1,0.706981275171199,0.364783665312842,2010-01_2014-12,1901,2009-12,2010-01,2014-12
spei3,Tissamaharama,persistence,2010-07,2010-08,1,-0.134537729365009,0.706981275171199,2010-01_2014-12,1901,2009-12,2010-01,2014-12
spei3,Tissamaharama,persistence,2010-08,2010-09,1,-0.0867614725050879,-0.134537729365009,2010-01_2014-12,1901,2009-12,2010-01,2014-12
spei3,Tissamaharama,persistence,2010-09,2010-10,1,-1.10531059414118,-0.0867614725050879,2010-01_2014-12,1901,2009-12,2010-01,2014-12
spei3,Tissamaharama,persistence,2010-10,2010-11,1,-0.0417766263546762,-1.10531059414118,2010-01_2014-12,1901,2009-12,2010-01,2014-12
spei3,Tissamaharama,persistence,2010-11,2010-12,1,0.799354240818761,-0.0417766263546762,2010-01_2014-12,1901,2009-12,2010-01,2014-12
spei3,Tissamaharama,persistence,2010-12,2011-01,1,1.52991131092898,0.799354240818761,2010-01_2014-12,1901,2009-12,2010-01,2014-12
spei3,Tissamaharama,persistence,2011-01,2011-02,1,1.69341418584461,1.52991131092898,2010-01_2014-12,1901,2009-12,2010-01,2014-12
spei3,Tissamaharama,persistence,2011-02,2011-03,1,0.966997084383757,1.69341418584461,2010-01_2014-12,1901,2009-12,2010-01,2014-12
spei3,Tissamaharama,persistence,2011-03,2011-04,1,0.478570773326175,0.966997084383757,2010-01_2014-12,1901,2009-12,2010-01,2014-12
spei3,Tissamaharama,persistence,2011-04,2011-05,1,-1.36463819155269,0.478570773326175,2010-01_2014-12,1901,2009-12,2010-01,2014-12
spei3,Tissamaharama,persistence,2011-05,2011-06,1,-1.59244848546935,-1.36463819155269,2010-01_2014-12,1901,2009-12,2010-01,2014-12
spei3,Tissamaharama,persistence,2011-06,2011-07,1,-1.80855904044519,-1.59244848546935,2010-01_2014-12,1901,2009-12,2010-01,2014-12
spei3,Tissamaharama,persistence,2011-07,2011-08,1,0.577386809553689,-1.80855904044519,2010-01_2014-12,1901,2009-12,2010-01,2014-12
spei3,Tissamaharama,persistence,2011-08,2011-09,1,0.272473469280018,0.577386809553689,2010-01_2014-12,1901,2009-12,2010-01,2014-12
spei3,Tissamaharama,persistence,2011-09,2011-10,1,0.209653742247338,0.272473469280018,2010-01_2014-12,1901,2009-12,2010-01,2014-12
spei3,Tissamaharama,persistence,2011-10,2011-11,1,-1.08881287146732,0.209653742247338,2010-01_2014-12,1901,2009-12,2010-01,2014-12
spei3,Tissamaharama,persistence,2011-11,2011-12,1,-1.04322096070651,-1.08881287146732,2010-01_2014-12,1901,2009-12,2010-01,2014-12
spei3,Tissamaharama,persistence,2011-12,2012-01,1,-1.2572013431227,-1.04322096070651,2010-01_2014-12,1901,2009-12,2010-01,2014-12
spei3,Tissamaharama,persistence,2012-01,2012-02,1,-0.815339122288302,-1.2572013431227,2010-01_2014-12,1901,2009-12,2010-01,2014-12
spei3,Tissamaharama,persistence,2012-02,2012-03,1,-0.0213765062125342,-0.815339122288302,2010-01_2014-12,1901,2009-12,2010-01,2014-12
spei3,Tissamaharama,persistence,2012-03,2012-04,1,0.297032552248066,-0.0213765062125342,2010-01_2014-12,1901,2009-12,2010-01,2014-12
spei3,Tissamaharama,persistence,2012-04,2012-05,1,-0.955235490896909,0.297032552248066,2010-01_2014-12,1901,2009-12,2010-01,2014-12
spei3,Tissamaharama,persistence,2012-05,2012-06,1,-1.3528825463911,-0.955235490896909,2010-01_2014-12,1901,2009-12,2010-01,2014-12
spei3,Tissamaharama,persistence,2012-06,2012-07,1,-2.17793345286847,-1.3528825463911,2010-01_2014-12,1901,2009-12,2010-01,2014-12
spei3,Tissamaharama,persistence,2012-07,2012-08,1,-0.262197584285708,-2.17793345286847,2010-01_2014-12,1901,2009-12,2010-01,2014-12
spei3,Tissamaharama,persistence,2012-08,2012-09,1,0.973674978927362,-0.262197584285708,2010-01_2014-12,1901,2009-12,2010-01,2014-12
spei3,Tissamaharama,persistence,2012-09,2012-10,1,1.31700059737882,0.973674978927362,2010-01_2014-12,1901,2009-12,2010-01,2014-12
spei3,Tissamaharama,persistence,2012-10,2012-11,1,0.593588094639412,1.31700059737882,2010-01_2014-12,1901,2009-12,2010-01,2014-12
spei3,Tissamaharama,persistence,2012-11,2012-12,1,0.824095329592835,0.593588094639412,2010-01_2014-12,1901,2009-12,2010-01,2014-12
spei3,Tissamaharama,persistence,2012-12,2013-01,1,1.01408631231096,0.824095329592835,2010-01_2014-12,1901,2009-12,2010-01,2014-12
spei3,Tissamaharama,persistence,2013-01,2013-02,1,1.76616299801336,1.01408631231096,2010-01_2014-12,1901,2009-12,2010-01,2014-12
spei3,Tissamaharama,persistence,2013-02,2013-03,1,1.57562313581409,1.76616299801336,2010-01_2014-12,1901,2009-12,2010-01,2014-12
spei3,Tissamaharama,persistence,2013-03,2013-04,1,1.18720449478703,1.57562313581409,2010-01_2014-12,1901,2009-12,2010-01,2014-12
spei3,Tissamaharama,persistence,2013-04,2013-05,1,0.357226113254756,1.18720449478703,2010-01_2014-12,1901,2009-12,2010-01,2014-12
spei3,Tissamaharama,persistence,2013-05,2013-06,1,-0.495966398092333,0.357226113254756,2010-01_2014-12,1901,2009-12,2010-01,2014-12
spei3,Tissamaharama,persistence,2013-06,2013-07,1,0.253716102617883,-0.495966398092333,2010-01_2014-12,1901,2009-12,2010-01,2014-12
spei3,Tissamaharama,persistence,2013-07,2013-08,1,-1.1603650810144,0.253716102617883,2010-01_2014-12,1901,2009-12,2010-01,2014-12
spei3,Tissamaharama,persistence,2013-08,2013-09,1,-0.646591871498829,-1.1603650810144,2010-01_2014-12,1901,2009-12,2010-01,2014-12
spei3,Tissamaharama,persistence,2013-09,2013-10,1,-1.63470303697005,-0.646591871498829,2010-01_2014-12,1901,2009-12,2010-01,2014-12
spei3,Tissamaharama,persistence,2013-10,2013-11,1,-1.53179821254842,-1.63470303697005,2010-01_2014-12,1901,2009-12,2010-01,2014-12
spei3,Tissamaharama,persistence,2013-11,2013-12,1,-1.87044755674358,-1.53179821254842,2010-01_2014-12,1901,2009-12,2010-01,2014-12
spei3,Tissamaharama,persistence,2013-12,2014-01,1,-1.68168234450652,-1.87044755674358,2010-01_2014-12,1901,2009-12,2010-01,2014-12
spei3,Tissamaharama,persistence,2014-01,2014-02,1,-1.58838961940308,-1.68168234450652,2010-01_2014-12,1901,2009-12,2010-01,2014-12
spei3,Tissamaharama,persistence,2014-02,2014-03,1,-0.817826244989001,-1.58838961940308,2010-01_2014-12,1901,2009-12,2010-01,2014-12
spei3,Tissamaharama,persistence,2014-03,2014-04,1,-1.16730332458488,-0.817826244989001,2010-01_2014-12,1901,2009-12,2010-01,2014-12
spei3,Tissamaharama,persistence,2014-04,2014-05,1,-0.87607055766858,-1.16730332458488,2010-01_2014-12,1901,2009-12,2010-01,2014-12
spei3,Tissamaharama,persistence,2014-05,2014-06,1,-1.17140861315212,-0.87607055766858,2010-01_2014-12,1901,2009-12,2010-01,2014-12
spei3,Tissamaharama,persistence,2014-06,2014-07,1,-0.669278029979797,-1.17140861315212,2010-01_2014-12,1901,2009-12,2010-01,2014-12
spei3,Tissamaharama,persistence,2014-07,2014-08,1,0.0671858674312831,-0.669278029979797,2010-01_2014-12,1901,2009-12,2010-01,2014-12
spei3,Tissamaharama,persistence,2014-08,2014-09,1,0.484116101582977,0.0671858674312831,2010-01_2014-12,1901,2009-12,2010-01,2014-12
spei3,Tissamaharama,persistence,2014-09,2014-10,1,1.02100555593316,0.484116101582977,2010-01_2014-12,1901,2009-12,2010-01,2014-12
spei3,Tissamaharama,persistence,2014-10,2014-11,1,0.570622512883889,1.02100555593316,2010-01_2014-12,1901,2009-12,2010-01,2014-12
spei3,Tissamaharama,persistence,2014-11,2014-12,1,1.65427308341657,0.570622512883889,2010-01_2014-12,1901,2009-12,2010-01,2014-12
spei3,Buttala,ridge_ar24,2014-12,2015-01,1,1.08320335024061,1.2791017865396903,2015-01_2019-12,1901,2014-12,2015-01,2019-12
spei3,Buttala,ridge_ar24,2015-01,2015-02,1,1.41125536016358,1.1186811243200128,2015-01_2019-12,1901,2014-12,2015-01,2019-12
spei3,Buttala,ridge_ar24,2015-02,2015-03,1,-0.211481626907377,0.3233782955975115,2015-01_2019-12,1901,2014-12,2015-01,2019-12
spei3,Buttala,ridge_ar24,2015-03,2015-04,1,1.22268358021288,0.04332222426514744,2015-01_2019-12,1901,2014-12,2015-01,2019-12
spei3,Buttala,ridge_ar24,2015-04,2015-05,1,0.844079281876241,0.7033968105936261,2015-01_2019-12,1901,2014-12,2015-01,2019-12
spei3,Buttala,ridge_ar24,2015-05,2015-06,1,0.661753622841635,1.1521855740390463,2015-01_2019-12,1901,2014-12,2015-01,2019-12
spei3,Buttala,ridge_ar24,2015-06,2015-07,1,0.122080451786767,-0.32374300903670705,2015-01_2019-12,1901,2014-12,2015-01,2019-12
spei3,Buttala,ridge_ar24,2015-07,2015-08,1,0.828294128975366,0.0005945916750772634,2015-01_2019-12,1901,2014-12,2015-01,2019-12
spei3,Buttala,ridge_ar24,2015-08,2015-09,1,2.36142624293056,0.9224995237080754,2015-01_2019-12,1901,2014-12,2015-01,2019-12
spei3,Buttala,ridge_ar24,2015-09,2015-10,1,2.24557516274317,1.7702890562301812,2015-01_2019-12,1901,2014-12,2015-01,2019-12
spei3,Buttala,ridge_ar24,2015-10,2015-11,1,2.13718001354819,1.273297965244461,2015-01_2019-12,1901,2014-12,2015-01,2019-12
spei3,Buttala,ridge_ar24,2015-11,2015-12,1,0.709120170919478,0.8586879046556468,2015-01_2019-12,1901,2014-12,2015-01,2019-12
spei3,Buttala,ridge_ar24,2015-12,2016-01,1,0.288270724734477,0.16485917779372317,2015-01_2019-12,1901,2014-12,2015-01,2019-12
spei3,Buttala,ridge_ar24,2016-01,2016-02,1,0.140674721081179,-0.23913699177908387,2015-01_2019-12,1901,2014-12,2015-01,2019-12
spei3,Buttala,ridge_ar24,2016-02,2016-03,1,-0.0688471068544255,0.18722672474533147,2015-01_2019-12,1901,2014-12,2015-01,2019-12
spei3,Buttala,ridge_ar24,2016-03,2016-04,1,-0.265753718447462,-0.15770350083547507,2015-01_2019-12,1901,2014-12,2015-01,2019-12
spei3,Buttala,ridge_ar24,2016-04,2016-05,1,1.09722578453422,-0.47177171129583817,2015-01_2019-12,1901,2014-12,2015-01,2019-12
spei3,Buttala,ridge_ar24,2016-05,2016-06,1,1.22035701314241,1.0630024912165064,2015-01_2019-12,1901,2014-12,2015-01,2019-12
spei3,Buttala,ridge_ar24,2016-06,2016-07,1,1.581885748687,1.1214239141226283,2015-01_2019-12,1901,2014-12,2015-01,2019-12
spei3,Buttala,ridge_ar24,2016-07,2016-08,1,-0.951592330209572,0.29299662706119295,2015-01_2019-12,1901,2014-12,2015-01,2019-12
spei3,Buttala,ridge_ar24,2016-08,2016-09,1,-1.56490914711227,-0.9023369250381762,2015-01_2019-12,1901,2014-12,2015-01,2019-12
spei3,Buttala,ridge_ar24,2016-09,2016-10,1,-2.44060933501381,-1.6737662544162044,2015-01_2019-12,1901,2014-12,2015-01,2019-12
spei3,Buttala,ridge_ar24,2016-10,2016-11,1,-2.04437096311758,-1.1451518891929924,2015-01_2019-12,1901,2014-12,2015-01,2019-12
spei3,Buttala,ridge_ar24,2016-11,2016-12,1,-1.36872220956647,-1.5837753706706832,2015-01_2019-12,1901,2014-12,2015-01,2019-12
spei3,Buttala,ridge_ar24,2016-12,2017-01,1,-0.141052766694924,-0.5748245954038678,2015-01_2019-12,1901,2014-12,2015-01,2019-12
spei3,Buttala,ridge_ar24,2017-01,2017-02,1,0.191458993612894,0.4279537561506497,2015-01_2019-12,1901,2014-12,2015-01,2019-12
spei3,Buttala,ridge_ar24,2017-02,2017-03,1,1.16387033589118,0.2530665562665153,2015-01_2019-12,1901,2014-12,2015-01,2019-12
spei3,Buttala,ridge_ar24,2017-03,2017-04,1,-0.0073129473071059,0.7578456713348131,2015-01_2019-12,1901,2014-12,2015-01,2019-12
spei3,Buttala,ridge_ar24,2017-04,2017-05,1,0.0180920801935994,0.06390284644923828,2015-01_2019-12,1901,2014-12,2015-01,2019-12
spei3,Buttala,ridge_ar24,2017-05,2017-06,1,-1.35092340220017,-0.4023483090219704,2015-01_2019-12,1901,2014-12,2015-01,2019-12
spei3,Buttala,ridge_ar24,2017-06,2017-07,1,-0.540994107541461,-0.7802162193389108,2015-01_2019-12,1901,2014-12,2015-01,2019-12
spei3,Buttala,ridge_ar24,2017-07,2017-08,1,-0.609237376892072,-0.3974310671736622,2015-01_2019-12,1901,2014-12,2015-01,2019-12
spei3,Buttala,ridge_ar24,2017-08,2017-09,1,0.074171125621723,0.014466920383145912,2015-01_2019-12,1901,2014-12,2015-01,2019-12
spei3,Buttala,ridge_ar24,2017-09,2017-10,1,-0.0831171228491229,-0.020264871259318126,2015-01_2019-12,1901,2014-12,2015-01,2019-12
spei3,Buttala,ridge_ar24,2017-10,2017-11,1,0.486298965882243,0.31118849450088687,2015-01_2019-12,1901,2014-12,2015-01,2019-12
spei3,Buttala,ridge_ar24,2017-11,2017-12,1,0.259561909416978,0.4777593747178232,2015-01_2019-12,1901,2014-12,2015-01,2019-12
spei3,Buttala,ridge_ar24,2017-12,2018-01,1,-0.180643811009867,0.2503199522006579,2015-01_2019-12,1901,2014-12,2015-01,2019-12
spei3,Buttala,ridge_ar24,2018-01,2018-02,1,-0.524007098479285,-0.3845270456341767,2015-01_2019-12,1901,2014-12,2015-01,2019-12
spei3,Buttala,ridge_ar24,2018-02,2018-03,1,-0.638993635602618,-0.5096241709061299,2015-01_2019-12,1901,2014-12,2015-01,2019-12
spei3,Buttala,ridge_ar24,2018-03,2018-04,1,0.295472707121606,-0.21370963809954635,2015-01_2019-12,1901,2014-12,2015-01,2019-12
spei3,Buttala,ridge_ar24,2018-04,2018-05,1,1.20694005803314,0.25228706933271006,2015-01_2019-12,1901,2014-12,2015-01,2019-12
spei3,Buttala,ridge_ar24,2018-05,2018-06,1,1.57029994618847,1.2493183255218578,2015-01_2019-12,1901,2014-12,2015-01,2019-12
spei3,Buttala,ridge_ar24,2018-06,2018-07,1,1.13721261986799,1.126344235891278,2015-01_2019-12,1901,2014-12,2015-01,2019-12
spei3,Buttala,ridge_ar24,2018-07,2018-08,1,-0.590378974351675,0.45106667601664346,2015-01_2019-12,1901,2014-12,2015-01,2019-12
spei3,Buttala,ridge_ar24,2018-08,2018-09,1,-0.635309367446648,-0.7835878235597131,2015-01_2019-12,1901,2014-12,2015-01,2019-12
spei3,Buttala,ridge_ar24,2018-09,2018-10,1,0.214056936593602,-0.6720744789440773,2015-01_2019-12,1901,2014-12,2015-01,2019-12
spei3,Buttala,ridge_ar24,2018-10,2018-11,1,0.332026934239294,0.6832770732271994,2015-01_2019-12,1901,2014-12,2015-01,2019-12
spei3,Buttala,ridge_ar24,2018-11,2018-12,1,0.045296729648018,0.19407929755065256,2015-01_2019-12,1901,2014-12,2015-01,2019-12
spei3,Buttala,ridge_ar24,2018-12,2019-01,1,-0.970406707315499,-0.6291131428966117,2015-01_2019-12,1901,2014-12,2015-01,2019-12
spei3,Buttala,ridge_ar24,2019-01,2019-02,1,-1.12120238226967,-0.5762273775554826,2015-01_2019-12,1901,2014-12,2015-01,2019-12
spei3,Buttala,ridge_ar24,2019-02,2019-03,1,-1.34456560112901,-0.8754628474509445,2015-01_2019-12,1901,2014-12,2015-01,2019-12
spei3,Buttala,ridge_ar24,2019-03,2019-04,1,-0.851455083415095,-0.7336350815951231,2015-01_2019-12,1901,2014-12,2015-01,2019-12
spei3,Buttala,ridge_ar24,2019-04,2019-05,1,-1.34431655163385,-0.3734024645839267,2015-01_2019-12,1901,2014-12,2015-01,2019-12
spei3,Buttala,ridge_ar24,2019-05,2019-06,1,-1.15400107162705,-0.8797668012809025,2015-01_2019-12,1901,2014-12,2015-01,2019-12
spei3,Buttala,ridge_ar24,2019-06,2019-07,1,-1.17555539236284,-1.111565991752179,2015-01_2019-12,1901,2014-12,2015-01,2019-12
spei3,Buttala,ridge_ar24,2019-07,2019-08,1,0.992154620235547,-0.4860624542733025,2015-01_2019-12,1901,2014-12,2015-01,2019-12
spei3,Buttala,ridge_ar24,2019-08,2019-09,1,1.91644554893804,1.1001907254101877,2015-01_2019-12,1901,2014-12,2015-01,2019-12
spei3,Buttala,ridge_ar24,2019-09,2019-10,1,2.24465743181964,1.8645109745283825,2015-01_2019-12,1901,2014-12,2015-01,2019-12
spei3,Buttala,ridge_ar24,2019-10,2019-11,1,1.80415585449056,1.173709526980876,2015-01_2019-12,1901,2014-12,2015-01,2019-12
spei3,Buttala,ridge_ar24,2019-11,2019-12,1,1.55202685863347,1.003580478343085,2015-01_2019-12,1901,2014-12,2015-01,2019-12
spei3,Buttala,persistence,2014-12,2015-01,1,1.08320335024061,1.69090364410368,2015-01_2019-12,1901,2014-12,2015-01,2019-12
spei3,Buttala,persistence,2015-01,2015-02,1,1.41125536016358,1.08320335024061,2015-01_2019-12,1901,2014-12,2015-01,2019-12
spei3,Buttala,persistence,2015-02,2015-03,1,-0.211481626907377,1.41125536016358,2015-01_2019-12,1901,2014-12,2015-01,2019-12
spei3,Buttala,persistence,2015-03,2015-04,1,1.22268358021288,-0.211481626907377,2015-01_2019-12,1901,2014-12,2015-01,2019-12
spei3,Buttala,persistence,2015-04,2015-05,1,0.844079281876241,1.22268358021288,2015-01_2019-12,1901,2014-12,2015-01,2019-12
spei3,Buttala,persistence,2015-05,2015-06,1,0.661753622841635,0.844079281876241,2015-01_2019-12,1901,2014-12,2015-01,2019-12
spei3,Buttala,persistence,2015-06,2015-07,1,0.122080451786767,0.661753622841635,2015-01_2019-12,1901,2014-12,2015-01,2019-12
spei3,Buttala,persistence,2015-07,2015-08,1,0.828294128975366,0.122080451786767,2015-01_2019-12,1901,2014-12,2015-01,2019-12
spei3,Buttala,persistence,2015-08,2015-09,1,2.36142624293056,0.828294128975366,2015-01_2019-12,1901,2014-12,2015-01,2019-12
spei3,Buttala,persistence,2015-09,2015-10,1,2.24557516274317,2.36142624293056,2015-01_2019-12,1901,2014-12,2015-01,2019-12
spei3,Buttala,persistence,2015-10,2015-11,1,2.13718001354819,2.24557516274317,2015-01_2019-12,1901,2014-12,2015-01,2019-12
spei3,Buttala,persistence,2015-11,2015-12,1,0.709120170919478,2.13718001354819,2015-01_2019-12,1901,2014-12,2015-01,2019-12
spei3,Buttala,persistence,2015-12,2016-01,1,0.288270724734477,0.709120170919478,2015-01_2019-12,1901,2014-12,2015-01,2019-12
spei3,Buttala,persistence,2016-01,2016-02,1,0.140674721081179,0.288270724734477,2015-01_2019-12,1901,2014-12,2015-01,2019-12
spei3,Buttala,persistence,2016-02,2016-03,1,-0.0688471068544255,0.140674721081179,2015-01_2019-12,1901,2014-12,2015-01,2019-12
spei3,Buttala,persistence,2016-03,2016-04,1,-0.265753718447462,-0.0688471068544255,2015-01_2019-12,1901,2014-12,2015-01,2019-12
spei3,Buttala,persistence,2016-04,2016-05,1,1.09722578453422,-0.265753718447462,2015-01_2019-12,1901,2014-12,2015-01,2019-12
spei3,Buttala,persistence,2016-05,2016-06,1,1.22035701314241,1.09722578453422,2015-01_2019-12,1901,2014-12,2015-01,2019-12
spei3,Buttala,persistence,2016-06,2016-07,1,1.581885748687,1.22035701314241,2015-01_2019-12,1901,2014-12,2015-01,2019-12
spei3,Buttala,persistence,2016-07,2016-08,1,-0.951592330209572,1.581885748687,2015-01_2019-12,1901,2014-12,2015-01,2019-12
spei3,Buttala,persistence,2016-08,2016-09,1,-1.56490914711227,-0.951592330209572,2015-01_2019-12,1901,2014-12,2015-01,2019-12
spei3,Buttala,persistence,2016-09,2016-10,1,-2.44060933501381,-1.56490914711227,2015-01_2019-12,1901,2014-12,2015-01,2019-12
spei3,Buttala,persistence,2016-10,2016-11,1,-2.04437096311758,-2.44060933501381,2015-01_2019-12,1901,2014-12,2015-01,2019-12
spei3,Buttala,persistence,2016-11,2016-12,1,-1.36872220956647,-2.04437096311758,2015-01_2019-12,1901,2014-12,2015-01,2019-12
spei3,Buttala,persistence,2016-12,2017-01,1,-0.141052766694924,-1.36872220956647,2015-01_2019-12,1901,2014-12,2015-01,2019-12
spei3,Buttala,persistence,2017-01,2017-02,1,0.191458993612894,-0.141052766694924,2015-01_2019-12,1901,2014-12,2015-01,2019-12
spei3,Buttala,persistence,2017-02,2017-03,1,1.16387033589118,0.191458993612894,2015-01_2019-12,1901,2014-12,2015-01,2019-12
spei3,Buttala,persistence,2017-03,2017-04,1,-0.0073129473071059,1.16387033589118,2015-01_2019-12,1901,2014-12,2015-01,2019-12
spei3,Buttala,persistence,2017-04,2017-05,1,0.0180920801935994,-0.0073129473071059,2015-01_2019-12,1901,2014-12,2015-01,2019-12
spei3,Buttala,persistence,2017-05,2017-06,1,-1.35092340220017,0.0180920801935994,2015-01_2019-12,1901,2014-12,2015-01,2019-12
spei3,Buttala,persistence,2017-06,2017-07,1,-0.540994107541461,-1.35092340220017,2015-01_2019-12,1901,2014-12,2015-01,2019-12
spei3,Buttala,persistence,2017-07,2017-08,1,-0.609237376892072,-0.540994107541461,2015-01_2019-12,1901,2014-12,2015-01,2019-12
spei3,Buttala,persistence,2017-08,2017-09,1,0.074171125621723,-0.609237376892072,2015-01_2019-12,1901,2014-12,2015-01,2019-12
spei3,Buttala,persistence,2017-09,2017-10,1,-0.0831171228491229,0.074171125621723,2015-01_2019-12,1901,2014-12,2015-01,2019-12
spei3,Buttala,persistence,2017-10,2017-11,1,0.486298965882243,-0.0831171228491229,2015-01_2019-12,1901,2014-12,2015-01,2019-12
spei3,Buttala,persistence,2017-11,2017-12,1,0.259561909416978,0.486298965882243,2015-01_2019-12,1901,2014-12,2015-01,2019-12
spei3,Buttala,persistence,2017-12,2018-01,1,-0.180643811009867,0.259561909416978,2015-01_2019-12,1901,2014-12,2015-01,2019-12
spei3,Buttala,persistence,2018-01,2018-02,1,-0.524007098479285,-0.180643811009867,2015-01_2019-12,1901,2014-12,2015-01,2019-12
spei3,Buttala,persistence,2018-02,2018-03,1,-0.638993635602618,-0.524007098479285,2015-01_2019-12,1901,2014-12,2015-01,2019-12
spei3,Buttala,persistence,2018-03,2018-04,1,0.295472707121606,-0.638993635602618,2015-01_2019-12,1901,2014-12,2015-01,2019-12
spei3,Buttala,persistence,2018-04,2018-05,1,1.20694005803314,0.295472707121606,2015-01_2019-12,1901,2014-12,2015-01,2019-12
spei3,Buttala,persistence,2018-05,2018-06,1,1.57029994618847,1.20694005803314,2015-01_2019-12,1901,2014-12,2015-01,2019-12
spei3,Buttala,persistence,2018-06,2018-07,1,1.13721261986799,1.57029994618847,2015-01_2019-12,1901,2014-12,2015-01,2019-12
spei3,Buttala,persistence,2018-07,2018-08,1,-0.590378974351675,1.13721261986799,2015-01_2019-12,1901,2014-12,2015-01,2019-12
spei3,Buttala,persistence,2018-08,2018-09,1,-0.635309367446648,-0.590378974351675,2015-01_2019-12,1901,2014-12,2015-01,2019-12
spei3,Buttala,persistence,2018-09,2018-10,1,0.214056936593602,-0.635309367446648,2015-01_2019-12,1901,2014-12,2015-01,2019-12
spei3,Buttala,persistence,2018-10,2018-11,1,0.332026934239294,0.214056936593602,2015-01_2019-12,1901,2014-12,2015-01,2019-12
spei3,Buttala,persistence,2018-11,2018-12,1,0.045296729648018,0.332026934239294,2015-01_2019-12,1901,2014-12,2015-01,2019-12
spei3,Buttala,persistence,2018-12,2019-01,1,-0.970406707315499,0.045296729648018,2015-01_2019-12,1901,2014-12,2015-01,2019-12
spei3,Buttala,persistence,2019-01,2019-02,1,-1.12120238226967,-0.970406707315499,2015-01_2019-12,1901,2014-12,2015-01,2019-12
spei3,Buttala,persistence,2019-02,2019-03,1,-1.34456560112901,-1.12120238226967,2015-01_2019-12,1901,2014-12,2015-01,2019-12
spei3,Buttala,persistence,2019-03,2019-04,1,-0.851455083415095,-1.34456560112901,2015-01_2019-12,1901,2014-12,2015-01,2019-12
spei3,Buttala,persistence,2019-04,2019-05,1,-1.34431655163385,-0.851455083415095,2015-01_2019-12,1901,2014-12,2015-01,2019-12
spei3,Buttala,persistence,2019-05,2019-06,1,-1.15400107162705,-1.34431655163385,2015-01_2019-12,1901,2014-12,2015-01,2019-12
spei3,Buttala,persistence,2019-06,2019-07,1,-1.17555539236284,-1.15400107162705,2015-01_2019-12,1901,2014-12,2015-01,2019-12
spei3,Buttala,persistence,2019-07,2019-08,1,0.992154620235547,-1.17555539236284,2015-01_2019-12,1901,2014-12,2015-01,2019-12
spei3,Buttala,persistence,2019-08,2019-09,1,1.91644554893804,0.992154620235547,2015-01_2019-12,1901,2014-12,2015-01,2019-12
spei3,Buttala,persistence,2019-09,2019-10,1,2.24465743181964,1.91644554893804,2015-01_2019-12,1901,2014-12,2015-01,2019-12
spei3,Buttala,persistence,2019-10,2019-11,1,1.80415585449056,2.24465743181964,2015-01_2019-12,1901,2014-12,2015-01,2019-12
spei3,Buttala,persistence,2019-11,2019-12,1,1.55202685863347,1.80415585449056,2015-01_2019-12,1901,2014-12,2015-01,2019-12
spei3,Padaviya,ridge_ar24,2014-12,2015-01,1,0.280025069007331,0.46945682211106166,2015-01_2019-12,1901,2014-12,2015-01,2019-12
spei3,Padaviya,ridge_ar24,2015-01,2015-02,1,1.04353171085966,0.5499069158236278,2015-01_2019-12,1901,2014-12,2015-01,2019-12
spei3,Padaviya,ridge_ar24,2015-02,2015-03,1,-0.185009079811322,0.26324198416223216,2015-01_2019-12,1901,2014-12,2015-01,2019-12
spei3,Padaviya,ridge_ar24,2015-03,2015-04,1,1.29802419508024,0.005399402239693706,2015-01_2019-12,1901,2014-12,2015-01,2019-12
spei3,Padaviya,ridge_ar24,2015-04,2015-05,1,1.40688913416742,0.799097588850003,2015-01_2019-12,1901,2014-12,2015-01,2019-12
spei3,Padaviya,ridge_ar24,2015-05,2015-06,1,1.51548067067236,1.255354597542966,2015-01_2019-12,1901,2014-12,2015-01,2019-12
spei3,Padaviya,ridge_ar24,2015-06,2015-07,1,0.915579173625242,0.6140421565614597,2015-01_2019-12,1901,2014-12,2015-01,2019-12
spei3,Padaviya,ridge_ar24,2015-07,2015-08,1,0.561038078817709,0.381662231448688,2015-01_2019-12,1901,2014-12,2015-01,2019-12
spei3,Padaviya,ridge_ar24,2015-08,2015-09,1,2.05153756819281,0.36175574283587775,2015-01_2019-12,1901,2014-12,2015-01,2019-12
spei3,Padaviya,ridge_ar24,2015-09,2015-10,1,1.83184823435988,1.3051271294367612,2015-01_2019-12,1901,2014-12,2015-01,2019-12
spei3,Padaviya,ridge_ar24,2015-10,2015-11,1,1.80183417607379,1.2190395134380818,2015-01_2019-12,1901,2014-12,2015-01,2019-12
spei3,Padaviya,ridge_ar24,2015-11,2015-12,1,1.01049978564091,0.4766822898976905,2015-01_2019-12,1901,2014-12,2015-01,2019-12
spei3,Padaviya,ridge_ar24,2015-12,2016-01,1,0.689827122990904,0.4058333112110828,2015-01_2019-12,1901,2014-12,2015-01,2019-12
spei3,Padaviya,ridge_ar24,2016-01,2016-02,1,0.516691072463017,0.2906061441870864,2015-01_2019-12,1901,2014-12,2015-01,2019-12
spei3,Padaviya,ridge_ar24,2016-02,2016-03,1,-0.132563488034886,0.08359253217257995,2015-01_2019-12,1901,2014-12,2015-01,2019-12
spei3,Padaviya,ridge_ar24,2016-03,2016-04,1,-0.183261915068523,-0.23810284373556187,2015-01_2019-12,1901,2014-12,2015-01,2019-12
spei3,Padaviya,ridge_ar24,2016-04,2016-05,1,0.743354176424548,-0.4731094854064716,2015-01_2019-12,1901,2014-12,2015-01,2019-12
spei3,Padaviya,ridge_ar24,2016-05,2016-06,1,1.13659176664048,0.5558937450270169,2015-01_2019-12,1901,2014-12,2015-01,2019-12
spei3,Padaviya,ridge_ar24,2016-06,2016-07,1,1.70867812129462,0.7549917026050873,2015-01_2019-12,1901,2014-12,2015-01,2019-12
spei3,Padaviya,ridge_ar24,2016-07,2016-08,1,-1.8856020647114,0.650475494499781,2015-01_2019-12,1901,2014-12,2015-01,2019-12
spei3,Padaviya,ridge_ar24,2016-08,2016-09,1,-2.42758931675763,-1.6879704254512031,2015-01_2019-12,1901,2014-12,2015-01,2019-12
spei3,Padaviya,ridge_ar24,2016-09,2016-10,1,-2.49496529984163,-2.226923075743708,2015-01_2019-12,1901,2014-12,2015-01,2019-12
spei3,Padaviya,ridge_ar24,2016-10,2016-11,1,-1.78056078119899,-0.6149569851134681,2015-01_2019-12,1901,2014-12,2015-01,2019-12
spei3,Padaviya,ridge_ar24,2016-11,2016-12,1,-1.77790321630992,-1.1426744336674783,2015-01_2019-12,1901,2014-12,2015-01,2019-12
spei3,Padaviya,ridge_ar24,2016-12,2017-01,1,-0.71576765739628,-1.4241421467151631,2015-01_2019-12,1901,2014-12,2015-01,2019-12
spei3,Padaviya,ridge_ar24,2017-01,2017-02,1,-0.422492797689363,-0.17014162242613362,2015-01_2019-12,1901,2014-12,2015-01,2019-12
spei3,Padaviya,ridge_ar24,2017-02,2017-03,1,0.810599386842531,0.03832928992635258,2015-01_2019-12,1901,2014-12,2015-01,2019-12
spei3,Padaviya,ridge_ar24,2017-03,2017-04,1,-0.539439532640254,0.559788972133531,2015-01_2019-12,1901,2014-12,2015-01,2019-12
spei3,Padaviya,ridge_ar24,2017-04,2017-05,1,-0.573547510075455,-0.1942260978576964,2015-01_2019-12,1901,2014-12,2015-01,2019-12
spei3,Padaviya,ridge_ar24,2017-05,2017-06,1,-1.80038165821502,-0.5927341931281948,2015-01_2019-12,1901,2014-12,2015-01,2019-12
spei3,Padaviya,ridge_ar24,2017-06,2017-07,1,-0.718032824531404,-0.9093928920888764,2015-01_2019-12,1901,2014-12,2015-01,2019-12
spei3,Padaviya,ridge_ar24,2017-07,2017-08,1,1.0515297659026,-0.37286359014411763,2015-01_2019-12,1901,2014-12,2015-01,2019-12
spei3,Padaviya,ridge_ar24,2017-08,2017-09,1,0.96257138983739,1.1967330343060838,2015-01_2019-12,1901,2014-12,2015-01,2019-12
spei3,Padaviya,ridge_ar24,2017-09,2017-10,1,-1.25132313589062,0.5655755619085212,2015-01_2019-12,1901,2014-12,2015-01,2019-12
spei3,Padaviya,ridge_ar24,2017-10,2017-11,1,-0.728052449368366,-1.460051138562199,2015-01_2019-12,1901,2014-12,2015-01,2019-12
spei3,Padaviya,ridge_ar24,2017-11,2017-12,1,-0.969150537720911,-0.17940964167140416,2015-01_2019-12,1901,2014-12,2015-01,2019-12
spei3,Padaviya,ridge_ar24,2017-12,2018-01,1,-0.508011567684116,0.2808295166781761,2015-01_2019-12,1901,2014-12,2015-01,2019-12
spei3,Padaviya,ridge_ar24,2018-01,2018-02,1,-0.916794314344242,-0.7207485714934654,2015-01_2019-12,1901,2014-12,2015-01,2019-12
spei3,Padaviya,ridge_ar24,2018-02,2018-03,1,-0.62910001517059,-0.5961097805601329,2015-01_2019-12,1901,2014-12,2015-01,2019-12
spei3,Padaviya,ridge_ar24,2018-03,2018-04,1,0.184516014316009,-0.13719885829770226,2015-01_2019-12,1901,2014-12,2015-01,2019-12
spei3,Padaviya,ridge_ar24,2018-04,2018-05,1,0.643700960660729,0.2132445208366979,2015-01_2019-12,1901,2014-12,2015-01,2019-12
spei3,Padaviya,ridge_ar24,2018-05,2018-06,1,0.960876653409452,0.7143825847771862,2015-01_2019-12,1901,2014-12,2015-01,2019-12
spei3,Padaviya,ridge_ar24,2018-06,2018-07,1,0.568779510377352,0.7889831015125545,2015-01_2019-12,1901,2014-12,2015-01,2019-12
spei3,Padaviya,ridge_ar24,2018-07,2018-08,1,-0.759738074925867,0.40564969797129896,2015-01_2019-12,1901,2014-12,2015-01,2019-12
spei3,Padaviya,ridge_ar24,2018-08,2018-09,1,-0.252963282464335,-0.6479827410150943,2015-01_2019-12,1901,2014-12,2015-01,2019-12
spei3,Padaviya,ridge_ar24,2018-09,2018-10,1,0.913112092015534,-0.12236292969927887,2015-01_2019-12,1901,2014-12,2015-01,2019-12
spei3,Padaviya,ridge_ar24,2018-10,2018-11,1,1.31291110213515,1.0360211279628941,2015-01_2019-12,1901,2014-12,2015-01,2019-12
spei3,Padaviya,ridge_ar24,2018-11,2018-12,1,0.272840378528519,0.6811652457887187,2015-01_2019-12,1901,2014-12,2015-01,2019-12
spei3,Padaviya,ridge_ar24,2018-12,2019-01,1,-0.819678471745806,-0.3601628641466659,2015-01_2019-12,1901,2014-12,2015-01,2019-12
spei3,Padaviya,ridge_ar24,2019-01,2019-02,1,-2.16288126411821,-0.5724858327248424,2015-01_2019-12,1901,2014-12,2015-01,2019-12
spei3,Padaviya,ridge_ar24,2019-02,2019-03,1,-1.66450544217771,-1.300431581502408,2015-01_2019-12,1901,2014-12,2015-01,2019-12
spei3,Padaviya,ridge_ar24,2019-03,2019-04,1,-1.83134443393104,-0.9960186571781581,2015-01_2019-12,1901,2014-12,2015-01,2019-12
spei3,Padaviya,ridge_ar24,2019-04,2019-05,1,-2.23230416657516,-0.7374628038454608,2015-01_2019-12,1901,2014-12,2015-01,2019-12
spei3,Padaviya,ridge_ar24,2019-05,2019-06,1,-2.34512558633525,-1.628867515122469,2015-01_2019-12,1901,2014-12,2015-01,2019-12
spei3,Padaviya,ridge_ar24,2019-06,2019-07,1,-1.57842458228701,-1.5639173316348636,2015-01_2019-12,1901,2014-12,2015-01,2019-12
spei3,Padaviya,ridge_ar24,2019-07,2019-08,1,-0.0114533550605058,-0.3919070868631766,2015-01_2019-12,1901,2014-12,2015-01,2019-12
spei3,Padaviya,ridge_ar24,2019-08,2019-09,1,1.70194748948721,0.48809277658617334,2015-01_2019-12,1901,2014-12,2015-01,2019-12
spei3,Padaviya,ridge_ar24,2019-09,2019-10,1,1.79030349872334,1.4899381383928934,2015-01_2019-12,1901,2014-12,2015-01,2019-12
spei3,Padaviya,ridge_ar24,2019-10,2019-11,1,1.51976441027939,1.233437991481932,2015-01_2019-12,1901,2014-12,2015-01,2019-12
spei3,Padaviya,ridge_ar24,2019-11,2019-12,1,0.926093708248066,0.6723125503870478,2015-01_2019-12,1901,2014-12,2015-01,2019-12
spei3,Padaviya,persistence,2014-12,2015-01,1,0.280025069007331,1.04489600883021,2015-01_2019-12,1901,2014-12,2015-01,2019-12
spei3,Padaviya,persistence,2015-01,2015-02,1,1.04353171085966,0.280025069007331,2015-01_2019-12,1901,2014-12,2015-01,2019-12
spei3,Padaviya,persistence,2015-02,2015-03,1,-0.185009079811322,1.04353171085966,2015-01_2019-12,1901,2014-12,2015-01,2019-12
spei3,Padaviya,persistence,2015-03,2015-04,1,1.29802419508024,-0.185009079811322,2015-01_2019-12,1901,2014-12,2015-01,2019-12
spei3,Padaviya,persistence,2015-04,2015-05,1,1.40688913416742,1.29802419508024,2015-01_2019-12,1901,2014-12,2015-01,2019-12
spei3,Padaviya,persistence,2015-05,2015-06,1,1.51548067067236,1.40688913416742,2015-01_2019-12,1901,2014-12,2015-01,2019-12
spei3,Padaviya,persistence,2015-06,2015-07,1,0.915579173625242,1.51548067067236,2015-01_2019-12,1901,2014-12,2015-01,2019-12
spei3,Padaviya,persistence,2015-07,2015-08,1,0.561038078817709,0.915579173625242,2015-01_2019-12,1901,2014-12,2015-01,2019-12
spei3,Padaviya,persistence,2015-08,2015-09,1,2.05153756819281,0.561038078817709,2015-01_2019-12,1901,2014-12,2015-01,2019-12
spei3,Padaviya,persistence,2015-09,2015-10,1,1.83184823435988,2.05153756819281,2015-01_2019-12,1901,2014-12,2015-01,2019-12
spei3,Padaviya,persistence,2015-10,2015-11,1,1.80183417607379,1.83184823435988,2015-01_2019-12,1901,2014-12,2015-01,2019-12
spei3,Padaviya,persistence,2015-11,2015-12,1,1.01049978564091,1.80183417607379,2015-01_2019-12,1901,2014-12,2015-01,2019-12
spei3,Padaviya,persistence,2015-12,2016-01,1,0.689827122990904,1.01049978564091,2015-01_2019-12,1901,2014-12,2015-01,2019-12
spei3,Padaviya,persistence,2016-01,2016-02,1,0.516691072463017,0.689827122990904,2015-01_2019-12,1901,2014-12,2015-01,2019-12
spei3,Padaviya,persistence,2016-02,2016-03,1,-0.132563488034886,0.516691072463017,2015-01_2019-12,1901,2014-12,2015-01,2019-12
spei3,Padaviya,persistence,2016-03,2016-04,1,-0.183261915068523,-0.132563488034886,2015-01_2019-12,1901,2014-12,2015-01,2019-12
spei3,Padaviya,persistence,2016-04,2016-05,1,0.743354176424548,-0.183261915068523,2015-01_2019-12,1901,2014-12,2015-01,2019-12
spei3,Padaviya,persistence,2016-05,2016-06,1,1.13659176664048,0.743354176424548,2015-01_2019-12,1901,2014-12,2015-01,2019-12
spei3,Padaviya,persistence,2016-06,2016-07,1,1.70867812129462,1.13659176664048,2015-01_2019-12,1901,2014-12,2015-01,2019-12
spei3,Padaviya,persistence,2016-07,2016-08,1,-1.8856020647114,1.70867812129462,2015-01_2019-12,1901,2014-12,2015-01,2019-12
spei3,Padaviya,persistence,2016-08,2016-09,1,-2.42758931675763,-1.8856020647114,2015-01_2019-12,1901,2014-12,2015-01,2019-12
spei3,Padaviya,persistence,2016-09,2016-10,1,-2.49496529984163,-2.42758931675763,2015-01_2019-12,1901,2014-12,2015-01,2019-12
spei3,Padaviya,persistence,2016-10,2016-11,1,-1.78056078119899,-2.49496529984163,2015-01_2019-12,1901,2014-12,2015-01,2019-12
spei3,Padaviya,persistence,2016-11,2016-12,1,-1.77790321630992,-1.78056078119899,2015-01_2019-12,1901,2014-12,2015-01,2019-12
spei3,Padaviya,persistence,2016-12,2017-01,1,-0.71576765739628,-1.77790321630992,2015-01_2019-12,1901,2014-12,2015-01,2019-12
spei3,Padaviya,persistence,2017-01,2017-02,1,-0.422492797689363,-0.71576765739628,2015-01_2019-12,1901,2014-12,2015-01,2019-12
spei3,Padaviya,persistence,2017-02,2017-03,1,0.810599386842531,-0.422492797689363,2015-01_2019-12,1901,2014-12,2015-01,2019-12
spei3,Padaviya,persistence,2017-03,2017-04,1,-0.539439532640254,0.810599386842531,2015-01_2019-12,1901,2014-12,2015-01,2019-12
spei3,Padaviya,persistence,2017-04,2017-05,1,-0.573547510075455,-0.539439532640254,2015-01_2019-12,1901,2014-12,2015-01,2019-12
spei3,Padaviya,persistence,2017-05,2017-06,1,-1.80038165821502,-0.573547510075455,2015-01_2019-12,1901,2014-12,2015-01,2019-12
spei3,Padaviya,persistence,2017-06,2017-07,1,-0.718032824531404,-1.80038165821502,2015-01_2019-12,1901,2014-12,2015-01,2019-12
spei3,Padaviya,persistence,2017-07,2017-08,1,1.0515297659026,-0.718032824531404,2015-01_2019-12,1901,2014-12,2015-01,2019-12
spei3,Padaviya,persistence,2017-08,2017-09,1,0.96257138983739,1.0515297659026,2015-01_2019-12,1901,2014-12,2015-01,2019-12
spei3,Padaviya,persistence,2017-09,2017-10,1,-1.25132313589062,0.96257138983739,2015-01_2019-12,1901,2014-12,2015-01,2019-12
spei3,Padaviya,persistence,2017-10,2017-11,1,-0.728052449368366,-1.25132313589062,2015-01_2019-12,1901,2014-12,2015-01,2019-12
spei3,Padaviya,persistence,2017-11,2017-12,1,-0.969150537720911,-0.728052449368366,2015-01_2019-12,1901,2014-12,2015-01,2019-12
spei3,Padaviya,persistence,2017-12,2018-01,1,-0.508011567684116,-0.969150537720911,2015-01_2019-12,1901,2014-12,2015-01,2019-12
spei3,Padaviya,persistence,2018-01,2018-02,1,-0.916794314344242,-0.508011567684116,2015-01_2019-12,1901,2014-12,2015-01,2019-12
spei3,Padaviya,persistence,2018-02,2018-03,1,-0.62910001517059,-0.916794314344242,2015-01_2019-12,1901,2014-12,2015-01,2019-12
spei3,Padaviya,persistence,2018-03,2018-04,1,0.184516014316009,-0.62910001517059,2015-01_2019-12,1901,2014-12,2015-01,2019-12
spei3,Padaviya,persistence,2018-04,2018-05,1,0.643700960660729,0.184516014316009,2015-01_2019-12,1901,2014-12,2015-01,2019-12
spei3,Padaviya,persistence,2018-05,2018-06,1,0.960876653409452,0.643700960660729,2015-01_2019-12,1901,2014-12,2015-01,2019-12
spei3,Padaviya,persistence,2018-06,2018-07,1,0.568779510377352,0.960876653409452,2015-01_2019-12,1901,2014-12,2015-01,2019-12
spei3,Padaviya,persistence,2018-07,2018-08,1,-0.759738074925867,0.568779510377352,2015-01_2019-12,1901,2014-12,2015-01,2019-12
spei3,Padaviya,persistence,2018-08,2018-09,1,-0.252963282464335,-0.759738074925867,2015-01_2019-12,1901,2014-12,2015-01,2019-12
spei3,Padaviya,persistence,2018-09,2018-10,1,0.913112092015534,-0.252963282464335,2015-01_2019-12,1901,2014-12,2015-01,2019-12
spei3,Padaviya,persistence,2018-10,2018-11,1,1.31291110213515,0.913112092015534,2015-01_2019-12,1901,2014-12,2015-01,2019-12
spei3,Padaviya,persistence,2018-11,2018-12,1,0.272840378528519,1.31291110213515,2015-01_2019-12,1901,2014-12,2015-01,2019-12
spei3,Padaviya,persistence,2018-12,2019-01,1,-0.819678471745806,0.272840378528519,2015-01_2019-12,1901,2014-12,2015-01,2019-12
spei3,Padaviya,persistence,2019-01,2019-02,1,-2.16288126411821,-0.819678471745806,2015-01_2019-12,1901,2014-12,2015-01,2019-12
spei3,Padaviya,persistence,2019-02,2019-03,1,-1.66450544217771,-2.16288126411821,2015-01_2019-12,1901,2014-12,2015-01,2019-12
spei3,Padaviya,persistence,2019-03,2019-04,1,-1.83134443393104,-1.66450544217771,2015-01_2019-12,1901,2014-12,2015-01,2019-12
spei3,Padaviya,persistence,2019-04,2019-05,1,-2.23230416657516,-1.83134443393104,2015-01_2019-12,1901,2014-12,2015-01,2019-12
spei3,Padaviya,persistence,2019-05,2019-06,1,-2.34512558633525,-2.23230416657516,2015-01_2019-12,1901,2014-12,2015-01,2019-12
spei3,Padaviya,persistence,2019-06,2019-07,1,-1.57842458228701,-2.34512558633525,2015-01_2019-12,1901,2014-12,2015-01,2019-12
spei3,Padaviya,persistence,2019-07,2019-08,1,-0.0114533550605058,-1.57842458228701,2015-01_2019-12,1901,2014-12,2015-01,2019-12
spei3,Padaviya,persistence,2019-08,2019-09,1,1.70194748948721,-0.0114533550605058,2015-01_2019-12,1901,2014-12,2015-01,2019-12
spei3,Padaviya,persistence,2019-09,2019-10,1,1.79030349872334,1.70194748948721,2015-01_2019-12,1901,2014-12,2015-01,2019-12
spei3,Padaviya,persistence,2019-10,2019-11,1,1.51976441027939,1.79030349872334,2015-01_2019-12,1901,2014-12,2015-01,2019-12
spei3,Padaviya,persistence,2019-11,2019-12,1,0.926093708248066,1.51976441027939,2015-01_2019-12,1901,2014-12,2015-01,2019-12
spei3,Tissamaharama,ridge_ar24,2014-12,2015-01,1,1.13555297349844,1.2623478450346717,2015-01_2019-12,1901,2014-12,2015-01,2019-12
spei3,Tissamaharama,ridge_ar24,2015-01,2015-02,1,1.48398418049504,1.113248575250215,2015-01_2019-12,1901,2014-12,2015-01,2019-12
spei3,Tissamaharama,ridge_ar24,2015-02,2015-03,1,-0.153666694982836,0.4615686450700069,2015-01_2019-12,1901,2014-12,2015-01,2019-12
spei3,Tissamaharama,ridge_ar24,2015-03,2015-04,1,1.14919497392296,0.03100408137531175,2015-01_2019-12,1901,2014-12,2015-01,2019-12
spei3,Tissamaharama,ridge_ar24,2015-04,2015-05,1,0.633939431878958,0.5860869949862431,2015-01_2019-12,1901,2014-12,2015-01,2019-12
spei3,Tissamaharama,ridge_ar24,2015-05,2015-06,1,0.416907034649262,1.033498787376692,2015-01_2019-12,1901,2014-12,2015-01,2019-12
spei3,Tissamaharama,ridge_ar24,2015-06,2015-07,1,-0.0683418926341607,-0.5370266588840265,2015-01_2019-12,1901,2014-12,2015-01,2019-12
spei3,Tissamaharama,ridge_ar24,2015-07,2015-08,1,0.829509889868126,-0.08208013630281641,2015-01_2019-12,1901,2014-12,2015-01,2019-12
spei3,Tissamaharama,ridge_ar24,2015-08,2015-09,1,2.37438396928582,0.9940139139251414,2015-01_2019-12,1901,2014-12,2015-01,2019-12
spei3,Tissamaharama,ridge_ar24,2015-09,2015-10,1,2.20625362867179,1.830482204137197,2015-01_2019-12,1901,2014-12,2015-01,2019-12
spei3,Tissamaharama,ridge_ar24,2015-10,2015-11,1,2.02933148569575,1.1427767483835567,2015-01_2019-12,1901,2014-12,2015-01,2019-12
spei3,Tissamaharama,ridge_ar24,2015-11,2015-12,1,0.717177988232021,0.7961662057133594,2015-01_2019-12,1901,2014-12,2015-01,2019-12
spei3,Tissamaharama,ridge_ar24,2015-12,2016-01,1,0.408955043205242,0.21081141361243982,2015-01_2019-12,1901,2014-12,2015-01,2019-12
spei3,Tissamaharama,ridge_ar24,2016-01,2016-02,1,0.0932194726699826,-0.13443474546467415,2015-01_2019-12,1901,2014-12,2015-01,2019-12
spei3,Tissamaharama,ridge_ar24,2016-02,2016-03,1,-0.11324809677162,0.10716486425941135,2015-01_2019-12,1901,2014-12,2015-01,2019-12
spei3,Tissamaharama,ridge_ar24,2016-03,2016-04,1,-0.433117570085305,-0.2253071302561288,2015-01_2019-12,1901,2014-12,2015-01,2019-12
spei3,Tissamaharama,ridge_ar24,2016-04,2016-05,1,1.10556272822959,-0.48081900477880624,2015-01_2019-12,1901,2014-12,2015-01,2019-12
spei3,Tissamaharama,ridge_ar24,2016-05,2016-06,1,1.19701211394884,1.092037670089124,2015-01_2019-12,1901,2014-12,2015-01,2019-12
spei3,Tissamaharama,ridge_ar24,2016-06,2016-07,1,1.50268293165217,1.2105129017626963,2015-01_2019-12,1901,2014-12,2015-01,2019-12
spei3,Tissamaharama,ridge_ar24,2016-07,2016-08,1,-0.82971554061516,0.1981951671372344,2015-01_2019-12,1901,2014-12,2015-01,2019-12
spei3,Tissamaharama,ridge_ar24,2016-08,2016-09,1,-1.45712641532381,-0.813759516703055,2015-01_2019-12,1901,2014-12,2015-01,2019-12
spei3,Tissamaharama,ridge_ar24,2016-09,2016-10,1,-2.35138774736396,-1.497570057654215,2015-01_2019-12,1901,2014-12,2015-01,2019-12
spei3,Tissamaharama,ridge_ar24,2016-10,2016-11,1,-2.05059260168463,-1.1841600495083062,2015-01_2019-12,1901,2014-12,2015-01,2019-12
spei3,Tissamaharama,ridge_ar24,2016-11,2016-12,1,-1.34361637528536,-1.5890148855962039,2015-01_2019-12,1901,2014-12,2015-01,2019-12
spei3,Tissamaharama,ridge_ar24,2016-12,2017-01,1,-0.164236891821053,-0.4421034869237995,2015-01_2019-12,1901,2014-12,2015-01,2019-12
spei3,Tissamaharama,ridge_ar24,2017-01,2017-02,1,0.252382692325401,0.4223482665692696,2015-01_2019-12,1901,2014-12,2015-01,2019-12
spei3,Tissamaharama,ridge_ar24,2017-02,2017-03,1,1.22410570204603,0.30816597365115034,2015-01_2019-12,1901,2014-12,2015-01,2019-12
spei3,Tissamaharama,ridge_ar24,2017-03,2017-04,1,0.153353273071407,0.8100369370999138,2015-01_2019-12,1901,2014-12,2015-01,2019-12
spei3,Tissamaharama,ridge_ar24,2017-04,2017-05,1,0.181009714071308,0.14896146802681776,2015-01_2019-12,1901,2014-12,2015-01,2019-12
spei3,Tissamaharama,ridge_ar24,2017-05,2017-06,1,-1.24880033043603,-0.29926517444666173,2015-01_2019-12,1901,2014-12,2015-01,2019-12
spei3,Tissamaharama,ridge_ar24,2017-06,2017-07,1,-0.571230197863316,-0.7450187907784102,2015-01_2019-12,1901,2014-12,2015-01,2019-12
spei3,Tissamaharama,ridge_ar24,2017-07,2017-08,1,-0.962864991579211,-0.45369124752148876,2015-01_2019-12,1901,2014-12,2015-01,2019-12
spei3,Tissamaharama,ridge_ar24,2017-08,2017-09,1,-0.103441831305537,-0.2633144820503084,2015-01_2019-12,1901,2014-12,2015-01,2019-12
spei3,Tissamaharama,ridge_ar24,2017-09,2017-10,1,0.039061458440044,-0.09140549255012226,2015-01_2019-12,1901,2014-12,2015-01,2019-12
spei3,Tissamaharama,ridge_ar24,2017-10,2017-11,1,0.664753482166968,0.5888646979565539,2015-01_2019-12,1901,2014-12,2015-01,2019-12
spei3,Tissamaharama,ridge_ar24,2017-11,2017-12,1,0.47242851053325,0.5491598335336662,2015-01_2019-12,1901,2014-12,2015-01,2019-12
spei3,Tissamaharama,ridge_ar24,2017-12,2018-01,1,0.0547210986657288,0.26755035045304226,2015-01_2019-12,1901,2014-12,2015-01,2019-12
spei3,Tissamaharama,ridge_ar24,2018-01,2018-02,1,-0.454854766861153,-0.1597067311778824,2015-01_2019-12,1901,2014-12,2015-01,2019-12
spei3,Tissamaharama,ridge_ar24,2018-02,2018-03,1,-0.629386157768035,-0.49960452843337255,2015-01_2019-12,1901,2014-12,2015-01,2019-12
spei3,Tissamaharama,ridge_ar24,2018-03,2018-04,1,0.221593131503221,-0.343478858536511,2015-01_2019-12,1901,2014-12,2015-01,2019-12
spei3,Tissamaharama,ridge_ar24,2018-04,2018-05,1,1.27182177791999,0.3021439440309079,2015-01_2019-12,1901,2014-12,2015-01,2019-12
spei3,Tissamaharama,ridge_ar24,2018-05,2018-06,1,1.60672098725747,1.3276102961170502,2015-01_2019-12,1901,2014-12,2015-01,2019-12
spei3,Tissamaharama,ridge_ar24,2018-06,2018-07,1,1.20998873717989,1.1121065742807639,2015-01_2019-12,1901,2014-12,2015-01,2019-12
spei3,Tissamaharama,ridge_ar24,2018-07,2018-08,1,-0.539797420940302,0.45585419134465044,2015-01_2019-12,1901,2014-12,2015-01,2019-12
spei3,Tissamaharama,ridge_ar24,2018-08,2018-09,1,-0.702256790892351,-0.7716858574445188,2015-01_2019-12,1901,2014-12,2015-01,2019-12
spei3,Tissamaharama,ridge_ar24,2018-09,2018-10,1,0.0673891363295955,-0.7860381401411107,2015-01_2019-12,1901,2014-12,2015-01,2019-12
spei3,Tissamaharama,ridge_ar24,2018-10,2018-11,1,0.103003111605322,0.584320280462137,2015-01_2019-12,1901,2014-12,2015-01,2019-12
spei3,Tissamaharama,ridge_ar24,2018-11,2018-12,1,-0.0150067665183842,0.07399871877374375,2015-01_2019-12,1901,2014-12,2015-01,2019-12
spei3,Tissamaharama,ridge_ar24,2018-12,2019-01,1,-0.891221947983768,-0.6430899381859769,2015-01_2019-12,1901,2014-12,2015-01,2019-12
spei3,Tissamaharama,ridge_ar24,2019-01,2019-02,1,-0.865890706551555,-0.4530269336605321,2015-01_2019-12,1901,2014-12,2015-01,2019-12
spei3,Tissamaharama,ridge_ar24,2019-02,2019-03,1,-1.24720268320269,-0.7113223806047876,2015-01_2019-12,1901,2014-12,2015-01,2019-12
spei3,Tissamaharama,ridge_ar24,2019-03,2019-04,1,-0.5791089872417,-0.7060352936162159,2015-01_2019-12,1901,2014-12,2015-01,2019-12
spei3,Tissamaharama,ridge_ar24,2019-04,2019-05,1,-1.16904394524707,-0.24559603448646583,2015-01_2019-12,1901,2014-12,2015-01,2019-12
spei3,Tissamaharama,ridge_ar24,2019-05,2019-06,1,-0.954644352967319,-0.6533138812958401,2015-01_2019-12,1901,2014-12,2015-01,2019-12
spei3,Tissamaharama,ridge_ar24,2019-06,2019-07,1,-1.16381019886899,-1.0776337359054426,2015-01_2019-12,1901,2014-12,2015-01,2019-12
spei3,Tissamaharama,ridge_ar24,2019-07,2019-08,1,1.08039322548946,-0.514928404249498,2015-01_2019-12,1901,2014-12,2015-01,2019-12
spei3,Tissamaharama,ridge_ar24,2019-08,2019-09,1,1.920171177289,1.1620183548333376,2015-01_2019-12,1901,2014-12,2015-01,2019-12
spei3,Tissamaharama,ridge_ar24,2019-09,2019-10,1,2.25882617535955,1.916851838470639,2015-01_2019-12,1901,2014-12,2015-01,2019-12
spei3,Tissamaharama,ridge_ar24,2019-10,2019-11,1,1.76880746614329,1.0872255735134495,2015-01_2019-12,1901,2014-12,2015-01,2019-12
spei3,Tissamaharama,ridge_ar24,2019-11,2019-12,1,1.6258184073672,1.0198316251585455,2015-01_2019-12,1901,2014-12,2015-01,2019-12
spei3,Tissamaharama,persistence,2014-12,2015-01,1,1.13555297349844,1.65427308341657,2015-01_2019-12,1901,2014-12,2015-01,2019-12
spei3,Tissamaharama,persistence,2015-01,2015-02,1,1.48398418049504,1.13555297349844,2015-01_2019-12,1901,2014-12,2015-01,2019-12
spei3,Tissamaharama,persistence,2015-02,2015-03,1,-0.153666694982836,1.48398418049504,2015-01_2019-12,1901,2014-12,2015-01,2019-12
spei3,Tissamaharama,persistence,2015-03,2015-04,1,1.14919497392296,-0.153666694982836,2015-01_2019-12,1901,2014-12,2015-01,2019-12
spei3,Tissamaharama,persistence,2015-04,2015-05,1,0.633939431878958,1.14919497392296,2015-01_2019-12,1901,2014-12,2015-01,2019-12
spei3,Tissamaharama,persistence,2015-05,2015-06,1,0.416907034649262,0.633939431878958,2015-01_2019-12,1901,2014-12,2015-01,2019-12
spei3,Tissamaharama,persistence,2015-06,2015-07,1,-0.0683418926341607,0.416907034649262,2015-01_2019-12,1901,2014-12,2015-01,2019-12
spei3,Tissamaharama,persistence,2015-07,2015-08,1,0.829509889868126,-0.0683418926341607,2015-01_2019-12,1901,2014-12,2015-01,2019-12
spei3,Tissamaharama,persistence,2015-08,2015-09,1,2.37438396928582,0.829509889868126,2015-01_2019-12,1901,2014-12,2015-01,2019-12
spei3,Tissamaharama,persistence,2015-09,2015-10,1,2.20625362867179,2.37438396928582,2015-01_2019-12,1901,2014-12,2015-01,2019-12
spei3,Tissamaharama,persistence,2015-10,2015-11,1,2.02933148569575,2.20625362867179,2015-01_2019-12,1901,2014-12,2015-01,2019-12
spei3,Tissamaharama,persistence,2015-11,2015-12,1,0.717177988232021,2.02933148569575,2015-01_2019-12,1901,2014-12,2015-01,2019-12
spei3,Tissamaharama,persistence,2015-12,2016-01,1,0.408955043205242,0.717177988232021,2015-01_2019-12,1901,2014-12,2015-01,2019-12
spei3,Tissamaharama,persistence,2016-01,2016-02,1,0.0932194726699826,0.408955043205242,2015-01_2019-12,1901,2014-12,2015-01,2019-12
spei3,Tissamaharama,persistence,2016-02,2016-03,1,-0.11324809677162,0.0932194726699826,2015-01_2019-12,1901,2014-12,2015-01,2019-12
spei3,Tissamaharama,persistence,2016-03,2016-04,1,-0.433117570085305,-0.11324809677162,2015-01_2019-12,1901,2014-12,2015-01,2019-12
spei3,Tissamaharama,persistence,2016-04,2016-05,1,1.10556272822959,-0.433117570085305,2015-01_2019-12,1901,2014-12,2015-01,2019-12
spei3,Tissamaharama,persistence,2016-05,2016-06,1,1.19701211394884,1.10556272822959,2015-01_2019-12,1901,2014-12,2015-01,2019-12
spei3,Tissamaharama,persistence,2016-06,2016-07,1,1.50268293165217,1.19701211394884,2015-01_2019-12,1901,2014-12,2015-01,2019-12
spei3,Tissamaharama,persistence,2016-07,2016-08,1,-0.82971554061516,1.50268293165217,2015-01_2019-12,1901,2014-12,2015-01,2019-12
spei3,Tissamaharama,persistence,2016-08,2016-09,1,-1.45712641532381,-0.82971554061516,2015-01_2019-12,1901,2014-12,2015-01,2019-12
spei3,Tissamaharama,persistence,2016-09,2016-10,1,-2.35138774736396,-1.45712641532381,2015-01_2019-12,1901,2014-12,2015-01,2019-12
spei3,Tissamaharama,persistence,2016-10,2016-11,1,-2.05059260168463,-2.35138774736396,2015-01_2019-12,1901,2014-12,2015-01,2019-12
spei3,Tissamaharama,persistence,2016-11,2016-12,1,-1.34361637528536,-2.05059260168463,2015-01_2019-12,1901,2014-12,2015-01,2019-12
spei3,Tissamaharama,persistence,2016-12,2017-01,1,-0.164236891821053,-1.34361637528536,2015-01_2019-12,1901,2014-12,2015-01,2019-12
spei3,Tissamaharama,persistence,2017-01,2017-02,1,0.252382692325401,-0.164236891821053,2015-01_2019-12,1901,2014-12,2015-01,2019-12
spei3,Tissamaharama,persistence,2017-02,2017-03,1,1.22410570204603,0.252382692325401,2015-01_2019-12,1901,2014-12,2015-01,2019-12
spei3,Tissamaharama,persistence,2017-03,2017-04,1,0.153353273071407,1.22410570204603,2015-01_2019-12,1901,2014-12,2015-01,2019-12
spei3,Tissamaharama,persistence,2017-04,2017-05,1,0.181009714071308,0.153353273071407,2015-01_2019-12,1901,2014-12,2015-01,2019-12
spei3,Tissamaharama,persistence,2017-05,2017-06,1,-1.24880033043603,0.181009714071308,2015-01_2019-12,1901,2014-12,2015-01,2019-12
spei3,Tissamaharama,persistence,2017-06,2017-07,1,-0.571230197863316,-1.24880033043603,2015-01_2019-12,1901,2014-12,2015-01,2019-12
spei3,Tissamaharama,persistence,2017-07,2017-08,1,-0.962864991579211,-0.571230197863316,2015-01_2019-12,1901,2014-12,2015-01,2019-12
spei3,Tissamaharama,persistence,2017-08,2017-09,1,-0.103441831305537,-0.962864991579211,2015-01_2019-12,1901,2014-12,2015-01,2019-12
spei3,Tissamaharama,persistence,2017-09,2017-10,1,0.039061458440044,-0.103441831305537,2015-01_2019-12,1901,2014-12,2015-01,2019-12
spei3,Tissamaharama,persistence,2017-10,2017-11,1,0.664753482166968,0.039061458440044,2015-01_2019-12,1901,2014-12,2015-01,2019-12
spei3,Tissamaharama,persistence,2017-11,2017-12,1,0.47242851053325,0.664753482166968,2015-01_2019-12,1901,2014-12,2015-01,2019-12
spei3,Tissamaharama,persistence,2017-12,2018-01,1,0.0547210986657288,0.47242851053325,2015-01_2019-12,1901,2014-12,2015-01,2019-12
spei3,Tissamaharama,persistence,2018-01,2018-02,1,-0.454854766861153,0.0547210986657288,2015-01_2019-12,1901,2014-12,2015-01,2019-12
spei3,Tissamaharama,persistence,2018-02,2018-03,1,-0.629386157768035,-0.454854766861153,2015-01_2019-12,1901,2014-12,2015-01,2019-12
spei3,Tissamaharama,persistence,2018-03,2018-04,1,0.221593131503221,-0.629386157768035,2015-01_2019-12,1901,2014-12,2015-01,2019-12
spei3,Tissamaharama,persistence,2018-04,2018-05,1,1.27182177791999,0.221593131503221,2015-01_2019-12,1901,2014-12,2015-01,2019-12
spei3,Tissamaharama,persistence,2018-05,2018-06,1,1.60672098725747,1.27182177791999,2015-01_2019-12,1901,2014-12,2015-01,2019-12
spei3,Tissamaharama,persistence,2018-06,2018-07,1,1.20998873717989,1.60672098725747,2015-01_2019-12,1901,2014-12,2015-01,2019-12
spei3,Tissamaharama,persistence,2018-07,2018-08,1,-0.539797420940302,1.20998873717989,2015-01_2019-12,1901,2014-12,2015-01,2019-12
spei3,Tissamaharama,persistence,2018-08,2018-09,1,-0.702256790892351,-0.539797420940302,2015-01_2019-12,1901,2014-12,2015-01,2019-12
spei3,Tissamaharama,persistence,2018-09,2018-10,1,0.0673891363295955,-0.702256790892351,2015-01_2019-12,1901,2014-12,2015-01,2019-12
spei3,Tissamaharama,persistence,2018-10,2018-11,1,0.103003111605322,0.0673891363295955,2015-01_2019-12,1901,2014-12,2015-01,2019-12
spei3,Tissamaharama,persistence,2018-11,2018-12,1,-0.0150067665183842,0.103003111605322,2015-01_2019-12,1901,2014-12,2015-01,2019-12
spei3,Tissamaharama,persistence,2018-12,2019-01,1,-0.891221947983768,-0.0150067665183842,2015-01_2019-12,1901,2014-12,2015-01,2019-12
spei3,Tissamaharama,persistence,2019-01,2019-02,1,-0.865890706551555,-0.891221947983768,2015-01_2019-12,1901,2014-12,2015-01,2019-12
spei3,Tissamaharama,persistence,2019-02,2019-03,1,-1.24720268320269,-0.865890706551555,2015-01_2019-12,1901,2014-12,2015-01,2019-12
spei3,Tissamaharama,persistence,2019-03,2019-04,1,-0.5791089872417,-1.24720268320269,2015-01_2019-12,1901,2014-12,2015-01,2019-12
spei3,Tissamaharama,persistence,2019-04,2019-05,1,-1.16904394524707,-0.5791089872417,2015-01_2019-12,1901,2014-12,2015-01,2019-12
spei3,Tissamaharama,persistence,2019-05,2019-06,1,-0.954644352967319,-1.16904394524707,2015-01_2019-12,1901,2014-12,2015-01,2019-12
spei3,Tissamaharama,persistence,2019-06,2019-07,1,-1.16381019886899,-0.954644352967319,2015-01_2019-12,1901,2014-12,2015-01,2019-12
spei3,Tissamaharama,persistence,2019-07,2019-08,1,1.08039322548946,-1.16381019886899,2015-01_2019-12,1901,2014-12,2015-01,2019-12
spei3,Tissamaharama,persistence,2019-08,2019-09,1,1.920171177289,1.08039322548946,2015-01_2019-12,1901,2014-12,2015-01,2019-12
spei3,Tissamaharama,persistence,2019-09,2019-10,1,2.25882617535955,1.920171177289,2015-01_2019-12,1901,2014-12,2015-01,2019-12
spei3,Tissamaharama,persistence,2019-10,2019-11,1,1.76880746614329,2.25882617535955,2015-01_2019-12,1901,2014-12,2015-01,2019-12
spei3,Tissamaharama,persistence,2019-11,2019-12,1,1.6258184073672,1.76880746614329,2015-01_2019-12,1901,2014-12,2015-01,2019-12
spei6,Buttala,ridge_ar24_met24,1999-12,2000-01,1,0.559240068565233,0.09609023785198839,2000-01_2004-12,1901,1999-12,2000-01,2004-12
spei6,Buttala,ridge_ar24_met24,2000-01,2000-02,1,1.26931652836351,0.7475921252558743,2000-01_2004-12,1901,1999-12,2000-01,2004-12
spei6,Buttala,ridge_ar24_met24,2000-02,2000-03,1,1.05916231992407,0.8836227616341623,2000-01_2004-12,1901,1999-12,2000-01,2004-12
spei6,Buttala,ridge_ar24_met24,2000-03,2000-04,1,0.717467217014999,0.766824329696625,2000-01_2004-12,1901,1999-12,2000-01,2004-12
spei6,Buttala,ridge_ar24_met24,2000-04,2000-05,1,0.611771528791893,0.6587533403724338,2000-01_2004-12,1901,1999-12,2000-01,2004-12
spei6,Buttala,ridge_ar24_met24,2000-05,2000-06,1,0.915053264277349,0.8061703865781169,2000-01_2004-12,1901,1999-12,2000-01,2004-12
spei6,Buttala,ridge_ar24_met24,2000-06,2000-07,1,0.0184628229183088,0.4936310879440854,2000-01_2004-12,1901,1999-12,2000-01,2004-12
spei6,Buttala,ridge_ar24_met24,2000-07,2000-08,1,-0.501596635183223,-0.7409730547486167,2000-01_2004-12,1901,1999-12,2000-01,2004-12
spei6,Buttala,ridge_ar24_met24,2000-08,2000-09,1,-0.16043430652153,-0.3989038014275821,2000-01_2004-12,1901,1999-12,2000-01,2004-12
spei6,Buttala,ridge_ar24_met24,2000-09,2000-10,1,-0.304338322074948,0.12618060869556255,2000-01_2004-12,1901,1999-12,2000-01,2004-12
spei6,Buttala,ridge_ar24_met24,2000-10,2000-11,1,-0.0049310077246766,-0.02624006712162536,2000-01_2004-12,1901,1999-12,2000-01,2004-12
spei6,Buttala,ridge_ar24_met24,2000-11,2000-12,1,-0.345737635856313,-0.1656657792325471,2000-01_2004-12,1901,1999-12,2000-01,2004-12
spei6,Buttala,ridge_ar24_met24,2000-12,2001-01,1,0.666974831312451,-0.18627235306160062,2000-01_2004-12,1901,1999-12,2000-01,2004-12
spei6,Buttala,ridge_ar24_met24,2001-01,2001-02,1,0.091982396428907,0.15242925638640592,2000-01_2004-12,1901,1999-12,2000-01,2004-12
spei6,Buttala,ridge_ar24_met24,2001-02,2001-03,1,-0.533966490237908,-0.06268030875487203,2000-01_2004-12,1901,1999-12,2000-01,2004-12
spei6,Buttala,ridge_ar24_met24,2001-03,2001-04,1,0.279956262691947,0.020548630735254723,2000-01_2004-12,1901,1999-12,2000-01,2004-12
spei6,Buttala,ridge_ar24_met24,2001-04,2001-05,1,-0.0098415233958391,0.2025671812672375,2000-01_2004-12,1901,1999-12,2000-01,2004-12
spei6,Buttala,ridge_ar24_met24,2001-05,2001-06,1,0.448050272741356,0.3466009947812036,2000-01_2004-12,1901,1999-12,2000-01,2004-12
spei6,Buttala,ridge_ar24_met24,2001-06,2001-07,1,-0.729233690811399,-0.14633313559140504,2000-01_2004-12,1901,1999-12,2000-01,2004-12
spei6,Buttala,ridge_ar24_met24,2001-07,2001-08,1,-1.26163314409584,-0.5511928939978687,2000-01_2004-12,1901,1999-12,2000-01,2004-12
spei6,Buttala,ridge_ar24_met24,2001-08,2001-09,1,-0.720458922355287,-0.7286045735276651,2000-01_2004-12,1901,1999-12,2000-01,2004-12
spei6,Buttala,ridge_ar24_met24,2001-09,2001-10,1,-2.34894233443418,-1.010263298096535,2000-01_2004-12,1901,1999-12,2000-01,2004-12
spei6,Buttala,ridge_ar24_met24,2001-10,2001-11,1,-1.66129165469326,-1.4741740895314825,2000-01_2004-12,1901,1999-12,2000-01,2004-12
spei6,Buttala,ridge_ar24_met24,2001-11,2001-12,1,-1.49276684406125,-1.7949422910789394,2000-01_2004-12,1901,1999-12,2000-01,2004-12
spei6,Buttala,ridge_ar24_met24,2001-12,2002-01,1,-1.71131452016816,-1.3744251630423643,2000-01_2004-12,1901,1999-12,2000-01,2004-12
spei6,Buttala,ridge_ar24_met24,2002-01,2002-02,1,-1.36493129034895,-1.1572114780210117,2000-01_2004-12,1901,1999-12,2000-01,2004-12
spei6,Buttala,ridge_ar24_met24,2002-02,2002-03,1,-1.38322905754194,-1.1807232793725233,2000-01_2004-12,1901,1999-12,2000-01,2004-12
spei6,Buttala,ridge_ar24_met24,2002-03,2002-04,1,-0.920763650126517,-1.089701915562199,2000-01_2004-12,1901,1999-12,2000-01,2004-12
spei6,Buttala,ridge_ar24_met24,2002-04,2002-05,1,-0.518626177671824,-0.4051094060520377,2000-01_2004-12,1901,1999-12,2000-01,2004-12
spei6,Buttala,ridge_ar24_met24,2002-05,2002-06,1,-0.762434807073852,-0.21114197332964144,2000-01_2004-12,1901,1999-12,2000-01,2004-12
spei6,Buttala,ridge_ar24_met24,2002-06,2002-07,1,-0.524429507994314,-0.3185180721963731,2000-01_2004-12,1901,1999-12,2000-01,2004-12
spei6,Buttala,ridge_ar24_met24,2002-07,2002-08,1,-0.56601391392463,-0.5372335777992777,2000-01_2004-12,1901,1999-12,2000-01,2004-12
spei6,Buttala,ridge_ar24_met24,2002-08,2002-09,1,-0.67810086167956,-0.260664291120454,2000-01_2004-12,1901,1999-12,2000-01,2004-12
spei6,Buttala,ridge_ar24_met24,2002-09,2002-10,1,-0.469888608668648,-0.5716574495082649,2000-01_2004-12,1901,1999-12,2000-01,2004-12
spei6,Buttala,ridge_ar24_met24,2002-10,2002-11,1,-0.480474693932286,-0.6455035614008673,2000-01_2004-12,1901,1999-12,2000-01,2004-12
spei6,Buttala,ridge_ar24_met24,2002-11,2002-12,1,0.480670744349648,-0.31507312490929557,2000-01_2004-12,1901,1999-12,2000-01,2004-12
spei6,Buttala,ridge_ar24_met24,2002-12,2003-01,1,0.703277822935515,0.7220373486456191,2000-01_2004-12,1901,1999-12,2000-01,2004-12
spei6,Buttala,ridge_ar24_met24,2003-01,2003-02,1,0.779015150546769,0.6573001745526147,2000-01_2004-12,1901,1999-12,2000-01,2004-12
spei6,Buttala,ridge_ar24_met24,2003-02,2003-03,1,1.06713986111631,1.0028133774801875,2000-01_2004-12,1901,1999-12,2000-01,2004-12
spei6,Buttala,ridge_ar24_met24,2003-03,2003-04,1,0.773923081578845,1.0153918245346263,2000-01_2004-12,1901,1999-12,2000-01,2004-12
spei6,Buttala,ridge_ar24_met24,2003-04,2003-05,1,0.732328544783864,0.7215292466209355,2000-01_2004-12,1901,1999-12,2000-01,2004-12
spei6,Buttala,ridge_ar24_met24,2003-05,2003-06,1,0.053073160140899,0.3166157172359921,2000-01_2004-12,1901,1999-12,2000-01,2004-12
spei6,Buttala,ridge_ar24_met24,2003-06,2003-07,1,0.181025846313033,-0.01880263659476495,2000-01_2004-12,1901,1999-12,2000-01,2004-12
spei6,Buttala,ridge_ar24_met24,2003-07,2003-08,1,-0.0719939535839072,0.06395095630529435,2000-01_2004-12,1901,1999-12,2000-01,2004-12
spei6,Buttala,ridge_ar24_met24,2003-08,2003-09,1,-0.298551750301105,-0.11382276907214457,2000-01_2004-12,1901,1999-12,2000-01,2004-12
spei6,Buttala,ridge_ar24_met24,2003-09,2003-10,1,-0.483449171843257,-0.22768674237006964,2000-01_2004-12,1901,1999-12,2000-01,2004-12
spei6,Buttala,ridge_ar24_met24,2003-10,2003-11,1,0.511974618778371,-0.3845289803147726,2000-01_2004-12,1901,1999-12,2000-01,2004-12
spei6,Buttala,ridge_ar24_met24,2003-11,2003-12,1,-0.743435769353936,0.35061386288316126,2000-01_2004-12,1901,1999-12,2000-01,2004-12
spei6,Buttala,ridge_ar24_met24,2003-12,2004-01,1,-1.40764675673486,-0.8209408834777262,2000-01_2004-12,1901,1999-12,2000-01,2004-12
spei6,Buttala,ridge_ar24_met24,2004-01,2004-02,1,-1.24076124269681,-1.4096052719554424,2000-01_2004-12,1901,1999-12,2000-01,2004-12
spei6,Buttala,ridge_ar24_met24,2004-02,2004-03,1,-1.46138350027745,-1.2490655130142525,2000-01_2004-12,1901,1999-12,2000-01,2004-12
spei6,Buttala,ridge_ar24_met24,2004-03,2004-04,1,-1.24953053779307,-1.1936840208897843,2000-01_2004-12,1901,1999-12,2000-01,2004-12
spei6,Buttala,ridge_ar24_met24,2004-04,2004-05,1,-1.52236928159005,-1.8717579655845769,2000-01_2004-12,1901,1999-12,2000-01,2004-12
spei6,Buttala,ridge_ar24_met24,2004-05,2004-06,1,-0.577279107212943,-0.5895538439350956,2000-01_2004-12,1901,1999-12,2000-01,2004-12
spei6,Buttala,ridge_ar24_met24,2004-06,2004-07,1,0.139294315600975,0.14126838857281931,2000-01_2004-12,1901,1999-12,2000-01,2004-12
spei6,Buttala,ridge_ar24_met24,2004-07,2004-08,1,0.118565931682621,0.01343627734206941,2000-01_2004-12,1901,1999-12,2000-01,2004-12
spei6,Buttala,ridge_ar24_met24,2004-08,2004-09,1,1.35411878753359,0.44939145848427614,2000-01_2004-12,1901,1999-12,2000-01,2004-12
spei6,Buttala,ridge_ar24_met24,2004-09,2004-10,1,1.70164717138339,1.2300390337759184,2000-01_2004-12,1901,1999-12,2000-01,2004-12
spei6,Buttala,ridge_ar24_met24,2004-10,2004-11,1,1.06981401451557,0.981491812831713,2000-01_2004-12,1901,1999-12,2000-01,2004-12
spei6,Buttala,ridge_ar24_met24,2004-11,2004-12,1,1.05880144240783,0.9489761886295485,2000-01_2004-12,1901,1999-12,2000-01,2004-12
spei6,Buttala,persistence,1999-12,2000-01,1,0.559240068565233,-0.145735376989851,2000-01_2004-12,1901,1999-12,2000-01,2004-12
spei6,Buttala,persistence,2000-01,2000-02,1,1.26931652836351,0.559240068565233,2000-01_2004-12,1901,1999-12,2000-01,2004-12
spei6,Buttala,persistence,2000-02,2000-03,1,1.05916231992407,1.26931652836351,2000-01_2004-12,1901,1999-12,2000-01,2004-12
spei6,Buttala,persistence,2000-03,2000-04,1,0.717467217014999,1.05916231992407,2000-01_2004-12,1901,1999-12,2000-01,2004-12
spei6,Buttala,persistence,2000-04,2000-05,1,0.611771528791893,0.717467217014999,2000-01_2004-12,1901,1999-12,2000-01,2004-12
spei6,Buttala,persistence,2000-05,2000-06,1,0.915053264277349,0.611771528791893,2000-01_2004-12,1901,1999-12,2000-01,2004-12
spei6,Buttala,persistence,2000-06,2000-07,1,0.0184628229183088,0.915053264277349,2000-01_2004-12,1901,1999-12,2000-01,2004-12
spei6,Buttala,persistence,2000-07,2000-08,1,-0.501596635183223,0.0184628229183088,2000-01_2004-12,1901,1999-12,2000-01,2004-12
spei6,Buttala,persistence,2000-08,2000-09,1,-0.16043430652153,-0.501596635183223,2000-01_2004-12,1901,1999-12,2000-01,2004-12
spei6,Buttala,persistence,2000-09,2000-10,1,-0.304338322074948,-0.16043430652153,2000-01_2004-12,1901,1999-12,2000-01,2004-12
spei6,Buttala,persistence,2000-10,2000-11,1,-0.0049310077246766,-0.304338322074948,2000-01_2004-12,1901,1999-12,2000-01,2004-12
spei6,Buttala,persistence,2000-11,2000-12,1,-0.345737635856313,-0.0049310077246766,2000-01_2004-12,1901,1999-12,2000-01,2004-12
spei6,Buttala,persistence,2000-12,2001-01,1,0.666974831312451,-0.345737635856313,2000-01_2004-12,1901,1999-12,2000-01,2004-12
spei6,Buttala,persistence,2001-01,2001-02,1,0.091982396428907,0.666974831312451,2000-01_2004-12,1901,1999-12,2000-01,2004-12
spei6,Buttala,persistence,2001-02,2001-03,1,-0.533966490237908,0.091982396428907,2000-01_2004-12,1901,1999-12,2000-01,2004-12
spei6,Buttala,persistence,2001-03,2001-04,1,0.279956262691947,-0.533966490237908,2000-01_2004-12,1901,1999-12,2000-01,2004-12
spei6,Buttala,persistence,2001-04,2001-05,1,-0.0098415233958391,0.279956262691947,2000-01_2004-12,1901,1999-12,2000-01,2004-12
spei6,Buttala,persistence,2001-05,2001-06,1,0.448050272741356,-0.0098415233958391,2000-01_2004-12,1901,1999-12,2000-01,2004-12
spei6,Buttala,persistence,2001-06,2001-07,1,-0.729233690811399,0.448050272741356,2000-01_2004-12,1901,1999-12,2000-01,2004-12
spei6,Buttala,persistence,2001-07,2001-08,1,-1.26163314409584,-0.729233690811399,2000-01_2004-12,1901,1999-12,2000-01,2004-12
spei6,Buttala,persistence,2001-08,2001-09,1,-0.720458922355287,-1.26163314409584,2000-01_2004-12,1901,1999-12,2000-01,2004-12
spei6,Buttala,persistence,2001-09,2001-10,1,-2.34894233443418,-0.720458922355287,2000-01_2004-12,1901,1999-12,2000-01,2004-12
spei6,Buttala,persistence,2001-10,2001-11,1,-1.66129165469326,-2.34894233443418,2000-01_2004-12,1901,1999-12,2000-01,2004-12
spei6,Buttala,persistence,2001-11,2001-12,1,-1.49276684406125,-1.66129165469326,2000-01_2004-12,1901,1999-12,2000-01,2004-12
spei6,Buttala,persistence,2001-12,2002-01,1,-1.71131452016816,-1.49276684406125,2000-01_2004-12,1901,1999-12,2000-01,2004-12
spei6,Buttala,persistence,2002-01,2002-02,1,-1.36493129034895,-1.71131452016816,2000-01_2004-12,1901,1999-12,2000-01,2004-12
spei6,Buttala,persistence,2002-02,2002-03,1,-1.38322905754194,-1.36493129034895,2000-01_2004-12,1901,1999-12,2000-01,2004-12
spei6,Buttala,persistence,2002-03,2002-04,1,-0.920763650126517,-1.38322905754194,2000-01_2004-12,1901,1999-12,2000-01,2004-12
spei6,Buttala,persistence,2002-04,2002-05,1,-0.518626177671824,-0.920763650126517,2000-01_2004-12,1901,1999-12,2000-01,2004-12
spei6,Buttala,persistence,2002-05,2002-06,1,-0.762434807073852,-0.518626177671824,2000-01_2004-12,1901,1999-12,2000-01,2004-12
spei6,Buttala,persistence,2002-06,2002-07,1,-0.524429507994314,-0.762434807073852,2000-01_2004-12,1901,1999-12,2000-01,2004-12
spei6,Buttala,persistence,2002-07,2002-08,1,-0.56601391392463,-0.524429507994314,2000-01_2004-12,1901,1999-12,2000-01,2004-12
spei6,Buttala,persistence,2002-08,2002-09,1,-0.67810086167956,-0.56601391392463,2000-01_2004-12,1901,1999-12,2000-01,2004-12
spei6,Buttala,persistence,2002-09,2002-10,1,-0.469888608668648,-0.67810086167956,2000-01_2004-12,1901,1999-12,2000-01,2004-12
spei6,Buttala,persistence,2002-10,2002-11,1,-0.480474693932286,-0.469888608668648,2000-01_2004-12,1901,1999-12,2000-01,2004-12
spei6,Buttala,persistence,2002-11,2002-12,1,0.480670744349648,-0.480474693932286,2000-01_2004-12,1901,1999-12,2000-01,2004-12
spei6,Buttala,persistence,2002-12,2003-01,1,0.703277822935515,0.480670744349648,2000-01_2004-12,1901,1999-12,2000-01,2004-12
spei6,Buttala,persistence,2003-01,2003-02,1,0.779015150546769,0.703277822935515,2000-01_2004-12,1901,1999-12,2000-01,2004-12
spei6,Buttala,persistence,2003-02,2003-03,1,1.06713986111631,0.779015150546769,2000-01_2004-12,1901,1999-12,2000-01,2004-12
spei6,Buttala,persistence,2003-03,2003-04,1,0.773923081578845,1.06713986111631,2000-01_2004-12,1901,1999-12,2000-01,2004-12
spei6,Buttala,persistence,2003-04,2003-05,1,0.732328544783864,0.773923081578845,2000-01_2004-12,1901,1999-12,2000-01,2004-12
spei6,Buttala,persistence,2003-05,2003-06,1,0.053073160140899,0.732328544783864,2000-01_2004-12,1901,1999-12,2000-01,2004-12
spei6,Buttala,persistence,2003-06,2003-07,1,0.181025846313033,0.053073160140899,2000-01_2004-12,1901,1999-12,2000-01,2004-12
spei6,Buttala,persistence,2003-07,2003-08,1,-0.0719939535839072,0.181025846313033,2000-01_2004-12,1901,1999-12,2000-01,2004-12
spei6,Buttala,persistence,2003-08,2003-09,1,-0.298551750301105,-0.0719939535839072,2000-01_2004-12,1901,1999-12,2000-01,2004-12
spei6,Buttala,persistence,2003-09,2003-10,1,-0.483449171843257,-0.298551750301105,2000-01_2004-12,1901,1999-12,2000-01,2004-12
spei6,Buttala,persistence,2003-10,2003-11,1,0.511974618778371,-0.483449171843257,2000-01_2004-12,1901,1999-12,2000-01,2004-12
spei6,Buttala,persistence,2003-11,2003-12,1,-0.743435769353936,0.511974618778371,2000-01_2004-12,1901,1999-12,2000-01,2004-12
spei6,Buttala,persistence,2003-12,2004-01,1,-1.40764675673486,-0.743435769353936,2000-01_2004-12,1901,1999-12,2000-01,2004-12
spei6,Buttala,persistence,2004-01,2004-02,1,-1.24076124269681,-1.40764675673486,2000-01_2004-12,1901,1999-12,2000-01,2004-12
spei6,Buttala,persistence,2004-02,2004-03,1,-1.46138350027745,-1.24076124269681,2000-01_2004-12,1901,1999-12,2000-01,2004-12
spei6,Buttala,persistence,2004-03,2004-04,1,-1.24953053779307,-1.46138350027745,2000-01_2004-12,1901,1999-12,2000-01,2004-12
spei6,Buttala,persistence,2004-04,2004-05,1,-1.52236928159005,-1.24953053779307,2000-01_2004-12,1901,1999-12,2000-01,2004-12
spei6,Buttala,persistence,2004-05,2004-06,1,-0.577279107212943,-1.52236928159005,2000-01_2004-12,1901,1999-12,2000-01,2004-12
spei6,Buttala,persistence,2004-06,2004-07,1,0.139294315600975,-0.577279107212943,2000-01_2004-12,1901,1999-12,2000-01,2004-12
spei6,Buttala,persistence,2004-07,2004-08,1,0.118565931682621,0.139294315600975,2000-01_2004-12,1901,1999-12,2000-01,2004-12
spei6,Buttala,persistence,2004-08,2004-09,1,1.35411878753359,0.118565931682621,2000-01_2004-12,1901,1999-12,2000-01,2004-12
spei6,Buttala,persistence,2004-09,2004-10,1,1.70164717138339,1.35411878753359,2000-01_2004-12,1901,1999-12,2000-01,2004-12
spei6,Buttala,persistence,2004-10,2004-11,1,1.06981401451557,1.70164717138339,2000-01_2004-12,1901,1999-12,2000-01,2004-12
spei6,Buttala,persistence,2004-11,2004-12,1,1.05880144240783,1.06981401451557,2000-01_2004-12,1901,1999-12,2000-01,2004-12
spei6,Padaviya,ridge_ar24_met24,1999-12,2000-01,1,-0.225863887278165,-0.38430229612981975,2000-01_2004-12,1901,1999-12,2000-01,2004-12
spei6,Padaviya,ridge_ar24_met24,2000-01,2000-02,1,0.568019334301114,-0.009717279807785766,2000-01_2004-12,1901,1999-12,2000-01,2004-12
spei6,Padaviya,ridge_ar24_met24,2000-02,2000-03,1,0.293984492161266,0.469698622607473,2000-01_2004-12,1901,1999-12,2000-01,2004-12
spei6,Padaviya,ridge_ar24_met24,2000-03,2000-04,1,-0.0312132425961159,-0.00775979245120448,2000-01_2004-12,1901,1999-12,2000-01,2004-12
spei6,Padaviya,ridge_ar24_met24,2000-04,2000-05,1,0.134017884689855,-0.0020668905990192336,2000-01_2004-12,1901,1999-12,2000-01,2004-12
spei6,Padaviya,ridge_ar24_met24,2000-05,2000-06,1,0.711578950538209,0.3843542875922201,2000-01_2004-12,1901,1999-12,2000-01,2004-12
spei6,Padaviya,ridge_ar24_met24,2000-06,2000-07,1,0.0666142968600498,0.353027905746927,2000-01_2004-12,1901,1999-12,2000-01,2004-12
spei6,Padaviya,ridge_ar24_met24,2000-07,2000-08,1,-0.831009125571391,-0.4536856523308452,2000-01_2004-12,1901,1999-12,2000-01,2004-12
spei6,Padaviya,ridge_ar24_met24,2000-08,2000-09,1,0.631703223768754,-0.6306794827866713,2000-01_2004-12,1901,1999-12,2000-01,2004-12
spei6,Padaviya,ridge_ar24_met24,2000-09,2000-10,1,-0.383165326734637,0.0111241439481584,2000-01_2004-12,1901,1999-12,2000-01,2004-12
spei6,Padaviya,ridge_ar24_met24,2000-10,2000-11,1,-0.403450418523856,-0.261944577065097,2000-01_2004-12,1901,1999-12,2000-01,2004-12
spei6,Padaviya,ridge_ar24_met24,2000-11,2000-12,1,-0.262384324086959,-0.4465873240173284,2000-01_2004-12,1901,1999-12,2000-01,2004-12
spei6,Padaviya,ridge_ar24_met24,2000-12,2001-01,1,0.199867331269799,-0.3201929160680269,2000-01_2004-12,1901,1999-12,2000-01,2004-12
spei6,Padaviya,ridge_ar24_met24,2001-01,2001-02,1,-0.162286491619586,-0.09330552520446221,2000-01_2004-12,1901,1999-12,2000-01,2004-12
spei6,Padaviya,ridge_ar24_met24,2001-02,2001-03,1,-0.753424669545581,-0.37936574138701395,2000-01_2004-12,1901,1999-12,2000-01,2004-12
spei6,Padaviya,ridge_ar24_met24,2001-03,2001-04,1,0.198516773557943,-0.1374009693896042,2000-01_2004-12,1901,1999-12,2000-01,2004-12
spei6,Padaviya,ridge_ar24_met24,2001-04,2001-05,1,0.235914983832738,0.12414593912691595,2000-01_2004-12,1901,1999-12,2000-01,2004-12
spei6,Padaviya,ridge_ar24_met24,2001-05,2001-06,1,0.231959079653276,0.18795388470165864,2000-01_2004-12,1901,1999-12,2000-01,2004-12
spei6,Padaviya,ridge_ar24_met24,2001-06,2001-07,1,-0.367405906761015,0.02848879362455002,2000-01_2004-12,1901,1999-12,2000-01,2004-12
spei6,Padaviya,ridge_ar24_met24,2001-07,2001-08,1,-0.700779344905014,-0.21985137322407103,2000-01_2004-12,1901,1999-12,2000-01,2004-12
spei6,Padaviya,ridge_ar24_met24,2001-08,2001-09,1,-0.494411818829257,-0.21713235287590082,2000-01_2004-12,1901,1999-12,2000-01,2004-12
spei6,Padaviya,ridge_ar24_met24,2001-09,2001-10,1,-1.82246642982091,-0.7614865554649798,2000-01_2004-12,1901,1999-12,2000-01,2004-12
spei6,Padaviya,ridge_ar24_met24,2001-10,2001-11,1,-1.48128622215784,-1.123958624474673,2000-01_2004-12,1901,1999-12,2000-01,2004-12
spei6,Padaviya,ridge_ar24_met24,2001-11,2001-12,1,-1.02061541481958,-1.4019800676994014,2000-01_2004-12,1901,1999-12,2000-01,2004-12
spei6,Padaviya,ridge_ar24_met24,2001-12,2002-01,1,-1.31024639074716,-0.9125003280090254,2000-01_2004-12,1901,1999-12,2000-01,2004-12
spei6,Padaviya,ridge_ar24_met24,2002-01,2002-02,1,-1.15962177496864,-1.04643249461036,2000-01_2004-12,1901,1999-12,2000-01,2004-12
spei6,Padaviya,ridge_ar24_met24,2002-02,2002-03,1,-1.0649720033757,-0.8113275786364222,2000-01_2004-12,1901,1999-12,2000-01,2004-12
spei6,Padaviya,ridge_ar24_met24,2002-03,2002-04,1,-0.788871643140518,-0.5912854180102322,2000-01_2004-12,1901,1999-12,2000-01,2004-12
spei6,Padaviya,ridge_ar24_met24,2002-04,2002-05,1,-0.291388996422225,-0.3542104591596967,2000-01_2004-12,1901,1999-12,2000-01,2004-12
spei6,Padaviya,ridge_ar24_met24,2002-05,2002-06,1,-0.851282771960927,-0.53237418884826,2000-01_2004-12,1901,1999-12,2000-01,2004-12
spei6,Padaviya,ridge_ar24_met24,2002-06,2002-07,1,-0.68993797853847,-0.2943256087389713,2000-01_2004-12,1901,1999-12,2000-01,2004-12
spei6,Padaviya,ridge_ar24_met24,2002-07,2002-08,1,-1.03661939730208,-0.6438451983656087,2000-01_2004-12,1901,1999-12,2000-01,2004-12
spei6,Padaviya,ridge_ar24_met24,2002-08,2002-09,1,-1.15251118323733,-0.6085985055214823,2000-01_2004-12,1901,1999-12,2000-01,2004-12
spei6,Padaviya,ridge_ar24_met24,2002-09,2002-10,1,0.194933070471711,-0.725744596377353,2000-01_2004-12,1901,1999-12,2000-01,2004-12
spei6,Padaviya,ridge_ar24_met24,2002-10,2002-11,1,0.348984319973662,-0.1939012290677606,2000-01_2004-12,1901,1999-12,2000-01,2004-12
spei6,Padaviya,ridge_ar24_met24,2002-11,2002-12,1,0.935116985129576,0.3157679028548059,2000-01_2004-12,1901,1999-12,2000-01,2004-12
spei6,Padaviya,ridge_ar24_met24,2002-12,2003-01,1,1.03794271222194,1.0277497773594482,2000-01_2004-12,1901,1999-12,2000-01,2004-12
spei6,Padaviya,ridge_ar24_met24,2003-01,2003-02,1,1.1726596094634,1.1022853640273087,2000-01_2004-12,1901,1999-12,2000-01,2004-12
spei6,Padaviya,ridge_ar24_met24,2003-02,2003-03,1,1.25360400459192,1.3676964619679803,2000-01_2004-12,1901,1999-12,2000-01,2004-12
spei6,Padaviya,ridge_ar24_met24,2003-03,2003-04,1,0.917723943839498,0.8583515456294945,2000-01_2004-12,1901,1999-12,2000-01,2004-12
spei6,Padaviya,ridge_ar24_met24,2003-04,2003-05,1,0.877352846549477,0.574671461780305,2000-01_2004-12,1901,1999-12,2000-01,2004-12
spei6,Padaviya,ridge_ar24_met24,2003-05,2003-06,1,0.262175733387049,0.21294447983234885,2000-01_2004-12,1901,1999-12,2000-01,2004-12
spei6,Padaviya,ridge_ar24_met24,2003-06,2003-07,1,0.47222341042749,0.0889753751007649,2000-01_2004-12,1901,1999-12,2000-01,2004-12
spei6,Padaviya,ridge_ar24_met24,2003-07,2003-08,1,0.760912360893338,0.28634655058146896,2000-01_2004-12,1901,1999-12,2000-01,2004-12
spei6,Padaviya,ridge_ar24_met24,2003-08,2003-09,1,0.660455583598022,0.5215580651695362,2000-01_2004-12,1901,1999-12,2000-01,2004-12
spei6,Padaviya,ridge_ar24_met24,2003-09,2003-10,1,-0.33582930157107,0.2889136398676423,2000-01_2004-12,1901,1999-12,2000-01,2004-12
spei6,Padaviya,ridge_ar24_met24,2003-10,2003-11,1,0.703798214104685,-0.3929434770709302,2000-01_2004-12,1901,1999-12,2000-01,2004-12
spei6,Padaviya,ridge_ar24_met24,2003-11,2003-12,1,-0.698084879257368,0.4583662756906269,2000-01_2004-12,1901,1999-12,2000-01,2004-12
spei6,Padaviya,ridge_ar24_met24,2003-12,2004-01,1,-1.20166850441639,-0.8128451656075676,2000-01_2004-12,1901,1999-12,2000-01,2004-12
spei6,Padaviya,ridge_ar24_met24,2004-01,2004-02,1,-1.25742849532953,-1.511231213731239,2000-01_2004-12,1901,1999-12,2000-01,2004-12
spei6,Padaviya,ridge_ar24_met24,2004-02,2004-03,1,-1.35187680094743,-1.2401638145549958,2000-01_2004-12,1901,1999-12,2000-01,2004-12
spei6,Padaviya,ridge_ar24_met24,2004-03,2004-04,1,-1.09802697200769,-0.9603000008606513,2000-01_2004-12,1901,1999-12,2000-01,2004-12
spei6,Padaviya,ridge_ar24_met24,2004-04,2004-05,1,-1.71077156477324,-1.9518738650761076,2000-01_2004-12,1901,1999-12,2000-01,2004-12
spei6,Padaviya,ridge_ar24_met24,2004-05,2004-06,1,-0.437265441160199,-0.7858180782797338,2000-01_2004-12,1901,1999-12,2000-01,2004-12
spei6,Padaviya,ridge_ar24_met24,2004-06,2004-07,1,0.380475508838986,0.17689314575182347,2000-01_2004-12,1901,1999-12,2000-01,2004-12
spei6,Padaviya,ridge_ar24_met24,2004-07,2004-08,1,0.420711112814785,0.15718777532337003,2000-01_2004-12,1901,1999-12,2000-01,2004-12
spei6,Padaviya,ridge_ar24_met24,2004-08,2004-09,1,1.94896970781419,0.504830909296317,2000-01_2004-12,1901,1999-12,2000-01,2004-12
spei6,Padaviya,ridge_ar24_met24,2004-09,2004-10,1,2.215936369888,1.4228816077531221,2000-01_2004-12,1901,1999-12,2000-01,2004-12
spei6,Padaviya,ridge_ar24_met24,2004-10,2004-11,1,1.396487579209,1.2963281094962869,2000-01_2004-12,1901,1999-12,2000-01,2004-12
spei6,Padaviya,ridge_ar24_met24,2004-11,2004-12,1,1.26640787064387,0.9221811076577906,2000-01_2004-12,1901,1999-12,2000-01,2004-12
spei6,Padaviya,persistence,1999-12,2000-01,1,-0.225863887278165,-0.637695098240251,2000-01_2004-12,1901,1999-12,2000-01,2004-12
spei6,Padaviya,persistence,2000-01,2000-02,1,0.568019334301114,-0.225863887278165,2000-01_2004-12,1901,1999-12,2000-01,2004-12
spei6,Padaviya,persistence,2000-02,2000-03,1,0.293984492161266,0.568019334301114,2000-01_2004-12,1901,1999-12,2000-01,2004-12
spei6,Padaviya,persistence,2000-03,2000-04,1,-0.0312132425961159,0.293984492161266,2000-01_2004-12,1901,1999-12,2000-01,2004-12
spei6,Padaviya,persistence,2000-04,2000-05,1,0.134017884689855,-0.0312132425961159,2000-01_2004-12,1901,1999-12,2000-01,2004-12
spei6,Padaviya,persistence,2000-05,2000-06,1,0.711578950538209,0.134017884689855,2000-01_2004-12,1901,1999-12,2000-01,2004-12
spei6,Padaviya,persistence,2000-06,2000-07,1,0.0666142968600498,0.711578950538209,2000-01_2004-12,1901,1999-12,2000-01,2004-12
spei6,Padaviya,persistence,2000-07,2000-08,1,-0.831009125571391,0.0666142968600498,2000-01_2004-12,1901,1999-12,2000-01,2004-12
spei6,Padaviya,persistence,2000-08,2000-09,1,0.631703223768754,-0.831009125571391,2000-01_2004-12,1901,1999-12,2000-01,2004-12
spei6,Padaviya,persistence,2000-09,2000-10,1,-0.383165326734637,0.631703223768754,2000-01_2004-12,1901,1999-12,2000-01,2004-12
spei6,Padaviya,persistence,2000-10,2000-11,1,-0.403450418523856,-0.383165326734637,2000-01_2004-12,1901,1999-12,2000-01,2004-12
spei6,Padaviya,persistence,2000-11,2000-12,1,-0.262384324086959,-0.403450418523856,2000-01_2004-12,1901,1999-12,2000-01,2004-12
spei6,Padaviya,persistence,2000-12,2001-01,1,0.199867331269799,-0.262384324086959,2000-01_2004-12,1901,1999-12,2000-01,2004-12
spei6,Padaviya,persistence,2001-01,2001-02,1,-0.162286491619586,0.199867331269799,2000-01_2004-12,1901,1999-12,2000-01,2004-12
spei6,Padaviya,persistence,2001-02,2001-03,1,-0.753424669545581,-0.162286491619586,2000-01_2004-12,1901,1999-12,2000-01,2004-12
spei6,Padaviya,persistence,2001-03,2001-04,1,0.198516773557943,-0.753424669545581,2000-01_2004-12,1901,1999-12,2000-01,2004-12
spei6,Padaviya,persistence,2001-04,2001-05,1,0.235914983832738,0.198516773557943,2000-01_2004-12,1901,1999-12,2000-01,2004-12
spei6,Padaviya,persistence,2001-05,2001-06,1,0.231959079653276,0.235914983832738,2000-01_2004-12,1901,1999-12,2000-01,2004-12
spei6,Padaviya,persistence,2001-06,2001-07,1,-0.367405906761015,0.231959079653276,2000-01_2004-12,1901,1999-12,2000-01,2004-12
spei6,Padaviya,persistence,2001-07,2001-08,1,-0.700779344905014,-0.367405906761015,2000-01_2004-12,1901,1999-12,2000-01,2004-12
spei6,Padaviya,persistence,2001-08,2001-09,1,-0.494411818829257,-0.700779344905014,2000-01_2004-12,1901,1999-12,2000-01,2004-12
spei6,Padaviya,persistence,2001-09,2001-10,1,-1.82246642982091,-0.494411818829257,2000-01_2004-12,1901,1999-12,2000-01,2004-12
spei6,Padaviya,persistence,2001-10,2001-11,1,-1.48128622215784,-1.82246642982091,2000-01_2004-12,1901,1999-12,2000-01,2004-12
spei6,Padaviya,persistence,2001-11,2001-12,1,-1.02061541481958,-1.48128622215784,2000-01_2004-12,1901,1999-12,2000-01,2004-12
spei6,Padaviya,persistence,2001-12,2002-01,1,-1.31024639074716,-1.02061541481958,2000-01_2004-12,1901,1999-12,2000-01,2004-12
spei6,Padaviya,persistence,2002-01,2002-02,1,-1.15962177496864,-1.31024639074716,2000-01_2004-12,1901,1999-12,2000-01,2004-12
spei6,Padaviya,persistence,2002-02,2002-03,1,-1.0649720033757,-1.15962177496864,2000-01_2004-12,1901,1999-12,2000-01,2004-12
spei6,Padaviya,persistence,2002-03,2002-04,1,-0.788871643140518,-1.0649720033757,2000-01_2004-12,1901,1999-12,2000-01,2004-12
spei6,Padaviya,persistence,2002-04,2002-05,1,-0.291388996422225,-0.788871643140518,2000-01_2004-12,1901,1999-12,2000-01,2004-12
spei6,Padaviya,persistence,2002-05,2002-06,1,-0.851282771960927,-0.291388996422225,2000-01_2004-12,1901,1999-12,2000-01,2004-12
spei6,Padaviya,persistence,2002-06,2002-07,1,-0.68993797853847,-0.851282771960927,2000-01_2004-12,1901,1999-12,2000-01,2004-12
spei6,Padaviya,persistence,2002-07,2002-08,1,-1.03661939730208,-0.68993797853847,2000-01_2004-12,1901,1999-12,2000-01,2004-12
spei6,Padaviya,persistence,2002-08,2002-09,1,-1.15251118323733,-1.03661939730208,2000-01_2004-12,1901,1999-12,2000-01,2004-12
spei6,Padaviya,persistence,2002-09,2002-10,1,0.194933070471711,-1.15251118323733,2000-01_2004-12,1901,1999-12,2000-01,2004-12
spei6,Padaviya,persistence,2002-10,2002-11,1,0.348984319973662,0.194933070471711,2000-01_2004-12,1901,1999-12,2000-01,2004-12
spei6,Padaviya,persistence,2002-11,2002-12,1,0.935116985129576,0.348984319973662,2000-01_2004-12,1901,1999-12,2000-01,2004-12
spei6,Padaviya,persistence,2002-12,2003-01,1,1.03794271222194,0.935116985129576,2000-01_2004-12,1901,1999-12,2000-01,2004-12
spei6,Padaviya,persistence,2003-01,2003-02,1,1.1726596094634,1.03794271222194,2000-01_2004-12,1901,1999-12,2000-01,2004-12
spei6,Padaviya,persistence,2003-02,2003-03,1,1.25360400459192,1.1726596094634,2000-01_2004-12,1901,1999-12,2000-01,2004-12
spei6,Padaviya,persistence,2003-03,2003-04,1,0.917723943839498,1.25360400459192,2000-01_2004-12,1901,1999-12,2000-01,2004-12
spei6,Padaviya,persistence,2003-04,2003-05,1,0.877352846549477,0.917723943839498,2000-01_2004-12,1901,1999-12,2000-01,2004-12
spei6,Padaviya,persistence,2003-05,2003-06,1,0.262175733387049,0.877352846549477,2000-01_2004-12,1901,1999-12,2000-01,2004-12
spei6,Padaviya,persistence,2003-06,2003-07,1,0.47222341042749,0.262175733387049,2000-01_2004-12,1901,1999-12,2000-01,2004-12
spei6,Padaviya,persistence,2003-07,2003-08,1,0.760912360893338,0.47222341042749,2000-01_2004-12,1901,1999-12,2000-01,2004-12
spei6,Padaviya,persistence,2003-08,2003-09,1,0.660455583598022,0.760912360893338,2000-01_2004-12,1901,1999-12,2000-01,2004-12
spei6,Padaviya,persistence,2003-09,2003-10,1,-0.33582930157107,0.660455583598022,2000-01_2004-12,1901,1999-12,2000-01,2004-12
spei6,Padaviya,persistence,2003-10,2003-11,1,0.703798214104685,-0.33582930157107,2000-01_2004-12,1901,1999-12,2000-01,2004-12
spei6,Padaviya,persistence,2003-11,2003-12,1,-0.698084879257368,0.703798214104685,2000-01_2004-12,1901,1999-12,2000-01,2004-12
spei6,Padaviya,persistence,2003-12,2004-01,1,-1.20166850441639,-0.698084879257368,2000-01_2004-12,1901,1999-12,2000-01,2004-12
spei6,Padaviya,persistence,2004-01,2004-02,1,-1.25742849532953,-1.20166850441639,2000-01_2004-12,1901,1999-12,2000-01,2004-12
spei6,Padaviya,persistence,2004-02,2004-03,1,-1.35187680094743,-1.25742849532953,2000-01_2004-12,1901,1999-12,2000-01,2004-12
spei6,Padaviya,persistence,2004-03,2004-04,1,-1.09802697200769,-1.35187680094743,2000-01_2004-12,1901,1999-12,2000-01,2004-12
spei6,Padaviya,persistence,2004-04,2004-05,1,-1.71077156477324,-1.09802697200769,2000-01_2004-12,1901,1999-12,2000-01,2004-12
spei6,Padaviya,persistence,2004-05,2004-06,1,-0.437265441160199,-1.71077156477324,2000-01_2004-12,1901,1999-12,2000-01,2004-12
spei6,Padaviya,persistence,2004-06,2004-07,1,0.380475508838986,-0.437265441160199,2000-01_2004-12,1901,1999-12,2000-01,2004-12
spei6,Padaviya,persistence,2004-07,2004-08,1,0.420711112814785,0.380475508838986,2000-01_2004-12,1901,1999-12,2000-01,2004-12
spei6,Padaviya,persistence,2004-08,2004-09,1,1.94896970781419,0.420711112814785,2000-01_2004-12,1901,1999-12,2000-01,2004-12
spei6,Padaviya,persistence,2004-09,2004-10,1,2.215936369888,1.94896970781419,2000-01_2004-12,1901,1999-12,2000-01,2004-12
spei6,Padaviya,persistence,2004-10,2004-11,1,1.396487579209,2.215936369888,2000-01_2004-12,1901,1999-12,2000-01,2004-12
spei6,Padaviya,persistence,2004-11,2004-12,1,1.26640787064387,1.396487579209,2000-01_2004-12,1901,1999-12,2000-01,2004-12
spei6,Tissamaharama,ridge_ar24_met24,1999-12,2000-01,1,0.569617312869924,0.14706224355300088,2000-01_2004-12,1901,1999-12,2000-01,2004-12
spei6,Tissamaharama,ridge_ar24_met24,2000-01,2000-02,1,1.22258667331884,0.6937929169001978,2000-01_2004-12,1901,1999-12,2000-01,2004-12
spei6,Tissamaharama,ridge_ar24_met24,2000-02,2000-03,1,1.06945475788635,0.8565778612443092,2000-01_2004-12,1901,1999-12,2000-01,2004-12
spei6,Tissamaharama,ridge_ar24_met24,2000-03,2000-04,1,0.734777274062219,0.7854058935032069,2000-01_2004-12,1901,1999-12,2000-01,2004-12
spei6,Tissamaharama,ridge_ar24_met24,2000-04,2000-05,1,0.576253659244443,0.655187373471145,2000-01_2004-12,1901,1999-12,2000-01,2004-12
spei6,Tissamaharama,ridge_ar24_met24,2000-05,2000-06,1,0.843023427200224,0.794628527958641,2000-01_2004-12,1901,1999-12,2000-01,2004-12
spei6,Tissamaharama,ridge_ar24_met24,2000-06,2000-07,1,-0.0606098936882671,0.3948456719419349,2000-01_2004-12,1901,1999-12,2000-01,2004-12
spei6,Tissamaharama,ridge_ar24_met24,2000-07,2000-08,1,-0.40301729223915,-0.783123302314655,2000-01_2004-12,1901,1999-12,2000-01,2004-12
spei6,Tissamaharama,ridge_ar24_met24,2000-08,2000-09,1,-0.250339779513654,-0.35242219421784937,2000-01_2004-12,1901,1999-12,2000-01,2004-12
spei6,Tissamaharama,ridge_ar24_met24,2000-09,2000-10,1,-0.421714046118426,0.024758989303766413,2000-01_2004-12,1901,1999-12,2000-01,2004-12
spei6,Tissamaharama,ridge_ar24_met24,2000-10,2000-11,1,-0.0421277223339142,-0.08960804883837015,2000-01_2004-12,1901,1999-12,2000-01,2004-12
spei6,Tissamaharama,ridge_ar24_met24,2000-11,2000-12,1,-0.392975096816059,-0.27191308808375236,2000-01_2004-12,1901,1999-12,2000-01,2004-12
spei6,Tissamaharama,ridge_ar24_met24,2000-12,2001-01,1,0.587635034682962,-0.2723516760076455,2000-01_2004-12,1901,1999-12,2000-01,2004-12
spei6,Tissamaharama,ridge_ar24_met24,2001-01,2001-02,1,-0.0364250934808974,0.061652361470084655,2000-01_2004-12,1901,1999-12,2000-01,2004-12
spei6,Tissamaharama,ridge_ar24_met24,2001-02,2001-03,1,-0.666697519564571,-0.20498429455440106,2000-01_2004-12,1901,1999-12,2000-01,2004-12
spei6,Tissamaharama,ridge_ar24_met24,2001-03,2001-04,1,0.121864927958812,-0.005466457191663911,2000-01_2004-12,1901,1999-12,2000-01,2004-12
spei6,Tissamaharama,ridge_ar24_met24,2001-04,2001-05,1,-0.270303090394665,0.12578218649631406,2000-01_2004-12,1901,1999-12,2000-01,2004-12
spei6,Tissamaharama,ridge_ar24_met24,2001-05,2001-06,1,0.173393334039442,0.027072466202148846,2000-01_2004-12,1901,1999-12,2000-01,2004-12
spei6,Tissamaharama,ridge_ar24_met24,2001-06,2001-07,1,-0.992769598583728,-0.4273354711007053,2000-01_2004-12,1901,1999-12,2000-01,2004-12
spei6,Tissamaharama,ridge_ar24_met24,2001-07,2001-08,1,-1.50582386860686,-0.8658155349012192,2000-01_2004-12,1901,1999-12,2000-01,2004-12
spei6,Tissamaharama,ridge_ar24_met24,2001-08,2001-09,1,-0.936122234438579,-0.8525702671467498,2000-01_2004-12,1901,1999-12,2000-01,2004-12
spei6,Tissamaharama,ridge_ar24_met24,2001-09,2001-10,1,-2.51982591312503,-1.2130464373424577,2000-01_2004-12,1901,1999-12,2000-01,2004-12
spei6,Tissamaharama,ridge_ar24_met24,2001-10,2001-11,1,-1.69751997746888,-1.678037751824613,2000-01_2004-12,1901,1999-12,2000-01,2004-12
spei6,Tissamaharama,ridge_ar24_met24,2001-11,2001-12,1,-1.62820525453011,-1.8375452116645719,2000-01_2004-12,1901,1999-12,2000-01,2004-12
spei6,Tissamaharama,ridge_ar24_met24,2001-12,2002-01,1,-1.82230389518311,-1.4831609291753685,2000-01_2004-12,1901,1999-12,2000-01,2004-12
spei6,Tissamaharama,ridge_ar24_met24,2002-01,2002-02,1,-1.42182320242718,-1.3509286043633604,2000-01_2004-12,1901,1999-12,2000-01,2004-12
spei6,Tissamaharama,ridge_ar24_met24,2002-02,2002-03,1,-1.46988375384662,-1.285230443762169,2000-01_2004-12,1901,1999-12,2000-01,2004-12
spei6,Tissamaharama,ridge_ar24_met24,2002-03,2002-04,1,-0.942154779517961,-1.0500447156876198,2000-01_2004-12,1901,1999-12,2000-01,2004-12
spei6,Tissamaharama,ridge_ar24_met24,2002-04,2002-05,1,-0.50152694110053,-0.3952751481716451,2000-01_2004-12,1901,1999-12,2000-01,2004-12
spei6,Tissamaharama,ridge_ar24_met24,2002-05,2002-06,1,-0.7438224952176,-0.21626454077809826,2000-01_2004-12,1901,1999-12,2000-01,2004-12
spei6,Tissamaharama,ridge_ar24_met24,2002-06,2002-07,1,-0.532147164392416,-0.3716369990680242,2000-01_2004-12,1901,1999-12,2000-01,2004-12
spei6,Tissamaharama,ridge_ar24_met24,2002-07,2002-08,1,-0.511792648077729,-0.45615162602180537,2000-01_2004-12,1901,1999-12,2000-01,2004-12
spei6,Tissamaharama,ridge_ar24_met24,2002-08,2002-09,1,-0.631454566987253,-0.3411713823656295,2000-01_2004-12,1901,1999-12,2000-01,2004-12
spei6,Tissamaharama,ridge_ar24_met24,2002-09,2002-10,1,-0.499164121273014,-0.5863311542326067,2000-01_2004-12,1901,1999-12,2000-01,2004-12
spei6,Tissamaharama,ridge_ar24_met24,2002-10,2002-11,1,-0.536918233190724,-0.6192871675622159,2000-01_2004-12,1901,1999-12,2000-01,2004-12
spei6,Tissamaharama,ridge_ar24_met24,2002-11,2002-12,1,0.387063719807884,-0.3372401689339236,2000-01_2004-12,1901,1999-12,2000-01,2004-12
spei6,Tissamaharama,ridge_ar24_met24,2002-12,2003-01,1,0.621501470471664,0.6345912862752328,2000-01_2004-12,1901,1999-12,2000-01,2004-12
spei6,Tissamaharama,ridge_ar24_met24,2003-01,2003-02,1,0.646205608370935,0.4495795569123633,2000-01_2004-12,1901,1999-12,2000-01,2004-12
spei6,Tissamaharama,ridge_ar24_met24,2003-02,2003-03,1,0.991759121186447,0.8260209298019455,2000-01_2004-12,1901,1999-12,2000-01,2004-12
spei6,Tissamaharama,ridge_ar24_met24,2003-03,2003-04,1,0.712613402754183,0.909332017644584,2000-01_2004-12,1901,1999-12,2000-01,2004-12
spei6,Tissamaharama,ridge_ar24_met24,2003-04,2003-05,1,0.661331913656205,0.5714744446212908,2000-01_2004-12,1901,1999-12,2000-01,2004-12
spei6,Tissamaharama,ridge_ar24_met24,2003-05,2003-06,1,-0.0493690311175147,0.2346257435415921,2000-01_2004-12,1901,1999-12,2000-01,2004-12
spei6,Tissamaharama,ridge_ar24_met24,2003-06,2003-07,1,0.0588764220966706,-0.18786512655112428,2000-01_2004-12,1901,1999-12,2000-01,2004-12
spei6,Tissamaharama,ridge_ar24_met24,2003-07,2003-08,1,-0.216826947133997,-0.1509029268496038,2000-01_2004-12,1901,1999-12,2000-01,2004-12
spei6,Tissamaharama,ridge_ar24_met24,2003-08,2003-09,1,-0.476517177978929,-0.32443859228345556,2000-01_2004-12,1901,1999-12,2000-01,2004-12
spei6,Tissamaharama,ridge_ar24_met24,2003-09,2003-10,1,-0.673857635049978,-0.5021864100099223,2000-01_2004-12,1901,1999-12,2000-01,2004-12
spei6,Tissamaharama,ridge_ar24_met24,2003-10,2003-11,1,0.432152082452107,-0.5926644738188246,2000-01_2004-12,1901,1999-12,2000-01,2004-12
spei6,Tissamaharama,ridge_ar24_met24,2003-11,2003-12,1,-0.609614942011027,0.2902263714334341,2000-01_2004-12,1901,1999-12,2000-01,2004-12
spei6,Tissamaharama,ridge_ar24_met24,2003-12,2004-01,1,-1.23662606563514,-0.7524243520958044,2000-01_2004-12,1901,1999-12,2000-01,2004-12
spei6,Tissamaharama,ridge_ar24_met24,2004-01,2004-02,1,-1.03208848118747,-1.1760006313935996,2000-01_2004-12,1901,1999-12,2000-01,2004-12
spei6,Tissamaharama,ridge_ar24_met24,2004-02,2004-03,1,-1.30259667229314,-1.025208854418525,2000-01_2004-12,1901,1999-12,2000-01,2004-12
spei6,Tissamaharama,ridge_ar24_met24,2004-03,2004-04,1,-1.07085169915054,-0.9980302433283027,2000-01_2004-12,1901,1999-12,2000-01,2004-12
spei6,Tissamaharama,ridge_ar24_met24,2004-04,2004-05,1,-1.41355391726253,-1.841836242509068,2000-01_2004-12,1901,1999-12,2000-01,2004-12
spei6,Tissamaharama,ridge_ar24_met24,2004-05,2004-06,1,-0.548793219015475,-0.5735399368938525,2000-01_2004-12,1901,1999-12,2000-01,2004-12
spei6,Tissamaharama,ridge_ar24_met24,2004-06,2004-07,1,0.0536264745256993,0.04501561686626307,2000-01_2004-12,1901,1999-12,2000-01,2004-12
spei6,Tissamaharama,ridge_ar24_met24,2004-07,2004-08,1,0.0225930037208163,-0.059800816419443056,2000-01_2004-12,1901,1999-12,2000-01,2004-12
spei6,Tissamaharama,ridge_ar24_met24,2004-08,2004-09,1,1.22469336722421,0.4450254123073311,2000-01_2004-12,1901,1999-12,2000-01,2004-12
spei6,Tissamaharama,ridge_ar24_met24,2004-09,2004-10,1,1.53798827960806,1.1742425389395605,2000-01_2004-12,1901,1999-12,2000-01,2004-12
spei6,Tissamaharama,ridge_ar24_met24,2004-10,2004-11,1,0.906107388866105,0.9133996820389508,2000-01_2004-12,1901,1999-12,2000-01,2004-12
spei6,Tissamaharama,ridge_ar24_met24,2004-11,2004-12,1,0.970649263480993,0.8014903147968467,2000-01_2004-12,1901,1999-12,2000-01,2004-12
spei6,Tissamaharama,persistence,1999-12,2000-01,1,0.569617312869924,-0.0826480720134707,2000-01_2004-12,1901,1999-12,2000-01,2004-12
spei6,Tissamaharama,persistence,2000-01,2000-02,1,1.22258667331884,0.569617312869924,2000-01_2004-12,1901,1999-12,2000-01,2004-12
spei6,Tissamaharama,persistence,2000-02,2000-03,1,1.06945475788635,1.22258667331884,2000-01_2004-12,1901,1999-12,2000-01,2004-12
spei6,Tissamaharama,persistence,2000-03,2000-04,1,0.734777274062219,1.06945475788635,2000-01_2004-12,1901,1999-12,2000-01,2004-12
spei6,Tissamaharama,persistence,2000-04,2000-05,1,0.576253659244443,0.734777274062219,2000-01_2004-12,1901,1999-12,2000-01,2004-12
spei6,Tissamaharama,persistence,2000-05,2000-06,1,0.843023427200224,0.576253659244443,2000-01_2004-12,1901,1999-12,2000-01,2004-12
spei6,Tissamaharama,persistence,2000-06,2000-07,1,-0.0606098936882671,0.843023427200224,2000-01_2004-12,1901,1999-12,2000-01,2004-12
spei6,Tissamaharama,persistence,2000-07,2000-08,1,-0.40301729223915,-0.0606098936882671,2000-01_2004-12,1901,1999-12,2000-01,2004-12
spei6,Tissamaharama,persistence,2000-08,2000-09,1,-0.250339779513654,-0.40301729223915,2000-01_2004-12,1901,1999-12,2000-01,2004-12
spei6,Tissamaharama,persistence,2000-09,2000-10,1,-0.421714046118426,-0.250339779513654,2000-01_2004-12,1901,1999-12,2000-01,2004-12
spei6,Tissamaharama,persistence,2000-10,2000-11,1,-0.0421277223339142,-0.421714046118426,2000-01_2004-12,1901,1999-12,2000-01,2004-12
spei6,Tissamaharama,persistence,2000-11,2000-12,1,-0.392975096816059,-0.0421277223339142,2000-01_2004-12,1901,1999-12,2000-01,2004-12
spei6,Tissamaharama,persistence,2000-12,2001-01,1,0.587635034682962,-0.392975096816059,2000-01_2004-12,1901,1999-12,2000-01,2004-12
spei6,Tissamaharama,persistence,2001-01,2001-02,1,-0.0364250934808974,0.587635034682962,2000-01_2004-12,1901,1999-12,2000-01,2004-12
spei6,Tissamaharama,persistence,2001-02,2001-03,1,-0.666697519564571,-0.0364250934808974,2000-01_2004-12,1901,1999-12,2000-01,2004-12
spei6,Tissamaharama,persistence,2001-03,2001-04,1,0.121864927958812,-0.666697519564571,2000-01_2004-12,1901,1999-12,2000-01,2004-12
spei6,Tissamaharama,persistence,2001-04,2001-05,1,-0.270303090394665,0.121864927958812,2000-01_2004-12,1901,1999-12,2000-01,2004-12
spei6,Tissamaharama,persistence,2001-05,2001-06,1,0.173393334039442,-0.270303090394665,2000-01_2004-12,1901,1999-12,2000-01,2004-12
spei6,Tissamaharama,persistence,2001-06,2001-07,1,-0.992769598583728,0.173393334039442,2000-01_2004-12,1901,1999-12,2000-01,2004-12
spei6,Tissamaharama,persistence,2001-07,2001-08,1,-1.50582386860686,-0.992769598583728,2000-01_2004-12,1901,1999-12,2000-01,2004-12
spei6,Tissamaharama,persistence,2001-08,2001-09,1,-0.936122234438579,-1.50582386860686,2000-01_2004-12,1901,1999-12,2000-01,2004-12
spei6,Tissamaharama,persistence,2001-09,2001-10,1,-2.51982591312503,-0.936122234438579,2000-01_2004-12,1901,1999-12,2000-01,2004-12
spei6,Tissamaharama,persistence,2001-10,2001-11,1,-1.69751997746888,-2.51982591312503,2000-01_2004-12,1901,1999-12,2000-01,2004-12
spei6,Tissamaharama,persistence,2001-11,2001-12,1,-1.62820525453011,-1.69751997746888,2000-01_2004-12,1901,1999-12,2000-01,2004-12
spei6,Tissamaharama,persistence,2001-12,2002-01,1,-1.82230389518311,-1.62820525453011,2000-01_2004-12,1901,1999-12,2000-01,2004-12
spei6,Tissamaharama,persistence,2002-01,2002-02,1,-1.42182320242718,-1.82230389518311,2000-01_2004-12,1901,1999-12,2000-01,2004-12
spei6,Tissamaharama,persistence,2002-02,2002-03,1,-1.46988375384662,-1.42182320242718,2000-01_2004-12,1901,1999-12,2000-01,2004-12
spei6,Tissamaharama,persistence,2002-03,2002-04,1,-0.942154779517961,-1.46988375384662,2000-01_2004-12,1901,1999-12,2000-01,2004-12
spei6,Tissamaharama,persistence,2002-04,2002-05,1,-0.50152694110053,-0.942154779517961,2000-01_2004-12,1901,1999-12,2000-01,2004-12
spei6,Tissamaharama,persistence,2002-05,2002-06,1,-0.7438224952176,-0.50152694110053,2000-01_2004-12,1901,1999-12,2000-01,2004-12
spei6,Tissamaharama,persistence,2002-06,2002-07,1,-0.532147164392416,-0.7438224952176,2000-01_2004-12,1901,1999-12,2000-01,2004-12
spei6,Tissamaharama,persistence,2002-07,2002-08,1,-0.511792648077729,-0.532147164392416,2000-01_2004-12,1901,1999-12,2000-01,2004-12
spei6,Tissamaharama,persistence,2002-08,2002-09,1,-0.631454566987253,-0.511792648077729,2000-01_2004-12,1901,1999-12,2000-01,2004-12
spei6,Tissamaharama,persistence,2002-09,2002-10,1,-0.499164121273014,-0.631454566987253,2000-01_2004-12,1901,1999-12,2000-01,2004-12
spei6,Tissamaharama,persistence,2002-10,2002-11,1,-0.536918233190724,-0.499164121273014,2000-01_2004-12,1901,1999-12,2000-01,2004-12
spei6,Tissamaharama,persistence,2002-11,2002-12,1,0.387063719807884,-0.536918233190724,2000-01_2004-12,1901,1999-12,2000-01,2004-12
spei6,Tissamaharama,persistence,2002-12,2003-01,1,0.621501470471664,0.387063719807884,2000-01_2004-12,1901,1999-12,2000-01,2004-12
spei6,Tissamaharama,persistence,2003-01,2003-02,1,0.646205608370935,0.621501470471664,2000-01_2004-12,1901,1999-12,2000-01,2004-12
spei6,Tissamaharama,persistence,2003-02,2003-03,1,0.991759121186447,0.646205608370935,2000-01_2004-12,1901,1999-12,2000-01,2004-12
spei6,Tissamaharama,persistence,2003-03,2003-04,1,0.712613402754183,0.991759121186447,2000-01_2004-12,1901,1999-12,2000-01,2004-12
spei6,Tissamaharama,persistence,2003-04,2003-05,1,0.661331913656205,0.712613402754183,2000-01_2004-12,1901,1999-12,2000-01,2004-12
spei6,Tissamaharama,persistence,2003-05,2003-06,1,-0.0493690311175147,0.661331913656205,2000-01_2004-12,1901,1999-12,2000-01,2004-12
spei6,Tissamaharama,persistence,2003-06,2003-07,1,0.0588764220966706,-0.0493690311175147,2000-01_2004-12,1901,1999-12,2000-01,2004-12
spei6,Tissamaharama,persistence,2003-07,2003-08,1,-0.216826947133997,0.0588764220966706,2000-01_2004-12,1901,1999-12,2000-01,2004-12
spei6,Tissamaharama,persistence,2003-08,2003-09,1,-0.476517177978929,-0.216826947133997,2000-01_2004-12,1901,1999-12,2000-01,2004-12
spei6,Tissamaharama,persistence,2003-09,2003-10,1,-0.673857635049978,-0.476517177978929,2000-01_2004-12,1901,1999-12,2000-01,2004-12
spei6,Tissamaharama,persistence,2003-10,2003-11,1,0.432152082452107,-0.673857635049978,2000-01_2004-12,1901,1999-12,2000-01,2004-12
spei6,Tissamaharama,persistence,2003-11,2003-12,1,-0.609614942011027,0.432152082452107,2000-01_2004-12,1901,1999-12,2000-01,2004-12
spei6,Tissamaharama,persistence,2003-12,2004-01,1,-1.23662606563514,-0.609614942011027,2000-01_2004-12,1901,1999-12,2000-01,2004-12
spei6,Tissamaharama,persistence,2004-01,2004-02,1,-1.03208848118747,-1.23662606563514,2000-01_2004-12,1901,1999-12,2000-01,2004-12
spei6,Tissamaharama,persistence,2004-02,2004-03,1,-1.30259667229314,-1.03208848118747,2000-01_2004-12,1901,1999-12,2000-01,2004-12
spei6,Tissamaharama,persistence,2004-03,2004-04,1,-1.07085169915054,-1.30259667229314,2000-01_2004-12,1901,1999-12,2000-01,2004-12
spei6,Tissamaharama,persistence,2004-04,2004-05,1,-1.41355391726253,-1.07085169915054,2000-01_2004-12,1901,1999-12,2000-01,2004-12
spei6,Tissamaharama,persistence,2004-05,2004-06,1,-0.548793219015475,-1.41355391726253,2000-01_2004-12,1901,1999-12,2000-01,2004-12
spei6,Tissamaharama,persistence,2004-06,2004-07,1,0.0536264745256993,-0.548793219015475,2000-01_2004-12,1901,1999-12,2000-01,2004-12
spei6,Tissamaharama,persistence,2004-07,2004-08,1,0.0225930037208163,0.0536264745256993,2000-01_2004-12,1901,1999-12,2000-01,2004-12
spei6,Tissamaharama,persistence,2004-08,2004-09,1,1.22469336722421,0.0225930037208163,2000-01_2004-12,1901,1999-12,2000-01,2004-12
spei6,Tissamaharama,persistence,2004-09,2004-10,1,1.53798827960806,1.22469336722421,2000-01_2004-12,1901,1999-12,2000-01,2004-12
spei6,Tissamaharama,persistence,2004-10,2004-11,1,0.906107388866105,1.53798827960806,2000-01_2004-12,1901,1999-12,2000-01,2004-12
spei6,Tissamaharama,persistence,2004-11,2004-12,1,0.970649263480993,0.906107388866105,2000-01_2004-12,1901,1999-12,2000-01,2004-12
spei6,Buttala,ridge_ar24_met24,2004-12,2005-01,1,1.10190326414567,1.2460172995233565,2005-01_2009-12,1901,2004-12,2005-01,2009-12
spei6,Buttala,ridge_ar24_met24,2005-01,2005-02,1,0.83822900139694,1.1935174740402001,2005-01_2009-12,1901,2004-12,2005-01,2009-12
spei6,Buttala,ridge_ar24_met24,2005-02,2005-03,1,0.152568684233666,0.2882315905932123,2005-01_2009-12,1901,2004-12,2005-01,2009-12
spei6,Buttala,ridge_ar24_met24,2005-03,2005-04,1,-0.120354575908714,-0.11172894157803444,2005-01_2009-12,1901,2004-12,2005-01,2009-12
spei6,Buttala,ridge_ar24_met24,2005-04,2005-05,1,-0.137179308849939,-0.06284541800035612,2005-01_2009-12,1901,2004-12,2005-01,2009-12
spei6,Buttala,ridge_ar24_met24,2005-05,2005-06,1,-0.811602082685556,-0.3837609793647728,2005-01_2009-12,1901,2004-12,2005-01,2009-12
spei6,Buttala,ridge_ar24_met24,2005-06,2005-07,1,-1.08688339094271,-0.9444144734578664,2005-01_2009-12,1901,2004-12,2005-01,2009-12
spei6,Buttala,ridge_ar24_met24,2005-07,2005-08,1,-1.06458013495303,-0.4152659577698925,2005-01_2009-12,1901,2004-12,2005-01,2009-12
spei6,Buttala,ridge_ar24_met24,2005-08,2005-09,1,-1.27620044956886,-1.0736447103705378,2005-01_2009-12,1901,2004-12,2005-01,2009-12
spei6,Buttala,ridge_ar24_met24,2005-09,2005-10,1,-1.47801188138362,-1.2535314790260075,2005-01_2009-12,1901,2004-12,2005-01,2009-12
spei6,Buttala,ridge_ar24_met24,2005-10,2005-11,1,0.461234379394662,-1.1294048559526557,2005-01_2009-12,1901,2004-12,2005-01,2009-12
spei6,Buttala,ridge_ar24_met24,2005-11,2005-12,1,0.505740897534982,0.29115206576332775,2005-01_2009-12,1901,2004-12,2005-01,2009-12
spei6,Buttala,ridge_ar24_met24,2005-12,2006-01,1,0.764208208786653,0.45155715877850044,2005-01_2009-12,1901,2004-12,2005-01,2009-12
spei6,Buttala,ridge_ar24_met24,2006-01,2006-02,1,0.916645615936607,0.9138119554631537,2005-01_2009-12,1901,2004-12,2005-01,2009-12
spei6,Buttala,ridge_ar24_met24,2006-02,2006-03,1,1.32265722003832,1.4670956622411235,2005-01_2009-12,1901,2004-12,2005-01,2009-12
spei6,Buttala,ridge_ar24_met24,2006-03,2006-04,1,1.14712694022119,1.4172554277192113,2005-01_2009-12,1901,2004-12,2005-01,2009-12
spei6,Buttala,ridge_ar24_met24,2006-04,2006-05,1,0.0418517835058017,0.0550764299995327,2005-01_2009-12,1901,2004-12,2005-01,2009-12
spei6,Buttala,ridge_ar24_met24,2006-05,2006-06,1,-0.0610918092425402,-0.04635026715298508,2005-01_2009-12,1901,2004-12,2005-01,2009-12
spei6,Buttala,ridge_ar24_met24,2006-06,2006-07,1,-0.905428789526061,-0.48970428810972366,2005-01_2009-12,1901,2004-12,2005-01,2009-12
spei6,Buttala,ridge_ar24_met24,2006-07,2006-08,1,-0.675147014826733,-0.7109887523473306,2005-01_2009-12,1901,2004-12,2005-01,2009-12
spei6,Buttala,ridge_ar24_met24,2006-08,2006-09,1,-0.334518926612735,-0.8056707195131021,2005-01_2009-12,1901,2004-12,2005-01,2009-12
spei6,Buttala,ridge_ar24_met24,2006-09,2006-10,1,1.03511714599639,0.17470847736220232,2005-01_2009-12,1901,2004-12,2005-01,2009-12
spei6,Buttala,ridge_ar24_met24,2006-10,2006-11,1,1.83525569543255,0.8662434810944467,2005-01_2009-12,1901,2004-12,2005-01,2009-12
spei6,Buttala,ridge_ar24_met24,2006-11,2006-12,1,1.72900867845773,1.8493393304306287,2005-01_2009-12,1901,2004-12,2005-01,2009-12
spei6,Buttala,ridge_ar24_met24,2006-12,2007-01,1,2.07615034056828,2.1812289619327077,2005-01_2009-12,1901,2004-12,2005-01,2009-12
spei6,Buttala,ridge_ar24_met24,2007-01,2007-02,1,1.83191254427208,2.2060511638093248,2005-01_2009-12,1901,2004-12,2005-01,2009-12
spei6,Buttala,ridge_ar24_met24,2007-02,2007-03,1,1.36977584073082,1.5648251872236458,2005-01_2009-12,1901,2004-12,2005-01,2009-12
spei6,Buttala,ridge_ar24_met24,2007-03,2007-04,1,1.30799718758092,0.8165627370464609,2005-01_2009-12,1901,2004-12,2005-01,2009-12
spei6,Buttala,ridge_ar24_met24,2007-04,2007-05,1,0.532675118934086,0.6991090097151432,2005-01_2009-12,1901,2004-12,2005-01,2009-12
spei6,Buttala,ridge_ar24_met24,2007-05,2007-06,1,0.107555298568657,0.24174382645911852,2005-01_2009-12,1901,2004-12,2005-01,2009-12
spei6,Buttala,ridge_ar24_met24,2007-06,2007-07,1,-0.811551355888094,-0.7410217849954326,2005-01_2009-12,1901,2004-12,2005-01,2009-12
spei6,Buttala,ridge_ar24_met24,2007-07,2007-08,1,0.564280349377169,-0.3235148055657499,2005-01_2009-12,1901,2004-12,2005-01,2009-12
spei6,Buttala,ridge_ar24_met24,2007-08,2007-09,1,0.99555685882793,0.49888787242250887,2005-01_2009-12,1901,2004-12,2005-01,2009-12
spei6,Buttala,ridge_ar24_met24,2007-09,2007-10,1,0.213458182345801,0.41175261662185625,2005-01_2009-12,1901,2004-12,2005-01,2009-12
spei6,Buttala,ridge_ar24_met24,2007-10,2007-11,1,-0.427734527704802,0.4295663204372157,2005-01_2009-12,1901,2004-12,2005-01,2009-12
spei6,Buttala,ridge_ar24_met24,2007-11,2007-12,1,-0.422720246411351,-0.22685007430348084,2005-01_2009-12,1901,2004-12,2005-01,2009-12
spei6,Buttala,ridge_ar24_met24,2007-12,2008-01,1,-0.808855645119366,-0.2145055866501719,2005-01_2009-12,1901,2004-12,2005-01,2009-12
spei6,Buttala,ridge_ar24_met24,2008-01,2008-02,1,-1.18896886370654,-1.3013134696960034,2005-01_2009-12,1901,2004-12,2005-01,2009-12
spei6,Buttala,ridge_ar24_met24,2008-02,2008-03,1,-0.247008237773195,-1.102841029181726,2005-01_2009-12,1901,2004-12,2005-01,2009-12
spei6,Buttala,ridge_ar24_met24,2008-03,2008-04,1,-0.0668315950602074,-0.17450944990133,2005-01_2009-12,1901,2004-12,2005-01,2009-12
spei6,Buttala,ridge_ar24_met24,2008-04,2008-05,1,0.328980908637074,0.4541716202387032,2005-01_2009-12,1901,2004-12,2005-01,2009-12
spei6,Buttala,ridge_ar24_met24,2008-05,2008-06,1,0.509742717658613,0.3801935173104247,2005-01_2009-12,1901,2004-12,2005-01,2009-12
spei6,Buttala,ridge_ar24_met24,2008-06,2008-07,1,1.27174413232069,0.8857395794252622,2005-01_2009-12,1901,2004-12,2005-01,2009-12
spei6,Buttala,ridge_ar24_met24,2008-07,2008-08,1,1.47635447028305,1.0829310178705551,2005-01_2009-12,1901,2004-12,2005-01,2009-12
spei6,Buttala,ridge_ar24_met24,2008-08,2008-09,1,-0.452104731863753,0.3618143544375406,2005-01_2009-12,1901,2004-12,2005-01,2009-12
spei6,Buttala,ridge_ar24_met24,2008-09,2008-10,1,0.0661184871755241,-0.5004860712160343,2005-01_2009-12,1901,2004-12,2005-01,2009-12
spei6,Buttala,ridge_ar24_met24,2008-10,2008-11,1,0.515053561854711,0.18251158316455246,2005-01_2009-12,1901,2004-12,2005-01,2009-12
spei6,Buttala,ridge_ar24_met24,2008-11,2008-12,1,0.633771125862871,0.4450553803049164,2005-01_2009-12,1901,2004-12,2005-01,2009-12
spei6,Buttala,ridge_ar24_met24,2008-12,2009-01,1,0.2572685102692,0.5012003960812158,2005-01_2009-12,1901,2004-12,2005-01,2009-12
spei6,Buttala,ridge_ar24_met24,2009-01,2009-02,1,-0.353894622825588,-0.07110383550148097,2005-01_2009-12,1901,2004-12,2005-01,2009-12
spei6,Buttala,ridge_ar24_met24,2009-02,2009-03,1,0.146360350056908,0.020894037259313724,2005-01_2009-12,1901,2004-12,2005-01,2009-12
spei6,Buttala,ridge_ar24_met24,2009-03,2009-04,1,-0.312882010979419,-0.19644391785384904,2005-01_2009-12,1901,2004-12,2005-01,2009-12
spei6,Buttala,ridge_ar24_met24,2009-04,2009-05,1,-0.686514193123601,-0.42264658766090285,2005-01_2009-12,1901,2004-12,2005-01,2009-12
spei6,Buttala,ridge_ar24_met24,2009-05,2009-06,1,-1.19000946098872,-0.9467122885633659,2005-01_2009-12,1901,2004-12,2005-01,2009-12
spei6,Buttala,ridge_ar24_met24,2009-06,2009-07,1,-1.23871173613932,-1.0616026287333131,2005-01_2009-12,1901,2004-12,2005-01,2009-12
spei6,Buttala,ridge_ar24_met24,2009-07,2009-08,1,-0.315929523775163,-0.7568886311783012,2005-01_2009-12,1901,2004-12,2005-01,2009-12
spei6,Buttala,ridge_ar24_met24,2009-08,2009-09,1,-0.694956409981539,-0.24335868462341895,2005-01_2009-12,1901,2004-12,2005-01,2009-12
spei6,Buttala,ridge_ar24_met24,2009-09,2009-10,1,-1.04560781098996,-0.42895082513615307,2005-01_2009-12,1901,2004-12,2005-01,2009-12
spei6,Buttala,ridge_ar24_met24,2009-10,2009-11,1,-0.228727159834174,-0.5833200480445782,2005-01_2009-12,1901,2004-12,2005-01,2009-12
spei6,Buttala,ridge_ar24_met24,2009-11,2009-12,1,-0.48263708323821,0.00011420362402655808,2005-01_2009-12,1901,2004-12,2005-01,2009-12
spei6,Buttala,persistence,2004-12,2005-01,1,1.10190326414567,1.05880144240783,2005-01_2009-12,1901,2004-12,2005-01,2009-12
spei6,Buttala,persistence,2005-01,2005-02,1,0.83822900139694,1.10190326414567,2005-01_2009-12,1901,2004-12,2005-01,2009-12
spei6,Buttala,persistence,2005-02,2005-03,1,0.152568684233666,0.83822900139694,2005-01_2009-12,1901,2004-12,2005-01,2009-12
spei6,Buttala,persistence,2005-03,2005-04,1,-0.120354575908714,0.152568684233666,2005-01_2009-12,1901,2004-12,2005-01,2009-12
spei6,Buttala,persistence,2005-04,2005-05,1,-0.137179308849939,-0.120354575908714,2005-01_2009-12,1901,2004-12,2005-01,2009-12
spei6,Buttala,persistence,2005-05,2005-06,1,-0.811602082685556,-0.137179308849939,2005-01_2009-12,1901,2004-12,2005-01,2009-12
spei6,Buttala,persistence,2005-06,2005-07,1,-1.08688339094271,-0.811602082685556,2005-01_2009-12,1901,2004-12,2005-01,2009-12
spei6,Buttala,persistence,2005-07,2005-08,1,-1.06458013495303,-1.08688339094271,2005-01_2009-12,1901,2004-12,2005-01,2009-12
spei6,Buttala,persistence,2005-08,2005-09,1,-1.27620044956886,-1.06458013495303,2005-01_2009-12,1901,2004-12,2005-01,2009-12
spei6,Buttala,persistence,2005-09,2005-10,1,-1.47801188138362,-1.27620044956886,2005-01_2009-12,1901,2004-12,2005-01,2009-12
spei6,Buttala,persistence,2005-10,2005-11,1,0.461234379394662,-1.47801188138362,2005-01_2009-12,1901,2004-12,2005-01,2009-12
spei6,Buttala,persistence,2005-11,2005-12,1,0.505740897534982,0.461234379394662,2005-01_2009-12,1901,2004-12,2005-01,2009-12
spei6,Buttala,persistence,2005-12,2006-01,1,0.764208208786653,0.505740897534982,2005-01_2009-12,1901,2004-12,2005-01,2009-12
spei6,Buttala,persistence,2006-01,2006-02,1,0.916645615936607,0.764208208786653,2005-01_2009-12,1901,2004-12,2005-01,2009-12
spei6,Buttala,persistence,2006-02,2006-03,1,1.32265722003832,0.916645615936607,2005-01_2009-12,1901,2004-12,2005-01,2009-12
spei6,Buttala,persistence,2006-03,2006-04,1,1.14712694022119,1.32265722003832,2005-01_2009-12,1901,2004-12,2005-01,2009-12
spei6,Buttala,persistence,2006-04,2006-05,1,0.0418517835058017,1.14712694022119,2005-01_2009-12,1901,2004-12,2005-01,2009-12
spei6,Buttala,persistence,2006-05,2006-06,1,-0.0610918092425402,0.0418517835058017,2005-01_2009-12,1901,2004-12,2005-01,2009-12
spei6,Buttala,persistence,2006-06,2006-07,1,-0.905428789526061,-0.0610918092425402,2005-01_2009-12,1901,2004-12,2005-01,2009-12
spei6,Buttala,persistence,2006-07,2006-08,1,-0.675147014826733,-0.905428789526061,2005-01_2009-12,1901,2004-12,2005-01,2009-12
spei6,Buttala,persistence,2006-08,2006-09,1,-0.334518926612735,-0.675147014826733,2005-01_2009-12,1901,2004-12,2005-01,2009-12
spei6,Buttala,persistence,2006-09,2006-10,1,1.03511714599639,-0.334518926612735,2005-01_2009-12,1901,2004-12,2005-01,2009-12
spei6,Buttala,persistence,2006-10,2006-11,1,1.83525569543255,1.03511714599639,2005-01_2009-12,1901,2004-12,2005-01,2009-12
spei6,Buttala,persistence,2006-11,2006-12,1,1.72900867845773,1.83525569543255,2005-01_2009-12,1901,2004-12,2005-01,2009-12
spei6,Buttala,persistence,2006-12,2007-01,1,2.07615034056828,1.72900867845773,2005-01_2009-12,1901,2004-12,2005-01,2009-12
spei6,Buttala,persistence,2007-01,2007-02,1,1.83191254427208,2.07615034056828,2005-01_2009-12,1901,2004-12,2005-01,2009-12
spei6,Buttala,persistence,2007-02,2007-03,1,1.36977584073082,1.83191254427208,2005-01_2009-12,1901,2004-12,2005-01,2009-12
spei6,Buttala,persistence,2007-03,2007-04,1,1.30799718758092,1.36977584073082,2005-01_2009-12,1901,2004-12,2005-01,2009-12
spei6,Buttala,persistence,2007-04,2007-05,1,0.532675118934086,1.30799718758092,2005-01_2009-12,1901,2004-12,2005-01,2009-12
spei6,Buttala,persistence,2007-05,2007-06,1,0.107555298568657,0.532675118934086,2005-01_2009-12,1901,2004-12,2005-01,2009-12
spei6,Buttala,persistence,2007-06,2007-07,1,-0.811551355888094,0.107555298568657,2005-01_2009-12,1901,2004-12,2005-01,2009-12
spei6,Buttala,persistence,2007-07,2007-08,1,0.564280349377169,-0.811551355888094,2005-01_2009-12,1901,2004-12,2005-01,2009-12
spei6,Buttala,persistence,2007-08,2007-09,1,0.99555685882793,0.564280349377169,2005-01_2009-12,1901,2004-12,2005-01,2009-12
spei6,Buttala,persistence,2007-09,2007-10,1,0.213458182345801,0.99555685882793,2005-01_2009-12,1901,2004-12,2005-01,2009-12
spei6,Buttala,persistence,2007-10,2007-11,1,-0.427734527704802,0.213458182345801,2005-01_2009-12,1901,2004-12,2005-01,2009-12
spei6,Buttala,persistence,2007-11,2007-12,1,-0.422720246411351,-0.427734527704802,2005-01_2009-12,1901,2004-12,2005-01,2009-12
spei6,Buttala,persistence,2007-12,2008-01,1,-0.808855645119366,-0.422720246411351,2005-01_2009-12,1901,2004-12,2005-01,2009-12
spei6,Buttala,persistence,2008-01,2008-02,1,-1.18896886370654,-0.808855645119366,2005-01_2009-12,1901,2004-12,2005-01,2009-12
spei6,Buttala,persistence,2008-02,2008-03,1,-0.247008237773195,-1.18896886370654,2005-01_2009-12,1901,2004-12,2005-01,2009-12
spei6,Buttala,persistence,2008-03,2008-04,1,-0.0668315950602074,-0.247008237773195,2005-01_2009-12,1901,2004-12,2005-01,2009-12
spei6,Buttala,persistence,2008-04,2008-05,1,0.328980908637074,-0.0668315950602074,2005-01_2009-12,1901,2004-12,2005-01,2009-12
spei6,Buttala,persistence,2008-05,2008-06,1,0.509742717658613,0.328980908637074,2005-01_2009-12,1901,2004-12,2005-01,2009-12
spei6,Buttala,persistence,2008-06,2008-07,1,1.27174413232069,0.509742717658613,2005-01_2009-12,1901,2004-12,2005-01,2009-12
spei6,Buttala,persistence,2008-07,2008-08,1,1.47635447028305,1.27174413232069,2005-01_2009-12,1901,2004-12,2005-01,2009-12
spei6,Buttala,persistence,2008-08,2008-09,1,-0.452104731863753,1.47635447028305,2005-01_2009-12,1901,2004-12,2005-01,2009-12
spei6,Buttala,persistence,2008-09,2008-10,1,0.0661184871755241,-0.452104731863753,2005-01_2009-12,1901,2004-12,2005-01,2009-12
spei6,Buttala,persistence,2008-10,2008-11,1,0.515053561854711,0.0661184871755241,2005-01_2009-12,1901,2004-12,2005-01,2009-12
spei6,Buttala,persistence,2008-11,2008-12,1,0.633771125862871,0.515053561854711,2005-01_2009-12,1901,2004-12,2005-01,2009-12
spei6,Buttala,persistence,2008-12,2009-01,1,0.2572685102692,0.633771125862871,2005-01_2009-12,1901,2004-12,2005-01,2009-12
spei6,Buttala,persistence,2009-01,2009-02,1,-0.353894622825588,0.2572685102692,2005-01_2009-12,1901,2004-12,2005-01,2009-12
spei6,Buttala,persistence,2009-02,2009-03,1,0.146360350056908,-0.353894622825588,2005-01_2009-12,1901,2004-12,2005-01,2009-12
spei6,Buttala,persistence,2009-03,2009-04,1,-0.312882010979419,0.146360350056908,2005-01_2009-12,1901,2004-12,2005-01,2009-12
spei6,Buttala,persistence,2009-04,2009-05,1,-0.686514193123601,-0.312882010979419,2005-01_2009-12,1901,2004-12,2005-01,2009-12
spei6,Buttala,persistence,2009-05,2009-06,1,-1.19000946098872,-0.686514193123601,2005-01_2009-12,1901,2004-12,2005-01,2009-12
spei6,Buttala,persistence,2009-06,2009-07,1,-1.23871173613932,-1.19000946098872,2005-01_2009-12,1901,2004-12,2005-01,2009-12
spei6,Buttala,persistence,2009-07,2009-08,1,-0.315929523775163,-1.23871173613932,2005-01_2009-12,1901,2004-12,2005-01,2009-12
spei6,Buttala,persistence,2009-08,2009-09,1,-0.694956409981539,-0.315929523775163,2005-01_2009-12,1901,2004-12,2005-01,2009-12
spei6,Buttala,persistence,2009-09,2009-10,1,-1.04560781098996,-0.694956409981539,2005-01_2009-12,1901,2004-12,2005-01,2009-12
spei6,Buttala,persistence,2009-10,2009-11,1,-0.228727159834174,-1.04560781098996,2005-01_2009-12,1901,2004-12,2005-01,2009-12
spei6,Buttala,persistence,2009-11,2009-12,1,-0.48263708323821,-0.228727159834174,2005-01_2009-12,1901,2004-12,2005-01,2009-12
spei6,Padaviya,ridge_ar24_met24,2004-12,2005-01,1,1.24578415546464,1.3983349383188384,2005-01_2009-12,1901,2004-12,2005-01,2009-12
spei6,Padaviya,ridge_ar24_met24,2005-01,2005-02,1,1.02060410929276,1.123426935045498,2005-01_2009-12,1901,2004-12,2005-01,2009-12
spei6,Padaviya,ridge_ar24_met24,2005-02,2005-03,1,0.276260624654587,0.3432152585965095,2005-01_2009-12,1901,2004-12,2005-01,2009-12
spei6,Padaviya,ridge_ar24_met24,2005-03,2005-04,1,-0.0681658680347687,-0.16824362246729913,2005-01_2009-12,1901,2004-12,2005-01,2009-12
spei6,Padaviya,ridge_ar24_met24,2005-04,2005-05,1,0.0786459588305489,0.2663331925139084,2005-01_2009-12,1901,2004-12,2005-01,2009-12
spei6,Padaviya,ridge_ar24_met24,2005-05,2005-06,1,-0.497312631809161,-0.3896369766180085,2005-01_2009-12,1901,2004-12,2005-01,2009-12
spei6,Padaviya,ridge_ar24_met24,2005-06,2005-07,1,-0.789073494873225,-0.6705370824350588,2005-01_2009-12,1901,2004-12,2005-01,2009-12
spei6,Padaviya,ridge_ar24_met24,2005-07,2005-08,1,-0.676424077173336,-0.32696813629193394,2005-01_2009-12,1901,2004-12,2005-01,2009-12
spei6,Padaviya,ridge_ar24_met24,2005-08,2005-09,1,-1.15233177767292,-0.43481497042914263,2005-01_2009-12,1901,2004-12,2005-01,2009-12
spei6,Padaviya,ridge_ar24_met24,2005-09,2005-10,1,-1.22040851319966,-1.1205265196377616,2005-01_2009-12,1901,2004-12,2005-01,2009-12
spei6,Padaviya,ridge_ar24_met24,2005-10,2005-11,1,0.665391415357616,-0.8450224575845001,2005-01_2009-12,1901,2004-12,2005-01,2009-12
spei6,Padaviya,ridge_ar24_met24,2005-11,2005-12,1,0.564798877309333,0.3691302897850575,2005-01_2009-12,1901,2004-12,2005-01,2009-12
spei6,Padaviya,ridge_ar24_met24,2005-12,2006-01,1,0.804051066745843,0.4903735245656797,2005-01_2009-12,1901,2004-12,2005-01,2009-12
spei6,Padaviya,ridge_ar24_met24,2006-01,2006-02,1,0.833604935396028,0.7514915499548768,2005-01_2009-12,1901,2004-12,2005-01,2009-12
spei6,Padaviya,ridge_ar24_met24,2006-02,2006-03,1,1.31852125685186,1.3838837977848462,2005-01_2009-12,1901,2004-12,2005-01,2009-12
spei6,Padaviya,ridge_ar24_met24,2006-03,2006-04,1,1.30121659967093,1.5710490976515679,2005-01_2009-12,1901,2004-12,2005-01,2009-12
spei6,Padaviya,ridge_ar24_met24,2006-04,2006-05,1,0.384715790661827,0.3680256784778973,2005-01_2009-12,1901,2004-12,2005-01,2009-12
spei6,Padaviya,ridge_ar24_met24,2006-05,2006-06,1,0.379541869022482,0.20264097193598113,2005-01_2009-12,1901,2004-12,2005-01,2009-12
spei6,Padaviya,ridge_ar24_met24,2006-06,2006-07,1,-0.340444949936258,-0.2021793724657085,2005-01_2009-12,1901,2004-12,2005-01,2009-12
spei6,Padaviya,ridge_ar24_met24,2006-07,2006-08,1,0.0856430617648904,-0.43899151728442426,2005-01_2009-12,1901,2004-12,2005-01,2009-12
spei6,Padaviya,ridge_ar24_met24,2006-08,2006-09,1,-1.07853959542605,-0.3803369390336789,2005-01_2009-12,1901,2004-12,2005-01,2009-12
spei6,Padaviya,ridge_ar24_met24,2006-09,2006-10,1,0.992773061342321,-0.6619619304543312,2005-01_2009-12,1901,2004-12,2005-01,2009-12
spei6,Padaviya,ridge_ar24_met24,2006-10,2006-11,1,1.97411190730088,0.546690012656435,2005-01_2009-12,1901,2004-12,2005-01,2009-12
spei6,Padaviya,ridge_ar24_met24,2006-11,2006-12,1,1.21499738137486,1.4454753825285245,2005-01_2009-12,1901,2004-12,2005-01,2009-12
spei6,Padaviya,ridge_ar24_met24,2006-12,2007-01,1,1.40522994110903,1.6092951046532065,2005-01_2009-12,1901,2004-12,2005-01,2009-12
spei6,Padaviya,ridge_ar24_met24,2007-01,2007-02,1,1.15178647347307,1.4062013425763689,2005-01_2009-12,1901,2004-12,2005-01,2009-12
spei6,Padaviya,ridge_ar24_met24,2007-02,2007-03,1,0.997068973609911,1.2890021377401029,2005-01_2009-12,1901,2004-12,2005-01,2009-12
spei6,Padaviya,ridge_ar24_met24,2007-03,2007-04,1,0.481761684184422,0.26102139774267474,2005-01_2009-12,1901,2004-12,2005-01,2009-12
spei6,Padaviya,ridge_ar24_met24,2007-04,2007-05,1,-0.435704345887816,-0.3036394541003115,2005-01_2009-12,1901,2004-12,2005-01,2009-12
spei6,Padaviya,ridge_ar24_met24,2007-05,2007-06,1,-0.206107991363247,-0.26408815271399083,2005-01_2009-12,1901,2004-12,2005-01,2009-12
spei6,Padaviya,ridge_ar24_met24,2007-06,2007-07,1,-0.602085164093174,-0.777472126406573,2005-01_2009-12,1901,2004-12,2005-01,2009-12
spei6,Padaviya,ridge_ar24_met24,2007-07,2007-08,1,0.272034811815401,-0.39122404960903573,2005-01_2009-12,1901,2004-12,2005-01,2009-12
spei6,Padaviya,ridge_ar24_met24,2007-08,2007-09,1,0.412548365385205,0.3961813979443457,2005-01_2009-12,1901,2004-12,2005-01,2009-12
spei6,Padaviya,ridge_ar24_met24,2007-09,2007-10,1,0.192527693995322,0.19132277657020072,2005-01_2009-12,1901,2004-12,2005-01,2009-12
spei6,Padaviya,ridge_ar24_met24,2007-10,2007-11,1,-0.706715535339764,0.2721975302750711,2005-01_2009-12,1901,2004-12,2005-01,2009-12
spei6,Padaviya,ridge_ar24_met24,2007-11,2007-12,1,-0.522916917715704,-0.2591663039842221,2005-01_2009-12,1901,2004-12,2005-01,2009-12
spei6,Padaviya,ridge_ar24_met24,2007-12,2008-01,1,-0.877673432140109,-0.1772502061297203,2005-01_2009-12,1901,2004-12,2005-01,2009-12
spei6,Padaviya,ridge_ar24_met24,2008-01,2008-02,1,-0.814735585666257,-0.9939630471020328,2005-01_2009-12,1901,2004-12,2005-01,2009-12
spei6,Padaviya,ridge_ar24_met24,2008-02,2008-03,1,-0.189218220506291,-0.4419284240192213,2005-01_2009-12,1901,2004-12,2005-01,2009-12
spei6,Padaviya,ridge_ar24_met24,2008-03,2008-04,1,-0.230470811333701,-0.29738671928946,2005-01_2009-12,1901,2004-12,2005-01,2009-12
spei6,Padaviya,ridge_ar24_met24,2008-04,2008-05,1,0.262830433619934,0.3274152640765527,2005-01_2009-12,1901,2004-12,2005-01,2009-12
spei6,Padaviya,ridge_ar24_met24,2008-05,2008-06,1,0.304784098999752,0.15591138953638295,2005-01_2009-12,1901,2004-12,2005-01,2009-12
spei6,Padaviya,ridge_ar24_met24,2008-06,2008-07,1,1.03814793334017,0.6826071447028582,2005-01_2009-12,1901,2004-12,2005-01,2009-12
spei6,Padaviya,ridge_ar24_met24,2008-07,2008-08,1,1.8536246815008,0.7430973541917486,2005-01_2009-12,1901,2004-12,2005-01,2009-12
spei6,Padaviya,ridge_ar24_met24,2008-08,2008-09,1,0.536513137319313,0.84121166814081,2005-01_2009-12,1901,2004-12,2005-01,2009-12
spei6,Padaviya,ridge_ar24_met24,2008-09,2008-10,1,0.682793113082717,0.1990513698880773,2005-01_2009-12,1901,2004-12,2005-01,2009-12
spei6,Padaviya,ridge_ar24_met24,2008-10,2008-11,1,0.918304631704708,0.6022823635764526,2005-01_2009-12,1901,2004-12,2005-01,2009-12
spei6,Padaviya,ridge_ar24_met24,2008-11,2008-12,1,1.46451881843428,0.7536242709074121,2005-01_2009-12,1901,2004-12,2005-01,2009-12
spei6,Padaviya,ridge_ar24_met24,2008-12,2009-01,1,1.2342010668757,1.2135920254189492,2005-01_2009-12,1901,2004-12,2005-01,2009-12
spei6,Padaviya,ridge_ar24_met24,2009-01,2009-02,1,0.413695345948278,0.38921524546461506,2005-01_2009-12,1901,2004-12,2005-01,2009-12
spei6,Padaviya,ridge_ar24_met24,2009-02,2009-03,1,0.839479946567849,0.5523028931141549,2005-01_2009-12,1901,2004-12,2005-01,2009-12
spei6,Padaviya,ridge_ar24_met24,2009-03,2009-04,1,0.847106656862095,0.41453138056057387,2005-01_2009-12,1901,2004-12,2005-01,2009-12
spei6,Padaviya,ridge_ar24_met24,2009-04,2009-05,1,0.637441174015113,0.5655652258416237,2005-01_2009-12,1901,2004-12,2005-01,2009-12
spei6,Padaviya,ridge_ar24_met24,2009-05,2009-06,1,-0.581601640992425,-0.35626721517375315,2005-01_2009-12,1901,2004-12,2005-01,2009-12
spei6,Padaviya,ridge_ar24_met24,2009-06,2009-07,1,-0.503508642016136,-0.4988779824148027,2005-01_2009-12,1901,2004-12,2005-01,2009-12
spei6,Padaviya,ridge_ar24_met24,2009-07,2009-08,1,0.848741754985135,-0.4617374940221572,2005-01_2009-12,1901,2004-12,2005-01,2009-12
spei6,Padaviya,ridge_ar24_met24,2009-08,2009-09,1,-0.227410124563152,0.33572459731440873,2005-01_2009-12,1901,2004-12,2005-01,2009-12
spei6,Padaviya,ridge_ar24_met24,2009-09,2009-10,1,-1.09779591789853,-0.22483069519697108,2005-01_2009-12,1901,2004-12,2005-01,2009-12
spei6,Padaviya,ridge_ar24_met24,2009-10,2009-11,1,0.660817885700559,-0.959374986191768,2005-01_2009-12,1901,2004-12,2005-01,2009-12
spei6,Padaviya,ridge_ar24_met24,2009-11,2009-12,1,0.547421795926916,0.43324367176313877,2005-01_2009-12,1901,2004-12,2005-01,2009-12
spei6,Padaviya,persistence,2004-12,2005-01,1,1.24578415546464,1.26640787064387,2005-01_2009-12,1901,2004-12,2005-01,2009-12
spei6,Padaviya,persistence,2005-01,2005-02,1,1.02060410929276,1.24578415546464,2005-01_2009-12,1901,2004-12,2005-01,2009-12
spei6,Padaviya,persistence,2005-02,2005-03,1,0.276260624654587,1.02060410929276,2005-01_2009-12,1901,2004-12,2005-01,2009-12
spei6,Padaviya,persistence,2005-03,2005-04,1,-0.0681658680347687,0.276260624654587,2005-01_2009-12,1901,2004-12,2005-01,2009-12
spei6,Padaviya,persistence,2005-04,2005-05,1,0.0786459588305489,-0.0681658680347687,2005-01_2009-12,1901,2004-12,2005-01,2009-12
spei6,Padaviya,persistence,2005-05,2005-06,1,-0.497312631809161,0.0786459588305489,2005-01_2009-12,1901,2004-12,2005-01,2009-12
spei6,Padaviya,persistence,2005-06,2005-07,1,-0.789073494873225,-0.497312631809161,2005-01_2009-12,1901,2004-12,2005-01,2009-12
spei6,Padaviya,persistence,2005-07,2005-08,1,-0.676424077173336,-0.789073494873225,2005-01_2009-12,1901,2004-12,2005-01,2009-12
spei6,Padaviya,persistence,2005-08,2005-09,1,-1.15233177767292,-0.676424077173336,2005-01_2009-12,1901,2004-12,2005-01,2009-12
spei6,Padaviya,persistence,2005-09,2005-10,1,-1.22040851319966,-1.15233177767292,2005-01_2009-12,1901,2004-12,2005-01,2009-12
spei6,Padaviya,persistence,2005-10,2005-11,1,0.665391415357616,-1.22040851319966,2005-01_2009-12,1901,2004-12,2005-01,2009-12
spei6,Padaviya,persistence,2005-11,2005-12,1,0.564798877309333,0.665391415357616,2005-01_2009-12,1901,2004-12,2005-01,2009-12
spei6,Padaviya,persistence,2005-12,2006-01,1,0.804051066745843,0.564798877309333,2005-01_2009-12,1901,2004-12,2005-01,2009-12
spei6,Padaviya,persistence,2006-01,2006-02,1,0.833604935396028,0.804051066745843,2005-01_2009-12,1901,2004-12,2005-01,2009-12
spei6,Padaviya,persistence,2006-02,2006-03,1,1.31852125685186,0.833604935396028,2005-01_2009-12,1901,2004-12,2005-01,2009-12
spei6,Padaviya,persistence,2006-03,2006-04,1,1.30121659967093,1.31852125685186,2005-01_2009-12,1901,2004-12,2005-01,2009-12
spei6,Padaviya,persistence,2006-04,2006-05,1,0.384715790661827,1.30121659967093,2005-01_2009-12,1901,2004-12,2005-01,2009-12
spei6,Padaviya,persistence,2006-05,2006-06,1,0.379541869022482,0.384715790661827,2005-01_2009-12,1901,2004-12,2005-01,2009-12
spei6,Padaviya,persistence,2006-06,2006-07,1,-0.340444949936258,0.379541869022482,2005-01_2009-12,1901,2004-12,2005-01,2009-12
spei6,Padaviya,persistence,2006-07,2006-08,1,0.0856430617648904,-0.340444949936258,2005-01_2009-12,1901,2004-12,2005-01,2009-12
spei6,Padaviya,persistence,2006-08,2006-09,1,-1.07853959542605,0.0856430617648904,2005-01_2009-12,1901,2004-12,2005-01,2009-12
spei6,Padaviya,persistence,2006-09,2006-10,1,0.992773061342321,-1.07853959542605,2005-01_2009-12,1901,2004-12,2005-01,2009-12
spei6,Padaviya,persistence,2006-10,2006-11,1,1.97411190730088,0.992773061342321,2005-01_2009-12,1901,2004-12,2005-01,2009-12
spei6,Padaviya,persistence,2006-11,2006-12,1,1.21499738137486,1.97411190730088,2005-01_2009-12,1901,2004-12,2005-01,2009-12
spei6,Padaviya,persistence,2006-12,2007-01,1,1.40522994110903,1.21499738137486,2005-01_2009-12,1901,2004-12,2005-01,2009-12
spei6,Padaviya,persistence,2007-01,2007-02,1,1.15178647347307,1.40522994110903,2005-01_2009-12,1901,2004-12,2005-01,2009-12
spei6,Padaviya,persistence,2007-02,2007-03,1,0.997068973609911,1.15178647347307,2005-01_2009-12,1901,2004-12,2005-01,2009-12
spei6,Padaviya,persistence,2007-03,2007-04,1,0.481761684184422,0.997068973609911,2005-01_2009-12,1901,2004-12,2005-01,2009-12
spei6,Padaviya,persistence,2007-04,2007-05,1,-0.435704345887816,0.481761684184422,2005-01_2009-12,1901,2004-12,2005-01,2009-12
spei6,Padaviya,persistence,2007-05,2007-06,1,-0.206107991363247,-0.435704345887816,2005-01_2009-12,1901,2004-12,2005-01,2009-12
spei6,Padaviya,persistence,2007-06,2007-07,1,-0.602085164093174,-0.206107991363247,2005-01_2009-12,1901,2004-12,2005-01,2009-12
spei6,Padaviya,persistence,2007-07,2007-08,1,0.272034811815401,-0.602085164093174,2005-01_2009-12,1901,2004-12,2005-01,2009-12
spei6,Padaviya,persistence,2007-08,2007-09,1,0.412548365385205,0.272034811815401,2005-01_2009-12,1901,2004-12,2005-01,2009-12
spei6,Padaviya,persistence,2007-09,2007-10,1,0.192527693995322,0.412548365385205,2005-01_2009-12,1901,2004-12,2005-01,2009-12
spei6,Padaviya,persistence,2007-10,2007-11,1,-0.706715535339764,0.192527693995322,2005-01_2009-12,1901,2004-12,2005-01,2009-12
spei6,Padaviya,persistence,2007-11,2007-12,1,-0.522916917715704,-0.706715535339764,2005-01_2009-12,1901,2004-12,2005-01,2009-12
spei6,Padaviya,persistence,2007-12,2008-01,1,-0.877673432140109,-0.522916917715704,2005-01_2009-12,1901,2004-12,2005-01,2009-12
spei6,Padaviya,persistence,2008-01,2008-02,1,-0.814735585666257,-0.877673432140109,2005-01_2009-12,1901,2004-12,2005-01,2009-12
spei6,Padaviya,persistence,2008-02,2008-03,1,-0.189218220506291,-0.814735585666257,2005-01_2009-12,1901,2004-12,2005-01,2009-12
spei6,Padaviya,persistence,2008-03,2008-04,1,-0.230470811333701,-0.189218220506291,2005-01_2009-12,1901,2004-12,2005-01,2009-12
spei6,Padaviya,persistence,2008-04,2008-05,1,0.262830433619934,-0.230470811333701,2005-01_2009-12,1901,2004-12,2005-01,2009-12
spei6,Padaviya,persistence,2008-05,2008-06,1,0.304784098999752,0.262830433619934,2005-01_2009-12,1901,2004-12,2005-01,2009-12
spei6,Padaviya,persistence,2008-06,2008-07,1,1.03814793334017,0.304784098999752,2005-01_2009-12,1901,2004-12,2005-01,2009-12
spei6,Padaviya,persistence,2008-07,2008-08,1,1.8536246815008,1.03814793334017,2005-01_2009-12,1901,2004-12,2005-01,2009-12
spei6,Padaviya,persistence,2008-08,2008-09,1,0.536513137319313,1.8536246815008,2005-01_2009-12,1901,2004-12,2005-01,2009-12
spei6,Padaviya,persistence,2008-09,2008-10,1,0.682793113082717,0.536513137319313,2005-01_2009-12,1901,2004-12,2005-01,2009-12
spei6,Padaviya,persistence,2008-10,2008-11,1,0.918304631704708,0.682793113082717,2005-01_2009-12,1901,2004-12,2005-01,2009-12
spei6,Padaviya,persistence,2008-11,2008-12,1,1.46451881843428,0.918304631704708,2005-01_2009-12,1901,2004-12,2005-01,2009-12
spei6,Padaviya,persistence,2008-12,2009-01,1,1.2342010668757,1.46451881843428,2005-01_2009-12,1901,2004-12,2005-01,2009-12
spei6,Padaviya,persistence,2009-01,2009-02,1,0.413695345948278,1.2342010668757,2005-01_2009-12,1901,2004-12,2005-01,2009-12
spei6,Padaviya,persistence,2009-02,2009-03,1,0.839479946567849,0.413695345948278,2005-01_2009-12,1901,2004-12,2005-01,2009-12
spei6,Padaviya,persistence,2009-03,2009-04,1,0.847106656862095,0.839479946567849,2005-01_2009-12,1901,2004-12,2005-01,2009-12
spei6,Padaviya,persistence,2009-04,2009-05,1,0.637441174015113,0.847106656862095,2005-01_2009-12,1901,2004-12,2005-01,2009-12
spei6,Padaviya,persistence,2009-05,2009-06,1,-0.581601640992425,0.637441174015113,2005-01_2009-12,1901,2004-12,2005-01,2009-12
spei6,Padaviya,persistence,2009-06,2009-07,1,-0.503508642016136,-0.581601640992425,2005-01_2009-12,1901,2004-12,2005-01,2009-12
spei6,Padaviya,persistence,2009-07,2009-08,1,0.848741754985135,-0.503508642016136,2005-01_2009-12,1901,2004-12,2005-01,2009-12
spei6,Padaviya,persistence,2009-08,2009-09,1,-0.227410124563152,0.848741754985135,2005-01_2009-12,1901,2004-12,2005-01,2009-12
spei6,Padaviya,persistence,2009-09,2009-10,1,-1.09779591789853,-0.227410124563152,2005-01_2009-12,1901,2004-12,2005-01,2009-12
spei6,Padaviya,persistence,2009-10,2009-11,1,0.660817885700559,-1.09779591789853,2005-01_2009-12,1901,2004-12,2005-01,2009-12
spei6,Padaviya,persistence,2009-11,2009-12,1,0.547421795926916,0.660817885700559,2005-01_2009-12,1901,2004-12,2005-01,2009-12
spei6,Tissamaharama,ridge_ar24_met24,2004-12,2005-01,1,1.03068262531459,1.000074797147149,2005-01_2009-12,1901,2004-12,2005-01,2009-12
spei6,Tissamaharama,ridge_ar24_met24,2005-01,2005-02,1,0.77971247541845,1.0660066210373036,2005-01_2009-12,1901,2004-12,2005-01,2009-12
spei6,Tissamaharama,ridge_ar24_met24,2005-02,2005-03,1,0.110333314787102,0.29738219233202134,2005-01_2009-12,1901,2004-12,2005-01,2009-12
spei6,Tissamaharama,ridge_ar24_met24,2005-03,2005-04,1,-0.221912552939075,-0.20496069869052805,2005-01_2009-12,1901,2004-12,2005-01,2009-12
spei6,Tissamaharama,ridge_ar24_met24,2005-04,2005-05,1,-0.277356704997561,-0.22459527347824426,2005-01_2009-12,1901,2004-12,2005-01,2009-12
spei6,Tissamaharama,ridge_ar24_met24,2005-05,2005-06,1,-1.00378096841504,-0.534986566599627,2005-01_2009-12,1901,2004-12,2005-01,2009-12
spei6,Tissamaharama,ridge_ar24_met24,2005-06,2005-07,1,-1.18049128832442,-1.0400987024381865,2005-01_2009-12,1901,2004-12,2005-01,2009-12
spei6,Tissamaharama,ridge_ar24_met24,2005-07,2005-08,1,-1.18832095623975,-0.6160557159692871,2005-01_2009-12,1901,2004-12,2005-01,2009-12
spei6,Tissamaharama,ridge_ar24_met24,2005-08,2005-09,1,-1.36179920335272,-1.1756210950269979,2005-01_2009-12,1901,2004-12,2005-01,2009-12
spei6,Tissamaharama,ridge_ar24_met24,2005-09,2005-10,1,-1.47784930740246,-1.3363187072438945,2005-01_2009-12,1901,2004-12,2005-01,2009-12
spei6,Tissamaharama,ridge_ar24_met24,2005-10,2005-11,1,0.515391881363383,-1.2689647059824212,2005-01_2009-12,1901,2004-12,2005-01,2009-12
spei6,Tissamaharama,ridge_ar24_met24,2005-11,2005-12,1,0.603494534279411,0.3050981835419607,2005-01_2009-12,1901,2004-12,2005-01,2009-12
spei6,Tissamaharama,ridge_ar24_met24,2005-12,2006-01,1,0.835064405912518,0.5153884442890807,2005-01_2009-12,1901,2004-12,2005-01,2009-12
spei6,Tissamaharama,ridge_ar24_met24,2006-01,2006-02,1,0.998087055946203,0.9531005150878972,2005-01_2009-12,1901,2004-12,2005-01,2009-12
spei6,Tissamaharama,ridge_ar24_met24,2006-02,2006-03,1,1.37928102426653,1.4636005141566142,2005-01_2009-12,1901,2004-12,2005-01,2009-12
spei6,Tissamaharama,ridge_ar24_met24,2006-03,2006-04,1,1.2479881538653,1.422707001696819,2005-01_2009-12,1901,2004-12,2005-01,2009-12
spei6,Tissamaharama,ridge_ar24_met24,2006-04,2006-05,1,-0.0375837337475577,-0.062304235387420116,2005-01_2009-12,1901,2004-12,2005-01,2009-12
spei6,Tissamaharama,ridge_ar24_met24,2006-05,2006-06,1,-0.168876346396248,-0.17667402415114294,2005-01_2009-12,1901,2004-12,2005-01,2009-12
spei6,Tissamaharama,ridge_ar24_met24,2006-06,2006-07,1,-0.937342967835221,-0.6009056015412623,2005-01_2009-12,1901,2004-12,2005-01,2009-12
spei6,Tissamaharama,ridge_ar24_met24,2006-07,2006-08,1,-0.691146690639518,-0.7684196496485963,2005-01_2009-12,1901,2004-12,2005-01,2009-12
spei6,Tissamaharama,ridge_ar24_met24,2006-08,2006-09,1,-0.211285458171846,-0.7240597644266731,2005-01_2009-12,1901,2004-12,2005-01,2009-12
spei6,Tissamaharama,ridge_ar24_met24,2006-09,2006-10,1,1.0956509076985,0.1601741367749545,2005-01_2009-12,1901,2004-12,2005-01,2009-12
spei6,Tissamaharama,ridge_ar24_met24,2006-10,2006-11,1,1.85037977055315,0.9522769557511602,2005-01_2009-12,1901,2004-12,2005-01,2009-12
spei6,Tissamaharama,ridge_ar24_met24,2006-11,2006-12,1,1.79684753416875,2.031476477006763,2005-01_2009-12,1901,2004-12,2005-01,2009-12
spei6,Tissamaharama,ridge_ar24_met24,2006-12,2007-01,1,2.10570810253484,2.2456105834356253,2005-01_2009-12,1901,2004-12,2005-01,2009-12
spei6,Tissamaharama,ridge_ar24_met24,2007-01,2007-02,1,1.91874914910764,2.2646984675353945,2005-01_2009-12,1901,2004-12,2005-01,2009-12
spei6,Tissamaharama,ridge_ar24_met24,2007-02,2007-03,1,1.46310383084683,1.6410226143408817,2005-01_2009-12,1901,2004-12,2005-01,2009-12
spei6,Tissamaharama,ridge_ar24_met24,2007-03,2007-04,1,1.41663220223044,0.8667308538959586,2005-01_2009-12,1901,2004-12,2005-01,2009-12
spei6,Tissamaharama,ridge_ar24_met24,2007-04,2007-05,1,0.449811265021021,0.6190562903724168,2005-01_2009-12,1901,2004-12,2005-01,2009-12
spei6,Tissamaharama,ridge_ar24_met24,2007-05,2007-06,1,-0.0705597607615085,0.12228493483496204,2005-01_2009-12,1901,2004-12,2005-01,2009-12
spei6,Tissamaharama,ridge_ar24_met24,2007-06,2007-07,1,-0.939916131758843,-0.7642108279217437,2005-01_2009-12,1901,2004-12,2005-01,2009-12
spei6,Tissamaharama,ridge_ar24_met24,2007-07,2007-08,1,0.435858927876972,-0.44138152981217055,2005-01_2009-12,1901,2004-12,2005-01,2009-12
spei6,Tissamaharama,ridge_ar24_met24,2007-08,2007-09,1,0.926804210570669,0.3038521714187797,2005-01_2009-12,1901,2004-12,2005-01,2009-12
spei6,Tissamaharama,ridge_ar24_met24,2007-09,2007-10,1,0.14252878122289,0.3475078221825355,2005-01_2009-12,1901,2004-12,2005-01,2009-12
spei6,Tissamaharama,ridge_ar24_met24,2007-10,2007-11,1,-0.468868720102304,0.408169928490032,2005-01_2009-12,1901,2004-12,2005-01,2009-12
spei6,Tissamaharama,ridge_ar24_met24,2007-11,2007-12,1,-0.460801755037063,-0.3573161139220434,2005-01_2009-12,1901,2004-12,2005-01,2009-12
spei6,Tissamaharama,ridge_ar24_met24,2007-12,2008-01,1,-0.755339001584866,-0.3255822094557759,2005-01_2009-12,1901,2004-12,2005-01,2009-12
spei6,Tissamaharama,ridge_ar24_met24,2008-01,2008-02,1,-1.24471798847856,-1.3125655794171307,2005-01_2009-12,1901,2004-12,2005-01,2009-12
spei6,Tissamaharama,ridge_ar24_met24,2008-02,2008-03,1,-0.250605534497599,-1.2314800958052357,2005-01_2009-12,1901,2004-12,2005-01,2009-12
spei6,Tissamaharama,ridge_ar24_met24,2008-03,2008-04,1,-0.0291637973344318,-0.1819573513139726,2005-01_2009-12,1901,2004-12,2005-01,2009-12
spei6,Tissamaharama,ridge_ar24_met24,2008-04,2008-05,1,0.43735866711014,0.5175800198953455,2005-01_2009-12,1901,2004-12,2005-01,2009-12
spei6,Tissamaharama,ridge_ar24_met24,2008-05,2008-06,1,0.614871911860489,0.4610825444621528,2005-01_2009-12,1901,2004-12,2005-01,2009-12
spei6,Tissamaharama,ridge_ar24_met24,2008-06,2008-07,1,1.24629413457983,0.879398596191003,2005-01_2009-12,1901,2004-12,2005-01,2009-12
spei6,Tissamaharama,ridge_ar24_met24,2008-07,2008-08,1,1.31025376985618,1.1537255331816962,2005-01_2009-12,1901,2004-12,2005-01,2009-12
spei6,Tissamaharama,ridge_ar24_met24,2008-08,2008-09,1,-0.68528736505604,0.11241295431482225,2005-01_2009-12,1901,2004-12,2005-01,2009-12
spei6,Tissamaharama,ridge_ar24_met24,2008-09,2008-10,1,-0.152759804395274,-0.6420320875752439,2005-01_2009-12,1901,2004-12,2005-01,2009-12
spei6,Tissamaharama,ridge_ar24_met24,2008-10,2008-11,1,0.310700753545694,-0.01167461824772235,2005-01_2009-12,1901,2004-12,2005-01,2009-12
spei6,Tissamaharama,ridge_ar24_met24,2008-11,2008-12,1,0.425991088889582,0.21442011907383904,2005-01_2009-12,1901,2004-12,2005-01,2009-12
spei6,Tissamaharama,ridge_ar24_met24,2008-12,2009-01,1,0.0814086852650486,0.2914063162499359,2005-01_2009-12,1901,2004-12,2005-01,2009-12
spei6,Tissamaharama,ridge_ar24_met24,2009-01,2009-02,1,-0.404544904020599,-0.12284829713191713,2005-01_2009-12,1901,2004-12,2005-01,2009-12
spei6,Tissamaharama,ridge_ar24_met24,2009-02,2009-03,1,0.059921476616058,0.03215920832722668,2005-01_2009-12,1901,2004-12,2005-01,2009-12
spei6,Tissamaharama,ridge_ar24_met24,2009-03,2009-04,1,-0.536186502406149,-0.3358982396324926,2005-01_2009-12,1901,2004-12,2005-01,2009-12
spei6,Tissamaharama,ridge_ar24_met24,2009-04,2009-05,1,-0.937522535562179,-0.6588195558413176,2005-01_2009-12,1901,2004-12,2005-01,2009-12
spei6,Tissamaharama,ridge_ar24_met24,2009-05,2009-06,1,-1.32113262770368,-1.0869995091117566,2005-01_2009-12,1901,2004-12,2005-01,2009-12
spei6,Tissamaharama,ridge_ar24_met24,2009-06,2009-07,1,-1.32659118676581,-1.124345914305563,2005-01_2009-12,1901,2004-12,2005-01,2009-12
spei6,Tissamaharama,ridge_ar24_met24,2009-07,2009-08,1,-0.567307420301663,-0.8508391027420171,2005-01_2009-12,1901,2004-12,2005-01,2009-12
spei6,Tissamaharama,ridge_ar24_met24,2009-08,2009-09,1,-0.830067814591187,-0.5287616913357994,2005-01_2009-12,1901,2004-12,2005-01,2009-12
spei6,Tissamaharama,ridge_ar24_met24,2009-09,2009-10,1,-1.09414541981389,-0.5639226165586357,2005-01_2009-12,1901,2004-12,2005-01,2009-12
spei6,Tissamaharama,ridge_ar24_met24,2009-10,2009-11,1,-0.402943439136046,-0.6249447797057042,2005-01_2009-12,1901,2004-12,2005-01,2009-12
spei6,Tissamaharama,ridge_ar24_met24,2009-11,2009-12,1,-0.637124305394056,-0.20491022360816616,2005-01_2009-12,1901,2004-12,2005-01,2009-12
spei6,Tissamaharama,persistence,2004-12,2005-01,1,1.03068262531459,0.970649263480993,2005-01_2009-12,1901,2004-12,2005-01,2009-12
spei6,Tissamaharama,persistence,2005-01,2005-02,1,0.77971247541845,1.03068262531459,2005-01_2009-12,1901,2004-12,2005-01,2009-12
spei6,Tissamaharama,persistence,2005-02,2005-03,1,0.110333314787102,0.77971247541845,2005-01_2009-12,1901,2004-12,2005-01,2009-12
spei6,Tissamaharama,persistence,2005-03,2005-04,1,-0.221912552939075,0.110333314787102,2005-01_2009-12,1901,2004-12,2005-01,2009-12
spei6,Tissamaharama,persistence,2005-04,2005-05,1,-0.277356704997561,-0.221912552939075,2005-01_2009-12,1901,2004-12,2005-01,2009-12
spei6,Tissamaharama,persistence,2005-05,2005-06,1,-1.00378096841504,-0.277356704997561,2005-01_2009-12,1901,2004-12,2005-01,2009-12
spei6,Tissamaharama,persistence,2005-06,2005-07,1,-1.18049128832442,-1.00378096841504,2005-01_2009-12,1901,2004-12,2005-01,2009-12
spei6,Tissamaharama,persistence,2005-07,2005-08,1,-1.18832095623975,-1.18049128832442,2005-01_2009-12,1901,2004-12,2005-01,2009-12
spei6,Tissamaharama,persistence,2005-08,2005-09,1,-1.36179920335272,-1.18832095623975,2005-01_2009-12,1901,2004-12,2005-01,2009-12
spei6,Tissamaharama,persistence,2005-09,2005-10,1,-1.47784930740246,-1.36179920335272,2005-01_2009-12,1901,2004-12,2005-01,2009-12
spei6,Tissamaharama,persistence,2005-10,2005-11,1,0.515391881363383,-1.47784930740246,2005-01_2009-12,1901,2004-12,2005-01,2009-12
spei6,Tissamaharama,persistence,2005-11,2005-12,1,0.603494534279411,0.515391881363383,2005-01_2009-12,1901,2004-12,2005-01,2009-12
spei6,Tissamaharama,persistence,2005-12,2006-01,1,0.835064405912518,0.603494534279411,2005-01_2009-12,1901,2004-12,2005-01,2009-12
spei6,Tissamaharama,persistence,2006-01,2006-02,1,0.998087055946203,0.835064405912518,2005-01_2009-12,1901,2004-12,2005-01,2009-12
spei6,Tissamaharama,persistence,2006-02,2006-03,1,1.37928102426653,0.998087055946203,2005-01_2009-12,1901,2004-12,2005-01,2009-12
spei6,Tissamaharama,persistence,2006-03,2006-04,1,1.2479881538653,1.37928102426653,2005-01_2009-12,1901,2004-12,2005-01,2009-12
spei6,Tissamaharama,persistence,2006-04,2006-05,1,-0.0375837337475577,1.2479881538653,2005-01_2009-12,1901,2004-12,2005-01,2009-12
spei6,Tissamaharama,persistence,2006-05,2006-06,1,-0.168876346396248,-0.0375837337475577,2005-01_2009-12,1901,2004-12,2005-01,2009-12
spei6,Tissamaharama,persistence,2006-06,2006-07,1,-0.937342967835221,-0.168876346396248,2005-01_2009-12,1901,2004-12,2005-01,2009-12
spei6,Tissamaharama,persistence,2006-07,2006-08,1,-0.691146690639518,-0.937342967835221,2005-01_2009-12,1901,2004-12,2005-01,2009-12
spei6,Tissamaharama,persistence,2006-08,2006-09,1,-0.211285458171846,-0.691146690639518,2005-01_2009-12,1901,2004-12,2005-01,2009-12
spei6,Tissamaharama,persistence,2006-09,2006-10,1,1.0956509076985,-0.211285458171846,2005-01_2009-12,1901,2004-12,2005-01,2009-12
spei6,Tissamaharama,persistence,2006-10,2006-11,1,1.85037977055315,1.0956509076985,2005-01_2009-12,1901,2004-12,2005-01,2009-12
spei6,Tissamaharama,persistence,2006-11,2006-12,1,1.79684753416875,1.85037977055315,2005-01_2009-12,1901,2004-12,2005-01,2009-12
spei6,Tissamaharama,persistence,2006-12,2007-01,1,2.10570810253484,1.79684753416875,2005-01_2009-12,1901,2004-12,2005-01,2009-12
spei6,Tissamaharama,persistence,2007-01,2007-02,1,1.91874914910764,2.10570810253484,2005-01_2009-12,1901,2004-12,2005-01,2009-12
spei6,Tissamaharama,persistence,2007-02,2007-03,1,1.46310383084683,1.91874914910764,2005-01_2009-12,1901,2004-12,2005-01,2009-12
spei6,Tissamaharama,persistence,2007-03,2007-04,1,1.41663220223044,1.46310383084683,2005-01_2009-12,1901,2004-12,2005-01,2009-12
spei6,Tissamaharama,persistence,2007-04,2007-05,1,0.449811265021021,1.41663220223044,2005-01_2009-12,1901,2004-12,2005-01,2009-12
spei6,Tissamaharama,persistence,2007-05,2007-06,1,-0.0705597607615085,0.449811265021021,2005-01_2009-12,1901,2004-12,2005-01,2009-12
spei6,Tissamaharama,persistence,2007-06,2007-07,1,-0.939916131758843,-0.0705597607615085,2005-01_2009-12,1901,2004-12,2005-01,2009-12
spei6,Tissamaharama,persistence,2007-07,2007-08,1,0.435858927876972,-0.939916131758843,2005-01_2009-12,1901,2004-12,2005-01,2009-12
spei6,Tissamaharama,persistence,2007-08,2007-09,1,0.926804210570669,0.435858927876972,2005-01_2009-12,1901,2004-12,2005-01,2009-12
spei6,Tissamaharama,persistence,2007-09,2007-10,1,0.14252878122289,0.926804210570669,2005-01_2009-12,1901,2004-12,2005-01,2009-12
spei6,Tissamaharama,persistence,2007-10,2007-11,1,-0.468868720102304,0.14252878122289,2005-01_2009-12,1901,2004-12,2005-01,2009-12
spei6,Tissamaharama,persistence,2007-11,2007-12,1,-0.460801755037063,-0.468868720102304,2005-01_2009-12,1901,2004-12,2005-01,2009-12
spei6,Tissamaharama,persistence,2007-12,2008-01,1,-0.755339001584866,-0.460801755037063,2005-01_2009-12,1901,2004-12,2005-01,2009-12
spei6,Tissamaharama,persistence,2008-01,2008-02,1,-1.24471798847856,-0.755339001584866,2005-01_2009-12,1901,2004-12,2005-01,2009-12
spei6,Tissamaharama,persistence,2008-02,2008-03,1,-0.250605534497599,-1.24471798847856,2005-01_2009-12,1901,2004-12,2005-01,2009-12
spei6,Tissamaharama,persistence,2008-03,2008-04,1,-0.0291637973344318,-0.250605534497599,2005-01_2009-12,1901,2004-12,2005-01,2009-12
spei6,Tissamaharama,persistence,2008-04,2008-05,1,0.43735866711014,-0.0291637973344318,2005-01_2009-12,1901,2004-12,2005-01,2009-12
spei6,Tissamaharama,persistence,2008-05,2008-06,1,0.614871911860489,0.43735866711014,2005-01_2009-12,1901,2004-12,2005-01,2009-12
spei6,Tissamaharama,persistence,2008-06,2008-07,1,1.24629413457983,0.614871911860489,2005-01_2009-12,1901,2004-12,2005-01,2009-12
spei6,Tissamaharama,persistence,2008-07,2008-08,1,1.31025376985618,1.24629413457983,2005-01_2009-12,1901,2004-12,2005-01,2009-12
spei6,Tissamaharama,persistence,2008-08,2008-09,1,-0.68528736505604,1.31025376985618,2005-01_2009-12,1901,2004-12,2005-01,2009-12
spei6,Tissamaharama,persistence,2008-09,2008-10,1,-0.152759804395274,-0.68528736505604,2005-01_2009-12,1901,2004-12,2005-01,2009-12
spei6,Tissamaharama,persistence,2008-10,2008-11,1,0.310700753545694,-0.152759804395274,2005-01_2009-12,1901,2004-12,2005-01,2009-12
spei6,Tissamaharama,persistence,2008-11,2008-12,1,0.425991088889582,0.310700753545694,2005-01_2009-12,1901,2004-12,2005-01,2009-12
spei6,Tissamaharama,persistence,2008-12,2009-01,1,0.0814086852650486,0.425991088889582,2005-01_2009-12,1901,2004-12,2005-01,2009-12
spei6,Tissamaharama,persistence,2009-01,2009-02,1,-0.404544904020599,0.0814086852650486,2005-01_2009-12,1901,2004-12,2005-01,2009-12
spei6,Tissamaharama,persistence,2009-02,2009-03,1,0.059921476616058,-0.404544904020599,2005-01_2009-12,1901,2004-12,2005-01,2009-12
spei6,Tissamaharama,persistence,2009-03,2009-04,1,-0.536186502406149,0.059921476616058,2005-01_2009-12,1901,2004-12,2005-01,2009-12
spei6,Tissamaharama,persistence,2009-04,2009-05,1,-0.937522535562179,-0.536186502406149,2005-01_2009-12,1901,2004-12,2005-01,2009-12
spei6,Tissamaharama,persistence,2009-05,2009-06,1,-1.32113262770368,-0.937522535562179,2005-01_2009-12,1901,2004-12,2005-01,2009-12
spei6,Tissamaharama,persistence,2009-06,2009-07,1,-1.32659118676581,-1.32113262770368,2005-01_2009-12,1901,2004-12,2005-01,2009-12
spei6,Tissamaharama,persistence,2009-07,2009-08,1,-0.567307420301663,-1.32659118676581,2005-01_2009-12,1901,2004-12,2005-01,2009-12
spei6,Tissamaharama,persistence,2009-08,2009-09,1,-0.830067814591187,-0.567307420301663,2005-01_2009-12,1901,2004-12,2005-01,2009-12
spei6,Tissamaharama,persistence,2009-09,2009-10,1,-1.09414541981389,-0.830067814591187,2005-01_2009-12,1901,2004-12,2005-01,2009-12
spei6,Tissamaharama,persistence,2009-10,2009-11,1,-0.402943439136046,-1.09414541981389,2005-01_2009-12,1901,2004-12,2005-01,2009-12
spei6,Tissamaharama,persistence,2009-11,2009-12,1,-0.637124305394056,-0.402943439136046,2005-01_2009-12,1901,2004-12,2005-01,2009-12
spei6,Buttala,ridge_ar24_met24,2009-12,2010-01,1,-0.550715896665306,-0.20793521210517663,2010-01_2014-12,1901,2009-12,2010-01,2014-12
spei6,Buttala,ridge_ar24_met24,2010-01,2010-02,1,-0.908734937345126,-0.7213662739067811,2010-01_2014-12,1901,2009-12,2010-01,2014-12
spei6,Buttala,ridge_ar24_met24,2010-02,2010-03,1,-0.935879026077647,-0.8771130856179459,2010-01_2014-12,1901,2009-12,2010-01,2014-12
spei6,Buttala,ridge_ar24_met24,2010-03,2010-04,1,-0.792492548157418,-0.6460879085198823,2010-01_2014-12,1901,2009-12,2010-01,2014-12
spei6,Buttala,ridge_ar24_met24,2010-04,2010-05,1,-0.818506824125356,-0.7782783086458779,2010-01_2014-12,1901,2009-12,2010-01,2014-12
spei6,Buttala,ridge_ar24_met24,2010-05,2010-06,1,-0.624537246447166,-0.47573057316294304,2010-01_2014-12,1901,2009-12,2010-01,2014-12
spei6,Buttala,ridge_ar24_met24,2010-06,2010-07,1,-0.146453357714481,-0.1658629600731207,2010-01_2014-12,1901,2009-12,2010-01,2014-12
spei6,Buttala,ridge_ar24_met24,2010-07,2010-08,1,-0.248680931215949,0.007239536558462167,2010-01_2014-12,1901,2009-12,2010-01,2014-12
spei6,Buttala,ridge_ar24_met24,2010-08,2010-09,1,0.225877072596572,-0.08699509590855715,2010-01_2014-12,1901,2009-12,2010-01,2014-12
spei6,Buttala,ridge_ar24_met24,2010-09,2010-10,1,-0.056637532509727,0.40689744720920273,2010-01_2014-12,1901,2009-12,2010-01,2014-12
spei6,Buttala,ridge_ar24_met24,2010-10,2010-11,1,0.177559582742529,-0.30384950328403504,2010-01_2014-12,1901,2009-12,2010-01,2014-12
spei6,Buttala,ridge_ar24_met24,2010-11,2010-12,1,0.981237113169018,0.17247900241097325,2010-01_2014-12,1901,2009-12,2010-01,2014-12
spei6,Buttala,ridge_ar24_met24,2010-12,2011-01,1,1.05560249067733,0.87125564695341,2010-01_2014-12,1901,2009-12,2010-01,2014-12
spei6,Buttala,ridge_ar24_met24,2011-01,2011-02,1,1.45507248646088,0.9622823875885168,2010-01_2014-12,1901,2009-12,2010-01,2014-12
spei6,Buttala,ridge_ar24_met24,2011-02,2011-03,1,1.25213247201825,1.345888758621564,2010-01_2014-12,1901,2009-12,2010-01,2014-12
spei6,Buttala,ridge_ar24_met24,2011-03,2011-04,1,1.47768186542186,1.6213640014051935,2010-01_2014-12,1901,2009-12,2010-01,2014-12
spei6,Buttala,ridge_ar24_met24,2011-04,2011-05,1,0.997023789887306,1.1986000510526742,2010-01_2014-12,1901,2009-12,2010-01,2014-12
spei6,Buttala,ridge_ar24_met24,2011-05,2011-06,1,-0.0307498740101905,0.13473800735334412,2010-01_2014-12,1901,2009-12,2010-01,2014-12
spei6,Buttala,ridge_ar24_met24,2011-06,2011-07,1,-0.67664451339044,-0.5740724049384417,2010-01_2014-12,1901,2009-12,2010-01,2014-12
spei6,Buttala,ridge_ar24_met24,2011-07,2011-08,1,-0.699141326957804,-1.060966455557235,2010-01_2014-12,1901,2009-12,2010-01,2014-12
spei6,Buttala,ridge_ar24_met24,2011-08,2011-09,1,-1.02697143391312,-0.774820305555557,2010-01_2014-12,1901,2009-12,2010-01,2014-12
spei6,Buttala,ridge_ar24_met24,2011-09,2011-10,1,-1.16823411530699,-1.1278074531040843,2010-01_2014-12,1901,2009-12,2010-01,2014-12
spei6,Buttala,ridge_ar24_met24,2011-10,2011-11,1,-0.695123632377774,-0.632184467810314,2010-01_2014-12,1901,2009-12,2010-01,2014-12
spei6,Buttala,ridge_ar24_met24,2011-11,2011-12,1,-0.865086501919169,-0.4750616329588185,2010-01_2014-12,1901,2009-12,2010-01,2014-12
spei6,Buttala,ridge_ar24_met24,2011-12,2012-01,1,-0.906204221558632,-0.5513064493793312,2010-01_2014-12,1901,2009-12,2010-01,2014-12
spei6,Buttala,ridge_ar24_met24,2012-01,2012-02,1,-1.29010530211448,-1.450370860789479,2010-01_2014-12,1901,2009-12,2010-01,2014-12
spei6,Buttala,ridge_ar24_met24,2012-02,2012-03,1,-0.875290460648791,-0.980853451042111,2010-01_2014-12,1901,2009-12,2010-01,2014-12
spei6,Buttala,ridge_ar24_met24,2012-03,2012-04,1,-0.781101151324077,-0.8005306693564765,2010-01_2014-12,1901,2009-12,2010-01,2014-12
spei6,Buttala,ridge_ar24_met24,2012-04,2012-05,1,-1.09153749130638,-0.6029514760289555,2010-01_2014-12,1901,2009-12,2010-01,2014-12
spei6,Buttala,ridge_ar24_met24,2012-05,2012-06,1,-0.942045527483202,-0.4170264653566222,2010-01_2014-12,1901,2009-12,2010-01,2014-12
spei6,Buttala,ridge_ar24_met24,2012-06,2012-07,1,-1.1967145183158,-0.7428950696848778,2010-01_2014-12,1901,2009-12,2010-01,2014-12
spei6,Buttala,ridge_ar24_met24,2012-07,2012-08,1,-0.970455663061963,-0.9454239051752944,2010-01_2014-12,1901,2009-12,2010-01,2014-12
spei6,Buttala,ridge_ar24_met24,2012-08,2012-09,1,-0.357426637282415,-0.7515196102511926,2010-01_2014-12,1901,2009-12,2010-01,2014-12
spei6,Buttala,ridge_ar24_met24,2012-09,2012-10,1,-0.0147054934404475,-0.3357774801577454,2010-01_2014-12,1901,2009-12,2010-01,2014-12
spei6,Buttala,ridge_ar24_met24,2012-10,2012-11,1,0.341595589040639,0.3390471389146122,2010-01_2014-12,1901,2009-12,2010-01,2014-12
spei6,Buttala,ridge_ar24_met24,2012-11,2012-12,1,1.127492632562,0.3767820597767095,2010-01_2014-12,1901,2009-12,2010-01,2014-12
spei6,Buttala,ridge_ar24_met24,2012-12,2013-01,1,1.38852182850616,1.5644994860777033,2010-01_2014-12,1901,2009-12,2010-01,2014-12
spei6,Buttala,ridge_ar24_met24,2013-01,2013-02,1,1.68510898165196,1.2550565754979213,2010-01_2014-12,1901,2009-12,2010-01,2014-12
spei6,Buttala,ridge_ar24_met24,2013-02,2013-03,1,1.66929672897145,1.4349626829399413,2010-01_2014-12,1901,2009-12,2010-01,2014-12
spei6,Buttala,ridge_ar24_met24,2013-03,2013-04,1,1.35163670363165,1.4153212304025293,2010-01_2014-12,1901,2009-12,2010-01,2014-12
spei6,Buttala,ridge_ar24_met24,2013-04,2013-05,1,1.62224259109812,1.414960013663388,2010-01_2014-12,1901,2009-12,2010-01,2014-12
spei6,Buttala,ridge_ar24_met24,2013-05,2013-06,1,1.27308076368505,1.0505412301613377,2010-01_2014-12,1901,2009-12,2010-01,2014-12
spei6,Buttala,ridge_ar24_met24,2013-06,2013-07,1,1.1909787078367,0.9797718861021091,2010-01_2014-12,1901,2009-12,2010-01,2014-12
spei6,Buttala,ridge_ar24_met24,2013-07,2013-08,1,-0.403254412728137,0.29697609486306004,2010-01_2014-12,1901,2009-12,2010-01,2014-12
spei6,Buttala,ridge_ar24_met24,2013-08,2013-09,1,-1.05045166576943,-0.7249256968721819,2010-01_2014-12,1901,2009-12,2010-01,2014-12
spei6,Buttala,ridge_ar24_met24,2013-09,2013-10,1,-1.26350424371611,-0.3962778693011225,2010-01_2014-12,1901,2009-12,2010-01,2014-12
spei6,Buttala,ridge_ar24_met24,2013-10,2013-11,1,-2.02736708546524,-1.234694452916187,2010-01_2014-12,1901,2009-12,2010-01,2014-12
spei6,Buttala,ridge_ar24_met24,2013-11,2013-12,1,-2.16066306868262,-1.9792951565348396,2010-01_2014-12,1901,2009-12,2010-01,2014-12
spei6,Buttala,ridge_ar24_met24,2013-12,2014-01,1,-2.06591048134166,-2.00033989792343,2010-01_2014-12,1901,2009-12,2010-01,2014-12
spei6,Buttala,ridge_ar24_met24,2014-01,2014-02,1,-2.01654172338583,-1.8549096293462974,2010-01_2014-12,1901,2009-12,2010-01,2014-12
spei6,Buttala,ridge_ar24_met24,2014-02,2014-03,1,-1.91976846003132,-1.9128469218135726,2010-01_2014-12,1901,2009-12,2010-01,2014-12
spei6,Buttala,ridge_ar24_met24,2014-03,2014-04,1,-1.80665906616948,-1.450711336312301,2010-01_2014-12,1901,2009-12,2010-01,2014-12
spei6,Buttala,ridge_ar24_met24,2014-04,2014-05,1,-1.55401976514073,-1.3673895152371702,2010-01_2014-12,1901,2009-12,2010-01,2014-12
spei6,Buttala,ridge_ar24_met24,2014-05,2014-06,1,-1.38104122102694,-0.8900436197812457,2010-01_2014-12,1901,2009-12,2010-01,2014-12
spei6,Buttala,ridge_ar24_met24,2014-06,2014-07,1,-1.32159858737631,-1.1224724060271223,2010-01_2014-12,1901,2009-12,2010-01,2014-12
spei6,Buttala,ridge_ar24_met24,2014-07,2014-08,1,-0.62800033900063,-1.0825621622813617,2010-01_2014-12,1901,2009-12,2010-01,2014-12
spei6,Buttala,ridge_ar24_met24,2014-08,2014-09,1,-0.48247810427337,-0.6478575373133864,2010-01_2014-12,1901,2009-12,2010-01,2014-12
spei6,Buttala,ridge_ar24_met24,2014-09,2014-10,1,0.559168836386818,-0.31986735643678726,2010-01_2014-12,1901,2009-12,2010-01,2014-12
spei6,Buttala,ridge_ar24_met24,2014-10,2014-11,1,0.50308987337832,0.5299675834087836,2010-01_2014-12,1901,2009-12,2010-01,2014-12
spei6,Buttala,ridge_ar24_met24,2014-11,2014-12,1,1.69321878966522,0.842532511378459,2010-01_2014-12,1901,2009-12,2010-01,2014-12
spei6,Buttala,persistence,2009-12,2010-01,1,-0.550715896665306,-0.48263708323821,2010-01_2014-12,1901,2009-12,2010-01,2014-12
spei6,Buttala,persistence,2010-01,2010-02,1,-0.908734937345126,-0.550715896665306,2010-01_2014-12,1901,2009-12,2010-01,2014-12
spei6,Buttala,persistence,2010-02,2010-03,1,-0.935879026077647,-0.908734937345126,2010-01_2014-12,1901,2009-12,2010-01,2014-12
spei6,Buttala,persistence,2010-03,2010-04,1,-0.792492548157418,-0.935879026077647,2010-01_2014-12,1901,2009-12,2010-01,2014-12
spei6,Buttala,persistence,2010-04,2010-05,1,-0.818506824125356,-0.792492548157418,2010-01_2014-12,1901,2009-12,2010-01,2014-12
spei6,Buttala,persistence,2010-05,2010-06,1,-0.624537246447166,-0.818506824125356,2010-01_2014-12,1901,2009-12,2010-01,2014-12
spei6,Buttala,persistence,2010-06,2010-07,1,-0.146453357714481,-0.624537246447166,2010-01_2014-12,1901,2009-12,2010-01,2014-12
spei6,Buttala,persistence,2010-07,2010-08,1,-0.248680931215949,-0.146453357714481,2010-01_2014-12,1901,2009-12,2010-01,2014-12
spei6,Buttala,persistence,2010-08,2010-09,1,0.225877072596572,-0.248680931215949,2010-01_2014-12,1901,2009-12,2010-01,2014-12
spei6,Buttala,persistence,2010-09,2010-10,1,-0.056637532509727,0.225877072596572,2010-01_2014-12,1901,2009-12,2010-01,2014-12
spei6,Buttala,persistence,2010-10,2010-11,1,0.177559582742529,-0.056637532509727,2010-01_2014-12,1901,2009-12,2010-01,2014-12
spei6,Buttala,persistence,2010-11,2010-12,1,0.981237113169018,0.177559582742529,2010-01_2014-12,1901,2009-12,2010-01,2014-12
spei6,Buttala,persistence,2010-12,2011-01,1,1.05560249067733,0.981237113169018,2010-01_2014-12,1901,2009-12,2010-01,2014-12
spei6,Buttala,persistence,2011-01,2011-02,1,1.45507248646088,1.05560249067733,2010-01_2014-12,1901,2009-12,2010-01,2014-12
spei6,Buttala,persistence,2011-02,2011-03,1,1.25213247201825,1.45507248646088,2010-01_2014-12,1901,2009-12,2010-01,2014-12
spei6,Buttala,persistence,2011-03,2011-04,1,1.47768186542186,1.25213247201825,2010-01_2014-12,1901,2009-12,2010-01,2014-12
spei6,Buttala,persistence,2011-04,2011-05,1,0.997023789887306,1.47768186542186,2010-01_2014-12,1901,2009-12,2010-01,2014-12
spei6,Buttala,persistence,2011-05,2011-06,1,-0.0307498740101905,0.997023789887306,2010-01_2014-12,1901,2009-12,2010-01,2014-12
spei6,Buttala,persistence,2011-06,2011-07,1,-0.67664451339044,-0.0307498740101905,2010-01_2014-12,1901,2009-12,2010-01,2014-12
spei6,Buttala,persistence,2011-07,2011-08,1,-0.699141326957804,-0.67664451339044,2010-01_2014-12,1901,2009-12,2010-01,2014-12
spei6,Buttala,persistence,2011-08,2011-09,1,-1.02697143391312,-0.699141326957804,2010-01_2014-12,1901,2009-12,2010-01,2014-12
spei6,Buttala,persistence,2011-09,2011-10,1,-1.16823411530699,-1.02697143391312,2010-01_2014-12,1901,2009-12,2010-01,2014-12
spei6,Buttala,persistence,2011-10,2011-11,1,-0.695123632377774,-1.16823411530699,2010-01_2014-12,1901,2009-12,2010-01,2014-12
spei6,Buttala,persistence,2011-11,2011-12,1,-0.865086501919169,-0.695123632377774,2010-01_2014-12,1901,2009-12,2010-01,2014-12
spei6,Buttala,persistence,2011-12,2012-01,1,-0.906204221558632,-0.865086501919169,2010-01_2014-12,1901,2009-12,2010-01,2014-12
spei6,Buttala,persistence,2012-01,2012-02,1,-1.29010530211448,-0.906204221558632,2010-01_2014-12,1901,2009-12,2010-01,2014-12
spei6,Buttala,persistence,2012-02,2012-03,1,-0.875290460648791,-1.29010530211448,2010-01_2014-12,1901,2009-12,2010-01,2014-12
spei6,Buttala,persistence,2012-03,2012-04,1,-0.781101151324077,-0.875290460648791,2010-01_2014-12,1901,2009-12,2010-01,2014-12
spei6,Buttala,persistence,2012-04,2012-05,1,-1.09153749130638,-0.781101151324077,2010-01_2014-12,1901,2009-12,2010-01,2014-12
spei6,Buttala,persistence,2012-05,2012-06,1,-0.942045527483202,-1.09153749130638,2010-01_2014-12,1901,2009-12,2010-01,2014-12
spei6,Buttala,persistence,2012-06,2012-07,1,-1.1967145183158,-0.942045527483202,2010-01_2014-12,1901,2009-12,2010-01,2014-12
spei6,Buttala,persistence,2012-07,2012-08,1,-0.970455663061963,-1.1967145183158,2010-01_2014-12,1901,2009-12,2010-01,2014-12
spei6,Buttala,persistence,2012-08,2012-09,1,-0.357426637282415,-0.970455663061963,2010-01_2014-12,1901,2009-12,2010-01,2014-12
spei6,Buttala,persistence,2012-09,2012-10,1,-0.0147054934404475,-0.357426637282415,2010-01_2014-12,1901,2009-12,2010-01,2014-12
spei6,Buttala,persistence,2012-10,2012-11,1,0.341595589040639,-0.0147054934404475,2010-01_2014-12,1901,2009-12,2010-01,2014-12
spei6,Buttala,persistence,2012-11,2012-12,1,1.127492632562,0.341595589040639,2010-01_2014-12,1901,2009-12,2010-01,2014-12
spei6,Buttala,persistence,2012-12,2013-01,1,1.38852182850616,1.127492632562,2010-01_2014-12,1901,2009-12,2010-01,2014-12
spei6,Buttala,persistence,2013-01,2013-02,1,1.68510898165196,1.38852182850616,2010-01_2014-12,1901,2009-12,2010-01,2014-12
spei6,Buttala,persistence,2013-02,2013-03,1,1.66929672897145,1.68510898165196,2010-01_2014-12,1901,2009-12,2010-01,2014-12
spei6,Buttala,persistence,2013-03,2013-04,1,1.35163670363165,1.66929672897145,2010-01_2014-12,1901,2009-12,2010-01,2014-12
spei6,Buttala,persistence,2013-04,2013-05,1,1.62224259109812,1.35163670363165,2010-01_2014-12,1901,2009-12,2010-01,2014-12
spei6,Buttala,persistence,2013-05,2013-06,1,1.27308076368505,1.62224259109812,2010-01_2014-12,1901,2009-12,2010-01,2014-12
spei6,Buttala,persistence,2013-06,2013-07,1,1.1909787078367,1.27308076368505,2010-01_2014-12,1901,2009-12,2010-01,2014-12
spei6,Buttala,persistence,2013-07,2013-08,1,-0.403254412728137,1.1909787078367,2010-01_2014-12,1901,2009-12,2010-01,2014-12
spei6,Buttala,persistence,2013-08,2013-09,1,-1.05045166576943,-0.403254412728137,2010-01_2014-12,1901,2009-12,2010-01,2014-12
spei6,Buttala,persistence,2013-09,2013-10,1,-1.26350424371611,-1.05045166576943,2010-01_2014-12,1901,2009-12,2010-01,2014-12
spei6,Buttala,persistence,2013-10,2013-11,1,-2.02736708546524,-1.26350424371611,2010-01_2014-12,1901,2009-12,2010-01,2014-12
spei6,Buttala,persistence,2013-11,2013-12,1,-2.16066306868262,-2.02736708546524,2010-01_2014-12,1901,2009-12,2010-01,2014-12
spei6,Buttala,persistence,2013-12,2014-01,1,-2.06591048134166,-2.16066306868262,2010-01_2014-12,1901,2009-12,2010-01,2014-12
spei6,Buttala,persistence,2014-01,2014-02,1,-2.01654172338583,-2.06591048134166,2010-01_2014-12,1901,2009-12,2010-01,2014-12
spei6,Buttala,persistence,2014-02,2014-03,1,-1.91976846003132,-2.01654172338583,2010-01_2014-12,1901,2009-12,2010-01,2014-12
spei6,Buttala,persistence,2014-03,2014-04,1,-1.80665906616948,-1.91976846003132,2010-01_2014-12,1901,2009-12,2010-01,2014-12
spei6,Buttala,persistence,2014-04,2014-05,1,-1.55401976514073,-1.80665906616948,2010-01_2014-12,1901,2009-12,2010-01,2014-12
spei6,Buttala,persistence,2014-05,2014-06,1,-1.38104122102694,-1.55401976514073,2010-01_2014-12,1901,2009-12,2010-01,2014-12
spei6,Buttala,persistence,2014-06,2014-07,1,-1.32159858737631,-1.38104122102694,2010-01_2014-12,1901,2009-12,2010-01,2014-12
spei6,Buttala,persistence,2014-07,2014-08,1,-0.62800033900063,-1.32159858737631,2010-01_2014-12,1901,2009-12,2010-01,2014-12
spei6,Buttala,persistence,2014-08,2014-09,1,-0.48247810427337,-0.62800033900063,2010-01_2014-12,1901,2009-12,2010-01,2014-12
spei6,Buttala,persistence,2014-09,2014-10,1,0.559168836386818,-0.48247810427337,2010-01_2014-12,1901,2009-12,2010-01,2014-12
spei6,Buttala,persistence,2014-10,2014-11,1,0.50308987337832,0.559168836386818,2010-01_2014-12,1901,2009-12,2010-01,2014-12
spei6,Buttala,persistence,2014-11,2014-12,1,1.69321878966522,0.50308987337832,2010-01_2014-12,1901,2009-12,2010-01,2014-12
spei6,Padaviya,ridge_ar24_met24,2009-12,2010-01,1,0.263870853110448,0.8073134666361883,2010-01_2014-12,1901,2009-12,2010-01,2014-12
spei6,Padaviya,ridge_ar24_met24,2010-01,2010-02,1,-0.31542798877128,-0.01575079354598591,2010-01_2014-12,1901,2009-12,2010-01,2014-12
spei6,Padaviya,ridge_ar24_met24,2010-02,2010-03,1,-0.361567271040616,-0.05223293861060123,2010-01_2014-12,1901,2009-12,2010-01,2014-12
spei6,Padaviya,ridge_ar24_met24,2010-03,2010-04,1,-0.322366114891748,0.026804419132755754,2010-01_2014-12,1901,2009-12,2010-01,2014-12
spei6,Padaviya,ridge_ar24_met24,2010-04,2010-05,1,-1.46178993960369,-0.9716851603996113,2010-01_2014-12,1901,2009-12,2010-01,2014-12
spei6,Padaviya,ridge_ar24_met24,2010-05,2010-06,1,-1.91459549648808,-1.346968359809084,2010-01_2014-12,1901,2009-12,2010-01,2014-12
spei6,Padaviya,ridge_ar24_met24,2010-06,2010-07,1,-1.65529144835484,-1.5267744052143402,2010-01_2014-12,1901,2009-12,2010-01,2014-12
spei6,Padaviya,ridge_ar24_met24,2010-07,2010-08,1,-1.40396728087952,-1.0203076654197831,2010-01_2014-12,1901,2009-12,2010-01,2014-12
spei6,Padaviya,ridge_ar24_met24,2010-08,2010-09,1,0.838051271878864,-0.6517197253240382,2010-01_2014-12,1901,2009-12,2010-01,2014-12
spei6,Padaviya,ridge_ar24_met24,2010-09,2010-10,1,0.941918805934693,0.8167279817796901,2010-01_2014-12,1901,2009-12,2010-01,2014-12
spei6,Padaviya,ridge_ar24_met24,2010-10,2010-11,1,1.61060127225304,0.9010387425726817,2010-01_2014-12,1901,2009-12,2010-01,2014-12
spei6,Padaviya,ridge_ar24_met24,2010-11,2010-12,1,1.767827727932,1.519035491310542,2010-01_2014-12,1901,2009-12,2010-01,2014-12
spei6,Padaviya,ridge_ar24_met24,2010-12,2011-01,1,1.72493059425469,1.6701019624560836,2010-01_2014-12,1901,2009-12,2010-01,2014-12
spei6,Padaviya,ridge_ar24_met24,2011-01,2011-02,1,1.8362746137103,1.624716969687802,2010-01_2014-12,1901,2009-12,2010-01,2014-12
spei6,Padaviya,ridge_ar24_met24,2011-02,2011-03,1,1.29355820983328,1.2854814606201794,2010-01_2014-12,1901,2009-12,2010-01,2014-12
spei6,Padaviya,ridge_ar24_met24,2011-03,2011-04,1,1.54274175871091,1.4747683594124485,2010-01_2014-12,1901,2009-12,2010-01,2014-12
spei6,Padaviya,ridge_ar24_met24,2011-04,2011-05,1,1.00539146535345,1.1461476795170444,2010-01_2014-12,1901,2009-12,2010-01,2014-12
spei6,Padaviya,ridge_ar24_met24,2011-05,2011-06,1,0.288919547036823,0.19513220313854818,2010-01_2014-12,1901,2009-12,2010-01,2014-12
spei6,Padaviya,ridge_ar24_met24,2011-06,2011-07,1,-0.0797529591511747,-0.14416851597363528,2010-01_2014-12,1901,2009-12,2010-01,2014-12
spei6,Padaviya,ridge_ar24_met24,2011-07,2011-08,1,-0.422762637584006,-0.2685206808655886,2010-01_2014-12,1901,2009-12,2010-01,2014-12
spei6,Padaviya,ridge_ar24_met24,2011-08,2011-09,1,-0.82305542574519,-0.5206550396023835,2010-01_2014-12,1901,2009-12,2010-01,2014-12
spei6,Padaviya,ridge_ar24_met24,2011-09,2011-10,1,-1.19586867460616,-1.09318678761945,2010-01_2014-12,1901,2009-12,2010-01,2014-12
spei6,Padaviya,ridge_ar24_met24,2011-10,2011-11,1,-0.539122223189283,-0.6227065825200666,2010-01_2014-12,1901,2009-12,2010-01,2014-12
spei6,Padaviya,ridge_ar24_met24,2011-11,2011-12,1,-0.520167544104919,-0.4428541352229245,2010-01_2014-12,1901,2009-12,2010-01,2014-12
spei6,Padaviya,ridge_ar24_met24,2011-12,2012-01,1,-0.645906474843818,-0.1114149156095539,2010-01_2014-12,1901,2009-12,2010-01,2014-12
spei6,Padaviya,ridge_ar24_met24,2012-01,2012-02,1,-0.735111363173996,-0.6095916208589244,2010-01_2014-12,1901,2009-12,2010-01,2014-12
spei6,Padaviya,ridge_ar24_met24,2012-02,2012-03,1,-0.465492475825558,-0.26062164890638745,2010-01_2014-12,1901,2009-12,2010-01,2014-12
spei6,Padaviya,ridge_ar24_met24,2012-03,2012-04,1,-0.357549263382338,-0.37158393553955527,2010-01_2014-12,1901,2009-12,2010-01,2014-12
spei6,Padaviya,ridge_ar24_met24,2012-04,2012-05,1,-0.724018320296702,-0.49961241260983363,2010-01_2014-12,1901,2009-12,2010-01,2014-12
spei6,Padaviya,ridge_ar24_met24,2012-05,2012-06,1,-0.857971882900482,-0.5403142777881143,2010-01_2014-12,1901,2009-12,2010-01,2014-12
spei6,Padaviya,ridge_ar24_met24,2012-06,2012-07,1,-1.10218227722193,-0.7828613004122582,2010-01_2014-12,1901,2009-12,2010-01,2014-12
spei6,Padaviya,ridge_ar24_met24,2012-07,2012-08,1,-1.32715175432944,-0.7022244877611132,2010-01_2014-12,1901,2009-12,2010-01,2014-12
spei6,Padaviya,ridge_ar24_met24,2012-08,2012-09,1,-0.841452074932841,-0.9635206503685406,2010-01_2014-12,1901,2009-12,2010-01,2014-12
spei6,Padaviya,ridge_ar24_met24,2012-09,2012-10,1,0.787140646914346,-0.744988065353241,2010-01_2014-12,1901,2009-12,2010-01,2014-12
spei6,Padaviya,ridge_ar24_met24,2012-10,2012-11,1,-0.187694368017945,0.8367662948321127,2010-01_2014-12,1901,2009-12,2010-01,2014-12
spei6,Padaviya,ridge_ar24_met24,2012-11,2012-12,1,0.49688334255514,-0.05602721843444179,2010-01_2014-12,1901,2009-12,2010-01,2014-12
spei6,Padaviya,ridge_ar24_met24,2012-12,2013-01,1,0.66012347690441,0.7571492227118025,2010-01_2014-12,1901,2009-12,2010-01,2014-12
spei6,Padaviya,ridge_ar24_met24,2013-01,2013-02,1,1.24018514918336,0.9856990146190683,2010-01_2014-12,1901,2009-12,2010-01,2014-12
spei6,Padaviya,ridge_ar24_met24,2013-02,2013-03,1,1.3670352511355,1.1043556078223422,2010-01_2014-12,1901,2009-12,2010-01,2014-12
spei6,Padaviya,ridge_ar24_met24,2013-03,2013-04,1,0.650322162048635,0.3568418566757219,2010-01_2014-12,1901,2009-12,2010-01,2014-12
spei6,Padaviya,ridge_ar24_met24,2013-04,2013-05,1,1.35759906150341,1.199270547001792,2010-01_2014-12,1901,2009-12,2010-01,2014-12
spei6,Padaviya,ridge_ar24_met24,2013-05,2013-06,1,1.25592666952709,0.8120563720951437,2010-01_2014-12,1901,2009-12,2010-01,2014-12
spei6,Padaviya,ridge_ar24_met24,2013-06,2013-07,1,1.44624693718847,0.9682823177499957,2010-01_2014-12,1901,2009-12,2010-01,2014-12
spei6,Padaviya,ridge_ar24_met24,2013-07,2013-08,1,0.141141510393644,0.6415784590706903,2010-01_2014-12,1901,2009-12,2010-01,2014-12
spei6,Padaviya,ridge_ar24_met24,2013-08,2013-09,1,-1.58519456344494,-0.21175536086091362,2010-01_2014-12,1901,2009-12,2010-01,2014-12
spei6,Padaviya,ridge_ar24_met24,2013-09,2013-10,1,-1.88051779352559,-0.8423226408540265,2010-01_2014-12,1901,2009-12,2010-01,2014-12
spei6,Padaviya,ridge_ar24_met24,2013-10,2013-11,1,-2.03069467191555,-1.5705707199954173,2010-01_2014-12,1901,2009-12,2010-01,2014-12
spei6,Padaviya,ridge_ar24_met24,2013-11,2013-12,1,-1.92076154385359,-1.9402174681966706,2010-01_2014-12,1901,2009-12,2010-01,2014-12
spei6,Padaviya,ridge_ar24_met24,2013-12,2014-01,1,-1.76096930686183,-1.645419842281282,2010-01_2014-12,1901,2009-12,2010-01,2014-12
spei6,Padaviya,ridge_ar24_met24,2014-01,2014-02,1,-1.81272810894659,-1.773749457045677,2010-01_2014-12,1901,2009-12,2010-01,2014-12
spei6,Padaviya,ridge_ar24_met24,2014-02,2014-03,1,-1.71179726301776,-1.392331958204301,2010-01_2014-12,1901,2009-12,2010-01,2014-12
spei6,Padaviya,ridge_ar24_met24,2014-03,2014-04,1,-1.43637091671034,-1.0175183444803064,2010-01_2014-12,1901,2009-12,2010-01,2014-12
spei6,Padaviya,ridge_ar24_met24,2014-04,2014-05,1,-0.669207920445302,-0.7426401916517655,2010-01_2014-12,1901,2009-12,2010-01,2014-12
spei6,Padaviya,ridge_ar24_met24,2014-05,2014-06,1,-0.731243715762471,-0.28349610190730706,2010-01_2014-12,1901,2009-12,2010-01,2014-12
spei6,Padaviya,ridge_ar24_met24,2014-06,2014-07,1,-0.827063778673766,-0.5784463072604128,2010-01_2014-12,1901,2009-12,2010-01,2014-12
spei6,Padaviya,ridge_ar24_met24,2014-07,2014-08,1,-0.462578194428805,-0.7393532722343233,2010-01_2014-12,1901,2009-12,2010-01,2014-12
spei6,Padaviya,ridge_ar24_met24,2014-08,2014-09,1,-0.0632302179491658,-0.47099133073950095,2010-01_2014-12,1901,2009-12,2010-01,2014-12
spei6,Padaviya,ridge_ar24_met24,2014-09,2014-10,1,0.934389524130175,-0.23024920253769926,2010-01_2014-12,1901,2009-12,2010-01,2014-12
spei6,Padaviya,ridge_ar24_met24,2014-10,2014-11,1,0.0168647799647173,0.6465617058031922,2010-01_2014-12,1901,2009-12,2010-01,2014-12
spei6,Padaviya,ridge_ar24_met24,2014-11,2014-12,1,1.10004920584115,0.2705331198946154,2010-01_2014-12,1901,2009-12,2010-01,2014-12
spei6,Padaviya,persistence,2009-12,2010-01,1,0.263870853110448,0.547421795926916,2010-01_2014-12,1901,2009-12,2010-01,2014-12
spei6,Padaviya,persistence,2010-01,2010-02,1,-0.31542798877128,0.263870853110448,2010-01_2014-12,1901,2009-12,2010-01,2014-12
spei6,Padaviya,persistence,2010-02,2010-03,1,-0.361567271040616,-0.31542798877128,2010-01_2014-12,1901,2009-12,2010-01,2014-12
spei6,Padaviya,persistence,2010-03,2010-04,1,-0.322366114891748,-0.361567271040616,2010-01_2014-12,1901,2009-12,2010-01,2014-12
spei6,Padaviya,persistence,2010-04,2010-05,1,-1.46178993960369,-0.322366114891748,2010-01_2014-12,1901,2009-12,2010-01,2014-12
spei6,Padaviya,persistence,2010-05,2010-06,1,-1.91459549648808,-1.46178993960369,2010-01_2014-12,1901,2009-12,2010-01,2014-12
spei6,Padaviya,persistence,2010-06,2010-07,1,-1.65529144835484,-1.91459549648808,2010-01_2014-12,1901,2009-12,2010-01,2014-12
spei6,Padaviya,persistence,2010-07,2010-08,1,-1.40396728087952,-1.65529144835484,2010-01_2014-12,1901,2009-12,2010-01,2014-12
spei6,Padaviya,persistence,2010-08,2010-09,1,0.838051271878864,-1.40396728087952,2010-01_2014-12,1901,2009-12,2010-01,2014-12
spei6,Padaviya,persistence,2010-09,2010-10,1,0.941918805934693,0.838051271878864,2010-01_2014-12,1901,2009-12,2010-01,2014-12
spei6,Padaviya,persistence,2010-10,2010-11,1,1.61060127225304,0.941918805934693,2010-01_2014-12,1901,2009-12,2010-01,2014-12
spei6,Padaviya,persistence,2010-11,2010-12,1,1.767827727932,1.61060127225304,2010-01_2014-12,1901,2009-12,2010-01,2014-12
spei6,Padaviya,persistence,2010-12,2011-01,1,1.72493059425469,1.767827727932,2010-01_2014-12,1901,2009-12,2010-01,2014-12
spei6,Padaviya,persistence,2011-01,2011-02,1,1.8362746137103,1.72493059425469,2010-01_2014-12,1901,2009-12,2010-01,2014-12
spei6,Padaviya,persistence,2011-02,2011-03,1,1.29355820983328,1.8362746137103,2010-01_2014-12,1901,2009-12,2010-01,2014-12
spei6,Padaviya,persistence,2011-03,2011-04,1,1.54274175871091,1.29355820983328,2010-01_2014-12,1901,2009-12,2010-01,2014-12
spei6,Padaviya,persistence,2011-04,2011-05,1,1.00539146535345,1.54274175871091,2010-01_2014-12,1901,2009-12,2010-01,2014-12
spei6,Padaviya,persistence,2011-05,2011-06,1,0.288919547036823,1.00539146535345,2010-01_2014-12,1901,2009-12,2010-01,2014-12
spei6,Padaviya,persistence,2011-06,2011-07,1,-0.0797529591511747,0.288919547036823,2010-01_2014-12,1901,2009-12,2010-01,2014-12
spei6,Padaviya,persistence,2011-07,2011-08,1,-0.422762637584006,-0.0797529591511747,2010-01_2014-12,1901,2009-12,2010-01,2014-12
spei6,Padaviya,persistence,2011-08,2011-09,1,-0.82305542574519,-0.422762637584006,2010-01_2014-12,1901,2009-12,2010-01,2014-12
spei6,Padaviya,persistence,2011-09,2011-10,1,-1.19586867460616,-0.82305542574519,2010-01_2014-12,1901,2009-12,2010-01,2014-12
spei6,Padaviya,persistence,2011-10,2011-11,1,-0.539122223189283,-1.19586867460616,2010-01_2014-12,1901,2009-12,2010-01,2014-12
spei6,Padaviya,persistence,2011-11,2011-12,1,-0.520167544104919,-0.539122223189283,2010-01_2014-12,1901,2009-12,2010-01,2014-12
spei6,Padaviya,persistence,2011-12,2012-01,1,-0.645906474843818,-0.520167544104919,2010-01_2014-12,1901,2009-12,2010-01,2014-12
spei6,Padaviya,persistence,2012-01,2012-02,1,-0.735111363173996,-0.645906474843818,2010-01_2014-12,1901,2009-12,2010-01,2014-12
spei6,Padaviya,persistence,2012-02,2012-03,1,-0.465492475825558,-0.735111363173996,2010-01_2014-12,1901,2009-12,2010-01,2014-12
spei6,Padaviya,persistence,2012-03,2012-04,1,-0.357549263382338,-0.465492475825558,2010-01_2014-12,1901,2009-12,2010-01,2014-12
spei6,Padaviya,persistence,2012-04,2012-05,1,-0.724018320296702,-0.357549263382338,2010-01_2014-12,1901,2009-12,2010-01,2014-12
spei6,Padaviya,persistence,2012-05,2012-06,1,-0.857971882900482,-0.724018320296702,2010-01_2014-12,1901,2009-12,2010-01,2014-12
spei6,Padaviya,persistence,2012-06,2012-07,1,-1.10218227722193,-0.857971882900482,2010-01_2014-12,1901,2009-12,2010-01,2014-12
spei6,Padaviya,persistence,2012-07,2012-08,1,-1.32715175432944,-1.10218227722193,2010-01_2014-12,1901,2009-12,2010-01,2014-12
spei6,Padaviya,persistence,2012-08,2012-09,1,-0.841452074932841,-1.32715175432944,2010-01_2014-12,1901,2009-12,2010-01,2014-12
spei6,Padaviya,persistence,2012-09,2012-10,1,0.787140646914346,-0.841452074932841,2010-01_2014-12,1901,2009-12,2010-01,2014-12
spei6,Padaviya,persistence,2012-10,2012-11,1,-0.187694368017945,0.787140646914346,2010-01_2014-12,1901,2009-12,2010-01,2014-12
spei6,Padaviya,persistence,2012-11,2012-12,1,0.49688334255514,-0.187694368017945,2010-01_2014-12,1901,2009-12,2010-01,2014-12
spei6,Padaviya,persistence,2012-12,2013-01,1,0.66012347690441,0.49688334255514,2010-01_2014-12,1901,2009-12,2010-01,2014-12
spei6,Padaviya,persistence,2013-01,2013-02,1,1.24018514918336,0.66012347690441,2010-01_2014-12,1901,2009-12,2010-01,2014-12
spei6,Padaviya,persistence,2013-02,2013-03,1,1.3670352511355,1.24018514918336,2010-01_2014-12,1901,2009-12,2010-01,2014-12
spei6,Padaviya,persistence,2013-03,2013-04,1,0.650322162048635,1.3670352511355,2010-01_2014-12,1901,2009-12,2010-01,2014-12
spei6,Padaviya,persistence,2013-04,2013-05,1,1.35759906150341,0.650322162048635,2010-01_2014-12,1901,2009-12,2010-01,2014-12
spei6,Padaviya,persistence,2013-05,2013-06,1,1.25592666952709,1.35759906150341,2010-01_2014-12,1901,2009-12,2010-01,2014-12
spei6,Padaviya,persistence,2013-06,2013-07,1,1.44624693718847,1.25592666952709,2010-01_2014-12,1901,2009-12,2010-01,2014-12
spei6,Padaviya,persistence,2013-07,2013-08,1,0.141141510393644,1.44624693718847,2010-01_2014-12,1901,2009-12,2010-01,2014-12
spei6,Padaviya,persistence,2013-08,2013-09,1,-1.58519456344494,0.141141510393644,2010-01_2014-12,1901,2009-12,2010-01,2014-12
spei6,Padaviya,persistence,2013-09,2013-10,1,-1.88051779352559,-1.58519456344494,2010-01_2014-12,1901,2009-12,2010-01,2014-12
spei6,Padaviya,persistence,2013-10,2013-11,1,-2.03069467191555,-1.88051779352559,2010-01_2014-12,1901,2009-12,2010-01,2014-12
spei6,Padaviya,persistence,2013-11,2013-12,1,-1.92076154385359,-2.03069467191555,2010-01_2014-12,1901,2009-12,2010-01,2014-12
spei6,Padaviya,persistence,2013-12,2014-01,1,-1.76096930686183,-1.92076154385359,2010-01_2014-12,1901,2009-12,2010-01,2014-12
spei6,Padaviya,persistence,2014-01,2014-02,1,-1.81272810894659,-1.76096930686183,2010-01_2014-12,1901,2009-12,2010-01,2014-12
spei6,Padaviya,persistence,2014-02,2014-03,1,-1.71179726301776,-1.81272810894659,2010-01_2014-12,1901,2009-12,2010-01,2014-12
spei6,Padaviya,persistence,2014-03,2014-04,1,-1.43637091671034,-1.71179726301776,2010-01_2014-12,1901,2009-12,2010-01,2014-12
spei6,Padaviya,persistence,2014-04,2014-05,1,-0.669207920445302,-1.43637091671034,2010-01_2014-12,1901,2009-12,2010-01,2014-12
spei6,Padaviya,persistence,2014-05,2014-06,1,-0.731243715762471,-0.669207920445302,2010-01_2014-12,1901,2009-12,2010-01,2014-12
spei6,Padaviya,persistence,2014-06,2014-07,1,-0.827063778673766,-0.731243715762471,2010-01_2014-12,1901,2009-12,2010-01,2014-12
spei6,Padaviya,persistence,2014-07,2014-08,1,-0.462578194428805,-0.827063778673766,2010-01_2014-12,1901,2009-12,2010-01,2014-12
spei6,Padaviya,persistence,2014-08,2014-09,1,-0.0632302179491658,-0.462578194428805,2010-01_2014-12,1901,2009-12,2010-01,2014-12
spei6,Padaviya,persistence,2014-09,2014-10,1,0.934389524130175,-0.0632302179491658,2010-01_2014-12,1901,2009-12,2010-01,2014-12
spei6,Padaviya,persistence,2014-10,2014-11,1,0.0168647799647173,0.934389524130175,2010-01_2014-12,1901,2009-12,2010-01,2014-12
spei6,Padaviya,persistence,2014-11,2014-12,1,1.10004920584115,0.0168647799647173,2010-01_2014-12,1901,2009-12,2010-01,2014-12
spei6,Tissamaharama,ridge_ar24_met24,2009-12,2010-01,1,-0.634798439725541,-0.4762671035277709,2010-01_2014-12,1901,2009-12,2010-01,2014-12
spei6,Tissamaharama,ridge_ar24_met24,2010-01,2010-02,1,-0.893103447882695,-0.802470907823287,2010-01_2014-12,1901,2009-12,2010-01,2014-12
spei6,Tissamaharama,ridge_ar24_met24,2010-02,2010-03,1,-0.918238275596109,-0.78385586162885,2010-01_2014-12,1901,2009-12,2010-01,2014-12
spei6,Tissamaharama,ridge_ar24_met24,2010-03,2010-04,1,-0.681940146487343,-0.594947323953425,2010-01_2014-12,1901,2009-12,2010-01,2014-12
spei6,Tissamaharama,ridge_ar24_met24,2010-04,2010-05,1,-0.495101517437007,-0.5846768079118906,2010-01_2014-12,1901,2009-12,2010-01,2014-12
spei6,Tissamaharama,ridge_ar24_met24,2010-05,2010-06,1,-0.175289965775283,-0.160332607018371,2010-01_2014-12,1901,2009-12,2010-01,2014-12
spei6,Tissamaharama,ridge_ar24_met24,2010-06,2010-07,1,0.215056897178263,0.10663153747462546,2010-01_2014-12,1901,2009-12,2010-01,2014-12
spei6,Tissamaharama,ridge_ar24_met24,2010-07,2010-08,1,0.0421949613697517,0.1999222132582141,2010-01_2014-12,1901,2009-12,2010-01,2014-12
spei6,Tissamaharama,ridge_ar24_met24,2010-08,2010-09,1,0.169681186555247,-0.009669845709785305,2010-01_2014-12,1901,2009-12,2010-01,2014-12
spei6,Tissamaharama,ridge_ar24_met24,2010-09,2010-10,1,-0.34130818746178,0.270769267026697,2010-01_2014-12,1901,2009-12,2010-01,2014-12
spei6,Tissamaharama,ridge_ar24_met24,2010-10,2010-11,1,-0.145216912484804,-0.562994015910572,2010-01_2014-12,1901,2009-12,2010-01,2014-12
spei6,Tissamaharama,ridge_ar24_met24,2010-11,2010-12,1,0.691701463622623,-0.12500406639389164,2010-01_2014-12,1901,2009-12,2010-01,2014-12
spei6,Tissamaharama,ridge_ar24_met24,2010-12,2011-01,1,0.834968642040492,0.6117468322720738,2010-01_2014-12,1901,2009-12,2010-01,2014-12
spei6,Tissamaharama,ridge_ar24_met24,2011-01,2011-02,1,1.2601771381194,0.7345444961867544,2010-01_2014-12,1901,2009-12,2010-01,2014-12
spei6,Tissamaharama,ridge_ar24_met24,2011-02,2011-03,1,1.16715005952238,1.3414132765945876,2010-01_2014-12,1901,2009-12,2010-01,2014-12
spei6,Tissamaharama,ridge_ar24_met24,2011-03,2011-04,1,1.45351619919688,1.5647022157821362,2010-01_2014-12,1901,2009-12,2010-01,2014-12
spei6,Tissamaharama,ridge_ar24_met24,2011-04,2011-05,1,0.903778436650671,1.175469005618947,2010-01_2014-12,1901,2009-12,2010-01,2014-12
spei6,Tissamaharama,ridge_ar24_met24,2011-05,2011-06,1,-0.230285416673785,0.08679782985146851,2010-01_2014-12,1901,2009-12,2010-01,2014-12
spei6,Tissamaharama,ridge_ar24_met24,2011-06,2011-07,1,-0.857064349594543,-0.6925517255548902,2010-01_2014-12,1901,2009-12,2010-01,2014-12
spei6,Tissamaharama,ridge_ar24_met24,2011-07,2011-08,1,-0.787866304546515,-1.032829867792582,2010-01_2014-12,1901,2009-12,2010-01,2014-12
spei6,Tissamaharama,ridge_ar24_met24,2011-08,2011-09,1,-1.10267193900304,-0.7927584276704697,2010-01_2014-12,1901,2009-12,2010-01,2014-12
spei6,Tissamaharama,ridge_ar24_met24,2011-09,2011-10,1,-1.16549926575119,-1.0245875942752698,2010-01_2014-12,1901,2009-12,2010-01,2014-12
spei6,Tissamaharama,ridge_ar24_met24,2011-10,2011-11,1,-0.713902130576871,-0.5630707139665577,2010-01_2014-12,1901,2009-12,2010-01,2014-12
spei6,Tissamaharama,ridge_ar24_met24,2011-11,2011-12,1,-0.859176309759951,-0.4560615130726362,2010-01_2014-12,1901,2009-12,2010-01,2014-12
spei6,Tissamaharama,ridge_ar24_met24,2011-12,2012-01,1,-0.887076300332723,-0.592714938648714,2010-01_2014-12,1901,2009-12,2010-01,2014-12
spei6,Tissamaharama,ridge_ar24_met24,2012-01,2012-02,1,-1.3245370000441,-1.5310034867104476,2010-01_2014-12,1901,2009-12,2010-01,2014-12
spei6,Tissamaharama,ridge_ar24_met24,2012-02,2012-03,1,-0.916528749281267,-1.0775660734047472,2010-01_2014-12,1901,2009-12,2010-01,2014-12
spei6,Tissamaharama,ridge_ar24_met24,2012-03,2012-04,1,-0.844599161267502,-0.8875871021939278,2010-01_2014-12,1901,2009-12,2010-01,2014-12
spei6,Tissamaharama,ridge_ar24_met24,2012-04,2012-05,1,-1.1641028293657,-0.6231785926879901,2010-01_2014-12,1901,2009-12,2010-01,2014-12
spei6,Tissamaharama,ridge_ar24_met24,2012-05,2012-06,1,-1.01831740534626,-0.4760358694558859,2010-01_2014-12,1901,2009-12,2010-01,2014-12
spei6,Tissamaharama,ridge_ar24_met24,2012-06,2012-07,1,-1.24450611603648,-0.7687291356127933,2010-01_2014-12,1901,2009-12,2010-01,2014-12
spei6,Tissamaharama,ridge_ar24_met24,2012-07,2012-08,1,-0.934934763654765,-0.8981976690030905,2010-01_2014-12,1901,2009-12,2010-01,2014-12
spei6,Tissamaharama,ridge_ar24_met24,2012-08,2012-09,1,-0.329680630230851,-0.7340875241845412,2010-01_2014-12,1901,2009-12,2010-01,2014-12
spei6,Tissamaharama,ridge_ar24_met24,2012-09,2012-10,1,-0.132450557336794,-0.252591219261213,2010-01_2014-12,1901,2009-12,2010-01,2014-12
spei6,Tissamaharama,ridge_ar24_met24,2012-10,2012-11,1,0.400806012255371,0.2542264985809726,2010-01_2014-12,1901,2009-12,2010-01,2014-12
spei6,Tissamaharama,ridge_ar24_met24,2012-11,2012-12,1,1.11974008292794,0.4285412640424393,2010-01_2014-12,1901,2009-12,2010-01,2014-12
spei6,Tissamaharama,ridge_ar24_met24,2012-12,2013-01,1,1.38665319373999,1.576748380840661,2010-01_2014-12,1901,2009-12,2010-01,2014-12
spei6,Tissamaharama,ridge_ar24_met24,2013-01,2013-02,1,1.6052852251578,1.21105938331577,2010-01_2014-12,1901,2009-12,2010-01,2014-12
spei6,Tissamaharama,ridge_ar24_met24,2013-02,2013-03,1,1.57312702059812,1.4542564520362324,2010-01_2014-12,1901,2009-12,2010-01,2014-12
spei6,Tissamaharama,ridge_ar24_met24,2013-03,2013-04,1,1.34474723081629,1.4731625334072889,2010-01_2014-12,1901,2009-12,2010-01,2014-12
spei6,Tissamaharama,ridge_ar24_met24,2013-04,2013-05,1,1.61028663610219,1.3651213933032893,2010-01_2014-12,1901,2009-12,2010-01,2014-12
spei6,Tissamaharama,ridge_ar24_met24,2013-05,2013-06,1,1.21274141049428,0.9639181307052455,2010-01_2014-12,1901,2009-12,2010-01,2014-12
spei6,Tissamaharama,ridge_ar24_met24,2013-06,2013-07,1,1.0576603401151,0.931347437413024,2010-01_2014-12,1901,2009-12,2010-01,2014-12
spei6,Tissamaharama,ridge_ar24_met24,2013-07,2013-08,1,-0.402727054402152,0.20175840855437685,2010-01_2014-12,1901,2009-12,2010-01,2014-12
spei6,Tissamaharama,ridge_ar24_met24,2013-08,2013-09,1,-0.853675927371631,-0.7082124930921391,2010-01_2014-12,1901,2009-12,2010-01,2014-12
spei6,Tissamaharama,ridge_ar24_met24,2013-09,2013-10,1,-1.1357906157751,-0.31318131145170025,2010-01_2014-12,1901,2009-12,2010-01,2014-12
spei6,Tissamaharama,ridge_ar24_met24,2013-10,2013-11,1,-1.95932178799154,-1.1611424183678427,2010-01_2014-12,1901,2009-12,2010-01,2014-12
spei6,Tissamaharama,ridge_ar24_met24,2013-11,2013-12,1,-2.17399962665102,-1.9013060012965681,2010-01_2014-12,1901,2009-12,2010-01,2014-12
spei6,Tissamaharama,ridge_ar24_met24,2013-12,2014-01,1,-2.18608391999258,-2.0957425672353995,2010-01_2014-12,1901,2009-12,2010-01,2014-12
spei6,Tissamaharama,ridge_ar24_met24,2014-01,2014-02,1,-2.0620483290163,-1.9961586086011756,2010-01_2014-12,1901,2009-12,2010-01,2014-12
spei6,Tissamaharama,ridge_ar24_met24,2014-02,2014-03,1,-1.96537536859099,-2.0081452404404376,2010-01_2014-12,1901,2009-12,2010-01,2014-12
spei6,Tissamaharama,ridge_ar24_met24,2014-03,2014-04,1,-1.85743264398188,-1.5186586751986497,2010-01_2014-12,1901,2009-12,2010-01,2014-12
spei6,Tissamaharama,ridge_ar24_met24,2014-04,2014-05,1,-1.64998616071207,-1.3527950238379172,2010-01_2014-12,1901,2009-12,2010-01,2014-12
spei6,Tissamaharama,ridge_ar24_met24,2014-05,2014-06,1,-1.49729978582673,-0.8362140938448839,2010-01_2014-12,1901,2009-12,2010-01,2014-12
spei6,Tissamaharama,ridge_ar24_met24,2014-06,2014-07,1,-1.38414025912608,-1.2524036250184678,2010-01_2014-12,1901,2009-12,2010-01,2014-12
spei6,Tissamaharama,ridge_ar24_met24,2014-07,2014-08,1,-0.688112214779348,-1.0470773176498926,2010-01_2014-12,1901,2009-12,2010-01,2014-12
spei6,Tissamaharama,ridge_ar24_met24,2014-08,2014-09,1,-0.600310588092608,-0.6114762994255525,2010-01_2014-12,1901,2009-12,2010-01,2014-12
spei6,Tissamaharama,ridge_ar24_met24,2014-09,2014-10,1,0.471831072361833,-0.3390886378934015,2010-01_2014-12,1901,2009-12,2010-01,2014-12
spei6,Tissamaharama,ridge_ar24_met24,2014-10,2014-11,1,0.515530924572413,0.5796806727984253,2010-01_2014-12,1901,2009-12,2010-01,2014-12
spei6,Tissamaharama,ridge_ar24_met24,2014-11,2014-12,1,1.62280183397834,0.9570598203878636,2010-01_2014-12,1901,2009-12,2010-01,2014-12
spei6,Tissamaharama,persistence,2009-12,2010-01,1,-0.634798439725541,-0.637124305394056,2010-01_2014-12,1901,2009-12,2010-01,2014-12
spei6,Tissamaharama,persistence,2010-01,2010-02,1,-0.893103447882695,-0.634798439725541,2010-01_2014-12,1901,2009-12,2010-01,2014-12
spei6,Tissamaharama,persistence,2010-02,2010-03,1,-0.918238275596109,-0.893103447882695,2010-01_2014-12,1901,2009-12,2010-01,2014-12
spei6,Tissamaharama,persistence,2010-03,2010-04,1,-0.681940146487343,-0.918238275596109,2010-01_2014-12,1901,2009-12,2010-01,2014-12
spei6,Tissamaharama,persistence,2010-04,2010-05,1,-0.495101517437007,-0.681940146487343,2010-01_2014-12,1901,2009-12,2010-01,2014-12
spei6,Tissamaharama,persistence,2010-05,2010-06,1,-0.175289965775283,-0.495101517437007,2010-01_2014-12,1901,2009-12,2010-01,2014-12
spei6,Tissamaharama,persistence,2010-06,2010-07,1,0.215056897178263,-0.175289965775283,2010-01_2014-12,1901,2009-12,2010-01,2014-12
spei6,Tissamaharama,persistence,2010-07,2010-08,1,0.0421949613697517,0.215056897178263,2010-01_2014-12,1901,2009-12,2010-01,2014-12
spei6,Tissamaharama,persistence,2010-08,2010-09,1,0.169681186555247,0.0421949613697517,2010-01_2014-12,1901,2009-12,2010-01,2014-12
spei6,Tissamaharama,persistence,2010-09,2010-10,1,-0.34130818746178,0.169681186555247,2010-01_2014-12,1901,2009-12,2010-01,2014-12
spei6,Tissamaharama,persistence,2010-10,2010-11,1,-0.145216912484804,-0.34130818746178,2010-01_2014-12,1901,2009-12,2010-01,2014-12
spei6,Tissamaharama,persistence,2010-11,2010-12,1,0.691701463622623,-0.145216912484804,2010-01_2014-12,1901,2009-12,2010-01,2014-12
spei6,Tissamaharama,persistence,2010-12,2011-01,1,0.834968642040492,0.691701463622623,2010-01_2014-12,1901,2009-12,2010-01,2014-12
spei6,Tissamaharama,persistence,2011-01,2011-02,1,1.2601771381194,0.834968642040492,2010-01_2014-12,1901,2009-12,2010-01,2014-12
spei6,Tissamaharama,persistence,2011-02,2011-03,1,1.16715005952238,1.2601771381194,2010-01_2014-12,1901,2009-12,2010-01,2014-12
spei6,Tissamaharama,persistence,2011-03,2011-04,1,1.45351619919688,1.16715005952238,2010-01_2014-12,1901,2009-12,2010-01,2014-12
spei6,Tissamaharama,persistence,2011-04,2011-05,1,0.903778436650671,1.45351619919688,2010-01_2014-12,1901,2009-12,2010-01,2014-12
spei6,Tissamaharama,persistence,2011-05,2011-06,1,-0.230285416673785,0.903778436650671,2010-01_2014-12,1901,2009-12,2010-01,2014-12
spei6,Tissamaharama,persistence,2011-06,2011-07,1,-0.857064349594543,-0.230285416673785,2010-01_2014-12,1901,2009-12,2010-01,2014-12
spei6,Tissamaharama,persistence,2011-07,2011-08,1,-0.787866304546515,-0.857064349594543,2010-01_2014-12,1901,2009-12,2010-01,2014-12
spei6,Tissamaharama,persistence,2011-08,2011-09,1,-1.10267193900304,-0.787866304546515,2010-01_2014-12,1901,2009-12,2010-01,2014-12
spei6,Tissamaharama,persistence,2011-09,2011-10,1,-1.16549926575119,-1.10267193900304,2010-01_2014-12,1901,2009-12,2010-01,2014-12
spei6,Tissamaharama,persistence,2011-10,2011-11,1,-0.713902130576871,-1.16549926575119,2010-01_2014-12,1901,2009-12,2010-01,2014-12
spei6,Tissamaharama,persistence,2011-11,2011-12,1,-0.859176309759951,-0.713902130576871,2010-01_2014-12,1901,2009-12,2010-01,2014-12
spei6,Tissamaharama,persistence,2011-12,2012-01,1,-0.887076300332723,-0.859176309759951,2010-01_2014-12,1901,2009-12,2010-01,2014-12
spei6,Tissamaharama,persistence,2012-01,2012-02,1,-1.3245370000441,-0.887076300332723,2010-01_2014-12,1901,2009-12,2010-01,2014-12
spei6,Tissamaharama,persistence,2012-02,2012-03,1,-0.916528749281267,-1.3245370000441,2010-01_2014-12,1901,2009-12,2010-01,2014-12
spei6,Tissamaharama,persistence,2012-03,2012-04,1,-0.844599161267502,-0.916528749281267,2010-01_2014-12,1901,2009-12,2010-01,2014-12
spei6,Tissamaharama,persistence,2012-04,2012-05,1,-1.1641028293657,-0.844599161267502,2010-01_2014-12,1901,2009-12,2010-01,2014-12
spei6,Tissamaharama,persistence,2012-05,2012-06,1,-1.01831740534626,-1.1641028293657,2010-01_2014-12,1901,2009-12,2010-01,2014-12
spei6,Tissamaharama,persistence,2012-06,2012-07,1,-1.24450611603648,-1.01831740534626,2010-01_2014-12,1901,2009-12,2010-01,2014-12
spei6,Tissamaharama,persistence,2012-07,2012-08,1,-0.934934763654765,-1.24450611603648,2010-01_2014-12,1901,2009-12,2010-01,2014-12
spei6,Tissamaharama,persistence,2012-08,2012-09,1,-0.329680630230851,-0.934934763654765,2010-01_2014-12,1901,2009-12,2010-01,2014-12
spei6,Tissamaharama,persistence,2012-09,2012-10,1,-0.132450557336794,-0.329680630230851,2010-01_2014-12,1901,2009-12,2010-01,2014-12
spei6,Tissamaharama,persistence,2012-10,2012-11,1,0.400806012255371,-0.132450557336794,2010-01_2014-12,1901,2009-12,2010-01,2014-12
spei6,Tissamaharama,persistence,2012-11,2012-12,1,1.11974008292794,0.400806012255371,2010-01_2014-12,1901,2009-12,2010-01,2014-12
spei6,Tissamaharama,persistence,2012-12,2013-01,1,1.38665319373999,1.11974008292794,2010-01_2014-12,1901,2009-12,2010-01,2014-12
spei6,Tissamaharama,persistence,2013-01,2013-02,1,1.6052852251578,1.38665319373999,2010-01_2014-12,1901,2009-12,2010-01,2014-12
spei6,Tissamaharama,persistence,2013-02,2013-03,1,1.57312702059812,1.6052852251578,2010-01_2014-12,1901,2009-12,2010-01,2014-12
spei6,Tissamaharama,persistence,2013-03,2013-04,1,1.34474723081629,1.57312702059812,2010-01_2014-12,1901,2009-12,2010-01,2014-12
spei6,Tissamaharama,persistence,2013-04,2013-05,1,1.61028663610219,1.34474723081629,2010-01_2014-12,1901,2009-12,2010-01,2014-12
spei6,Tissamaharama,persistence,2013-05,2013-06,1,1.21274141049428,1.61028663610219,2010-01_2014-12,1901,2009-12,2010-01,2014-12
spei6,Tissamaharama,persistence,2013-06,2013-07,1,1.0576603401151,1.21274141049428,2010-01_2014-12,1901,2009-12,2010-01,2014-12
spei6,Tissamaharama,persistence,2013-07,2013-08,1,-0.402727054402152,1.0576603401151,2010-01_2014-12,1901,2009-12,2010-01,2014-12
spei6,Tissamaharama,persistence,2013-08,2013-09,1,-0.853675927371631,-0.402727054402152,2010-01_2014-12,1901,2009-12,2010-01,2014-12
spei6,Tissamaharama,persistence,2013-09,2013-10,1,-1.1357906157751,-0.853675927371631,2010-01_2014-12,1901,2009-12,2010-01,2014-12
spei6,Tissamaharama,persistence,2013-10,2013-11,1,-1.95932178799154,-1.1357906157751,2010-01_2014-12,1901,2009-12,2010-01,2014-12
spei6,Tissamaharama,persistence,2013-11,2013-12,1,-2.17399962665102,-1.95932178799154,2010-01_2014-12,1901,2009-12,2010-01,2014-12
spei6,Tissamaharama,persistence,2013-12,2014-01,1,-2.18608391999258,-2.17399962665102,2010-01_2014-12,1901,2009-12,2010-01,2014-12
spei6,Tissamaharama,persistence,2014-01,2014-02,1,-2.0620483290163,-2.18608391999258,2010-01_2014-12,1901,2009-12,2010-01,2014-12
spei6,Tissamaharama,persistence,2014-02,2014-03,1,-1.96537536859099,-2.0620483290163,2010-01_2014-12,1901,2009-12,2010-01,2014-12
spei6,Tissamaharama,persistence,2014-03,2014-04,1,-1.85743264398188,-1.96537536859099,2010-01_2014-12,1901,2009-12,2010-01,2014-12
spei6,Tissamaharama,persistence,2014-04,2014-05,1,-1.64998616071207,-1.85743264398188,2010-01_2014-12,1901,2009-12,2010-01,2014-12
spei6,Tissamaharama,persistence,2014-05,2014-06,1,-1.49729978582673,-1.64998616071207,2010-01_2014-12,1901,2009-12,2010-01,2014-12
spei6,Tissamaharama,persistence,2014-06,2014-07,1,-1.38414025912608,-1.49729978582673,2010-01_2014-12,1901,2009-12,2010-01,2014-12
spei6,Tissamaharama,persistence,2014-07,2014-08,1,-0.688112214779348,-1.38414025912608,2010-01_2014-12,1901,2009-12,2010-01,2014-12
spei6,Tissamaharama,persistence,2014-08,2014-09,1,-0.600310588092608,-0.688112214779348,2010-01_2014-12,1901,2009-12,2010-01,2014-12
spei6,Tissamaharama,persistence,2014-09,2014-10,1,0.471831072361833,-0.600310588092608,2010-01_2014-12,1901,2009-12,2010-01,2014-12
spei6,Tissamaharama,persistence,2014-10,2014-11,1,0.515530924572413,0.471831072361833,2010-01_2014-12,1901,2009-12,2010-01,2014-12
spei6,Tissamaharama,persistence,2014-11,2014-12,1,1.62280183397834,0.515530924572413,2010-01_2014-12,1901,2009-12,2010-01,2014-12
spei6,Buttala,ridge_ar24_met24,2014-12,2015-01,1,1.27071755211247,2.008788820358469,2015-01_2019-12,1901,2014-12,2015-01,2019-12
spei6,Buttala,ridge_ar24_met24,2015-01,2015-02,1,1.34866443093246,1.1088810282361592,2015-01_2019-12,1901,2014-12,2015-01,2019-12
spei6,Buttala,ridge_ar24_met24,2015-02,2015-03,1,1.33896025911261,1.2712385232091121,2015-01_2019-12,1901,2014-12,2015-01,2019-12
spei6,Buttala,ridge_ar24_met24,2015-03,2015-04,1,1.38661577568003,1.1423843018462942,2015-01_2019-12,1901,2014-12,2015-01,2019-12
spei6,Buttala,ridge_ar24_met24,2015-04,2015-05,1,1.46623624363475,1.5791783929547776,2015-01_2019-12,1901,2014-12,2015-01,2019-12
spei6,Buttala,ridge_ar24_met24,2015-05,2015-06,1,0.137709943828156,0.41498740995752775,2015-01_2019-12,1901,2014-12,2015-01,2019-12
spei6,Buttala,ridge_ar24_met24,2015-06,2015-07,1,1.06579669365784,0.6871681888215415,2015-01_2019-12,1901,2014-12,2015-01,2019-12
spei6,Buttala,ridge_ar24_met24,2015-07,2015-08,1,1.08199732862239,0.7158252536080646,2015-01_2019-12,1901,2014-12,2015-01,2019-12
spei6,Buttala,ridge_ar24_met24,2015-08,2015-09,1,2.18020348639145,0.8113810080184382,2015-01_2019-12,1901,2014-12,2015-01,2019-12
spei6,Buttala,ridge_ar24_met24,2015-09,2015-10,1,1.9927519808581,1.661658241008199,2015-01_2019-12,1901,2014-12,2015-01,2019-12
spei6,Buttala,ridge_ar24_met24,2015-10,2015-11,1,2.20722419006443,1.7448734922862639,2015-01_2019-12,1901,2014-12,2015-01,2019-12
spei6,Buttala,ridge_ar24_met24,2015-11,2015-12,1,1.78030868968924,1.9845156160521809,2015-01_2019-12,1901,2014-12,2015-01,2019-12
spei6,Buttala,ridge_ar24_met24,2015-12,2016-01,1,1.61461552785591,1.993374998224236,2015-01_2019-12,1901,2014-12,2015-01,2019-12
spei6,Buttala,ridge_ar24_met24,2016-01,2016-02,1,1.5741653182061,1.167430456199937,2015-01_2019-12,1901,2014-12,2015-01,2019-12
spei6,Buttala,ridge_ar24_met24,2016-02,2016-03,1,0.475468781513235,0.33235990753319594,2015-01_2019-12,1901,2014-12,2015-01,2019-12
spei6,Buttala,ridge_ar24_met24,2016-03,2016-04,1,0.0659813472991891,-0.14575958403185887,2015-01_2019-12,1901,2014-12,2015-01,2019-12
spei6,Buttala,ridge_ar24_met24,2016-04,2016-05,1,0.620502599487856,-0.5445909439326626,2015-01_2019-12,1901,2014-12,2015-01,2019-12
spei6,Buttala,ridge_ar24_met24,2016-05,2016-06,1,0.649712090671054,0.5921653256351629,2015-01_2019-12,1901,2014-12,2015-01,2019-12
spei6,Buttala,ridge_ar24_met24,2016-06,2016-07,1,0.91720926396731,0.62403298203838,2015-01_2019-12,1901,2014-12,2015-01,2019-12
spei6,Buttala,ridge_ar24_met24,2016-07,2016-08,1,0.374452118474197,0.2635981865052208,2015-01_2019-12,1901,2014-12,2015-01,2019-12
spei6,Buttala,ridge_ar24_met24,2016-08,2016-09,1,-0.0462737275419545,0.35570794134817046,2015-01_2019-12,1901,2014-12,2015-01,2019-12
spei6,Buttala,ridge_ar24_met24,2016-09,2016-10,1,-0.44975065139992,-0.051021029541626364,2015-01_2019-12,1901,2014-12,2015-01,2019-12
spei6,Buttala,ridge_ar24_met24,2016-10,2016-11,1,-2.25219837499537,-1.5429518797827615,2015-01_2019-12,1901,2014-12,2015-01,2019-12
spei6,Buttala,ridge_ar24_met24,2016-11,2016-12,1,-2.05534247051235,-1.7555452856478686,2015-01_2019-12,1901,2014-12,2015-01,2019-12
spei6,Buttala,ridge_ar24_met24,2016-12,2017-01,1,-1.22912278482749,-1.8858866903928027,2015-01_2019-12,1901,2014-12,2015-01,2019-12
spei6,Buttala,ridge_ar24_met24,2017-01,2017-02,1,-1.13300391704975,-1.148918964228053,2015-01_2019-12,1901,2014-12,2015-01,2019-12
spei6,Buttala,ridge_ar24_met24,2017-02,2017-03,1,-0.195023217463742,-0.38621392047228503,2015-01_2019-12,1901,2014-12,2015-01,2019-12
spei6,Buttala,ridge_ar24_met24,2017-03,2017-04,1,-0.139790293275209,0.19127692785562528,2015-01_2019-12,1901,2014-12,2015-01,2019-12
spei6,Buttala,ridge_ar24_met24,2017-04,2017-05,1,0.136458940792544,-0.03361444529048295,2015-01_2019-12,1901,2014-12,2015-01,2019-12
spei6,Buttala,ridge_ar24_met24,2017-05,2017-06,1,0.330696899583995,0.541214798082729,2015-01_2019-12,1901,2014-12,2015-01,2019-12
spei6,Buttala,ridge_ar24_met24,2017-06,2017-07,1,-0.39366875018805,-0.16555239510782946,2015-01_2019-12,1901,2014-12,2015-01,2019-12
spei6,Buttala,ridge_ar24_met24,2017-07,2017-08,1,-0.370911776259155,-0.472295901538671,2015-01_2019-12,1901,2014-12,2015-01,2019-12
spei6,Buttala,ridge_ar24_met24,2017-08,2017-09,1,-1.0233494177494,-0.7906860040904214,2015-01_2019-12,1901,2014-12,2015-01,2019-12
spei6,Buttala,ridge_ar24_met24,2017-09,2017-10,1,-0.467128307814705,-0.29657760551168905,2015-01_2019-12,1901,2014-12,2015-01,2019-12
spei6,Buttala,ridge_ar24_met24,2017-10,2017-11,1,0.116711067206065,-0.3493129534790373,2015-01_2019-12,1901,2014-12,2015-01,2019-12
spei6,Buttala,ridge_ar24_met24,2017-11,2017-12,1,0.240709692261653,0.2707612764060113,2015-01_2019-12,1901,2014-12,2015-01,2019-12
spei6,Buttala,ridge_ar24_met24,2017-12,2018-01,1,-0.216707496817903,0.21679352605095667,2015-01_2019-12,1901,2014-12,2015-01,2019-12
spei6,Buttala,ridge_ar24_met24,2018-01,2018-02,1,-0.134878728180942,-0.22552169108364054,2015-01_2019-12,1901,2014-12,2015-01,2019-12
spei6,Buttala,ridge_ar24_met24,2018-02,2018-03,1,-0.26457288512201,-0.3006151873833251,2015-01_2019-12,1901,2014-12,2015-01,2019-12
spei6,Buttala,ridge_ar24_met24,2018-03,2018-04,1,-0.0114095778406665,-0.16428618810656806,2015-01_2019-12,1901,2014-12,2015-01,2019-12
spei6,Buttala,ridge_ar24_met24,2018-04,2018-05,1,0.21378569187751,-0.2136187991078218,2015-01_2019-12,1901,2014-12,2015-01,2019-12
spei6,Buttala,ridge_ar24_met24,2018-05,2018-06,1,0.473329108199295,-0.014459702825005834,2015-01_2019-12,1901,2014-12,2015-01,2019-12
spei6,Buttala,ridge_ar24_met24,2018-06,2018-07,1,0.942701155968078,0.9555708619183478,2015-01_2019-12,1901,2014-12,2015-01,2019-12
spei6,Buttala,ridge_ar24_met24,2018-07,2018-08,1,0.666767594130554,0.7115991587293352,2015-01_2019-12,1901,2014-12,2015-01,2019-12
spei6,Buttala,ridge_ar24_met24,2018-08,2018-09,1,0.856964219037232,0.5157364739283686,2015-01_2019-12,1901,2014-12,2015-01,2019-12
spei6,Buttala,ridge_ar24_met24,2018-09,2018-10,1,0.873451168620045,0.5459385777919485,2015-01_2019-12,1901,2014-12,2015-01,2019-12
spei6,Buttala,ridge_ar24_met24,2018-10,2018-11,1,-0.024434526660354,0.05891072531141443,2015-01_2019-12,1901,2014-12,2015-01,2019-12
spei6,Buttala,ridge_ar24_met24,2018-11,2018-12,1,-0.286107005537655,-0.18164418974679788,2015-01_2019-12,1901,2014-12,2015-01,2019-12
spei6,Buttala,ridge_ar24_met24,2018-12,2019-01,1,-0.704088907472682,-0.33780589447051224,2015-01_2019-12,1901,2014-12,2015-01,2019-12
spei6,Buttala,ridge_ar24_met24,2019-01,2019-02,1,-0.671878031575622,-0.7259047761396267,2015-01_2019-12,1901,2014-12,2015-01,2019-12
spei6,Buttala,ridge_ar24_met24,2019-02,2019-03,1,-0.890049932054665,-0.7733242296681713,2015-01_2019-12,1901,2014-12,2015-01,2019-12
spei6,Buttala,ridge_ar24_met24,2019-03,2019-04,1,-1.1948118649771,-1.094468610361443,2015-01_2019-12,1901,2014-12,2015-01,2019-12
spei6,Buttala,ridge_ar24_met24,2019-04,2019-05,1,-1.56127409307022,-1.2492655426448496,2015-01_2019-12,1901,2014-12,2015-01,2019-12
spei6,Buttala,ridge_ar24_met24,2019-05,2019-06,1,-1.82981609871438,-1.4751538780072813,2015-01_2019-12,1901,2014-12,2015-01,2019-12
spei6,Buttala,ridge_ar24_met24,2019-06,2019-07,1,-1.44237179944776,-1.2114570745444646,2015-01_2019-12,1901,2014-12,2015-01,2019-12
spei6,Buttala,ridge_ar24_met24,2019-07,2019-08,1,-0.473140836028833,-1.2094728502405137,2015-01_2019-12,1901,2014-12,2015-01,2019-12
spei6,Buttala,ridge_ar24_met24,2019-08,2019-09,1,0.899576287517934,-0.30402421464918,2015-01_2019-12,1901,2014-12,2015-01,2019-12
spei6,Buttala,ridge_ar24_met24,2019-09,2019-10,1,1.64698267058666,0.8586911395274645,2015-01_2019-12,1901,2014-12,2015-01,2019-12
spei6,Buttala,ridge_ar24_met24,2019-10,2019-11,1,1.95402446911878,1.7970163556895222,2015-01_2019-12,1901,2014-12,2015-01,2019-12
spei6,Buttala,ridge_ar24_met24,2019-11,2019-12,1,2.04509618477312,2.1547317207023258,2015-01_2019-12,1901,2014-12,2015-01,2019-12
spei6,Buttala,persistence,2014-12,2015-01,1,1.27071755211247,1.69321878966522,2015-01_2019-12,1901,2014-12,2015-01,2019-12
spei6,Buttala,persistence,2015-01,2015-02,1,1.34866443093246,1.27071755211247,2015-01_2019-12,1901,2014-12,2015-01,2019-12
spei6,Buttala,persistence,2015-02,2015-03,1,1.33896025911261,1.34866443093246,2015-01_2019-12,1901,2014-12,2015-01,2019-12
spei6,Buttala,persistence,2015-03,2015-04,1,1.38661577568003,1.33896025911261,2015-01_2019-12,1901,2014-12,2015-01,2019-12
spei6,Buttala,persistence,2015-04,2015-05,1,1.46623624363475,1.38661577568003,2015-01_2019-12,1901,2014-12,2015-01,2019-12
spei6,Buttala,persistence,2015-05,2015-06,1,0.137709943828156,1.46623624363475,2015-01_2019-12,1901,2014-12,2015-01,2019-12
spei6,Buttala,persistence,2015-06,2015-07,1,1.06579669365784,0.137709943828156,2015-01_2019-12,1901,2014-12,2015-01,2019-12
spei6,Buttala,persistence,2015-07,2015-08,1,1.08199732862239,1.06579669365784,2015-01_2019-12,1901,2014-12,2015-01,2019-12
spei6,Buttala,persistence,2015-08,2015-09,1,2.18020348639145,1.08199732862239,2015-01_2019-12,1901,2014-12,2015-01,2019-12
spei6,Buttala,persistence,2015-09,2015-10,1,1.9927519808581,2.18020348639145,2015-01_2019-12,1901,2014-12,2015-01,2019-12
spei6,Buttala,persistence,2015-10,2015-11,1,2.20722419006443,1.9927519808581,2015-01_2019-12,1901,2014-12,2015-01,2019-12
spei6,Buttala,persistence,2015-11,2015-12,1,1.78030868968924,2.20722419006443,2015-01_2019-12,1901,2014-12,2015-01,2019-12
spei6,Buttala,persistence,2015-12,2016-01,1,1.61461552785591,1.78030868968924,2015-01_2019-12,1901,2014-12,2015-01,2019-12
spei6,Buttala,persistence,2016-01,2016-02,1,1.5741653182061,1.61461552785591,2015-01_2019-12,1901,2014-12,2015-01,2019-12
spei6,Buttala,persistence,2016-02,2016-03,1,0.475468781513235,1.5741653182061,2015-01_2019-12,1901,2014-12,2015-01,2019-12
spei6,Buttala,persistence,2016-03,2016-04,1,0.0659813472991891,0.475468781513235,2015-01_2019-12,1901,2014-12,2015-01,2019-12
spei6,Buttala,persistence,2016-04,2016-05,1,0.620502599487856,0.0659813472991891,2015-01_2019-12,1901,2014-12,2015-01,2019-12
spei6,Buttala,persistence,2016-05,2016-06,1,0.649712090671054,0.620502599487856,2015-01_2019-12,1901,2014-12,2015-01,2019-12
spei6,Buttala,persistence,2016-06,2016-07,1,0.91720926396731,0.649712090671054,2015-01_2019-12,1901,2014-12,2015-01,2019-12
spei6,Buttala,persistence,2016-07,2016-08,1,0.374452118474197,0.91720926396731,2015-01_2019-12,1901,2014-12,2015-01,2019-12
spei6,Buttala,persistence,2016-08,2016-09,1,-0.0462737275419545,0.374452118474197,2015-01_2019-12,1901,2014-12,2015-01,2019-12
spei6,Buttala,persistence,2016-09,2016-10,1,-0.44975065139992,-0.0462737275419545,2015-01_2019-12,1901,2014-12,2015-01,2019-12
spei6,Buttala,persistence,2016-10,2016-11,1,-2.25219837499537,-0.44975065139992,2015-01_2019-12,1901,2014-12,2015-01,2019-12
spei6,Buttala,persistence,2016-11,2016-12,1,-2.05534247051235,-2.25219837499537,2015-01_2019-12,1901,2014-12,2015-01,2019-12
spei6,Buttala,persistence,2016-12,2017-01,1,-1.22912278482749,-2.05534247051235,2015-01_2019-12,1901,2014-12,2015-01,2019-12
spei6,Buttala,persistence,2017-01,2017-02,1,-1.13300391704975,-1.22912278482749,2015-01_2019-12,1901,2014-12,2015-01,2019-12
spei6,Buttala,persistence,2017-02,2017-03,1,-0.195023217463742,-1.13300391704975,2015-01_2019-12,1901,2014-12,2015-01,2019-12
spei6,Buttala,persistence,2017-03,2017-04,1,-0.139790293275209,-0.195023217463742,2015-01_2019-12,1901,2014-12,2015-01,2019-12
spei6,Buttala,persistence,2017-04,2017-05,1,0.136458940792544,-0.139790293275209,2015-01_2019-12,1901,2014-12,2015-01,2019-12
spei6,Buttala,persistence,2017-05,2017-06,1,0.330696899583995,0.136458940792544,2015-01_2019-12,1901,2014-12,2015-01,2019-12
spei6,Buttala,persistence,2017-06,2017-07,1,-0.39366875018805,0.330696899583995,2015-01_2019-12,1901,2014-12,2015-01,2019-12
spei6,Buttala,persistence,2017-07,2017-08,1,-0.370911776259155,-0.39366875018805,2015-01_2019-12,1901,2014-12,2015-01,2019-12
spei6,Buttala,persistence,2017-08,2017-09,1,-1.0233494177494,-0.370911776259155,2015-01_2019-12,1901,2014-12,2015-01,2019-12
spei6,Buttala,persistence,2017-09,2017-10,1,-0.467128307814705,-1.0233494177494,2015-01_2019-12,1901,2014-12,2015-01,2019-12
spei6,Buttala,persistence,2017-10,2017-11,1,0.116711067206065,-0.467128307814705,2015-01_2019-12,1901,2014-12,2015-01,2019-12
spei6,Buttala,persistence,2017-11,2017-12,1,0.240709692261653,0.116711067206065,2015-01_2019-12,1901,2014-12,2015-01,2019-12
spei6,Buttala,persistence,2017-12,2018-01,1,-0.216707496817903,0.240709692261653,2015-01_2019-12,1901,2014-12,2015-01,2019-12
spei6,Buttala,persistence,2018-01,2018-02,1,-0.134878728180942,-0.216707496817903,2015-01_2019-12,1901,2014-12,2015-01,2019-12
spei6,Buttala,persistence,2018-02,2018-03,1,-0.26457288512201,-0.134878728180942,2015-01_2019-12,1901,2014-12,2015-01,2019-12
spei6,Buttala,persistence,2018-03,2018-04,1,-0.0114095778406665,-0.26457288512201,2015-01_2019-12,1901,2014-12,2015-01,2019-12
spei6,Buttala,persistence,2018-04,2018-05,1,0.21378569187751,-0.0114095778406665,2015-01_2019-12,1901,2014-12,2015-01,2019-12
spei6,Buttala,persistence,2018-05,2018-06,1,0.473329108199295,0.21378569187751,2015-01_2019-12,1901,2014-12,2015-01,2019-12
spei6,Buttala,persistence,2018-06,2018-07,1,0.942701155968078,0.473329108199295,2015-01_2019-12,1901,2014-12,2015-01,2019-12
spei6,Buttala,persistence,2018-07,2018-08,1,0.666767594130554,0.942701155968078,2015-01_2019-12,1901,2014-12,2015-01,2019-12
spei6,Buttala,persistence,2018-08,2018-09,1,0.856964219037232,0.666767594130554,2015-01_2019-12,1901,2014-12,2015-01,2019-12
spei6,Buttala,persistence,2018-09,2018-10,1,0.873451168620045,0.856964219037232,2015-01_2019-12,1901,2014-12,2015-01,2019-12
spei6,Buttala,persistence,2018-10,2018-11,1,-0.024434526660354,0.873451168620045,2015-01_2019-12,1901,2014-12,2015-01,2019-12
spei6,Buttala,persistence,2018-11,2018-12,1,-0.286107005537655,-0.024434526660354,2015-01_2019-12,1901,2014-12,2015-01,2019-12
spei6,Buttala,persistence,2018-12,2019-01,1,-0.704088907472682,-0.286107005537655,2015-01_2019-12,1901,2014-12,2015-01,2019-12
spei6,Buttala,persistence,2019-01,2019-02,1,-0.671878031575622,-0.704088907472682,2015-01_2019-12,1901,2014-12,2015-01,2019-12
spei6,Buttala,persistence,2019-02,2019-03,1,-0.890049932054665,-0.671878031575622,2015-01_2019-12,1901,2014-12,2015-01,2019-12
spei6,Buttala,persistence,2019-03,2019-04,1,-1.1948118649771,-0.890049932054665,2015-01_2019-12,1901,2014-12,2015-01,2019-12
spei6,Buttala,persistence,2019-04,2019-05,1,-1.56127409307022,-1.1948118649771,2015-01_2019-12,1901,2014-12,2015-01,2019-12
spei6,Buttala,persistence,2019-05,2019-06,1,-1.82981609871438,-1.56127409307022,2015-01_2019-12,1901,2014-12,2015-01,2019-12
spei6,Buttala,persistence,2019-06,2019-07,1,-1.44237179944776,-1.82981609871438,2015-01_2019-12,1901,2014-12,2015-01,2019-12
spei6,Buttala,persistence,2019-07,2019-08,1,-0.473140836028833,-1.44237179944776,2015-01_2019-12,1901,2014-12,2015-01,2019-12
spei6,Buttala,persistence,2019-08,2019-09,1,0.899576287517934,-0.473140836028833,2015-01_2019-12,1901,2014-12,2015-01,2019-12
spei6,Buttala,persistence,2019-09,2019-10,1,1.64698267058666,0.899576287517934,2015-01_2019-12,1901,2014-12,2015-01,2019-12
spei6,Buttala,persistence,2019-10,2019-11,1,1.95402446911878,1.64698267058666,2015-01_2019-12,1901,2014-12,2015-01,2019-12
spei6,Buttala,persistence,2019-11,2019-12,1,2.04509618477312,1.95402446911878,2015-01_2019-12,1901,2014-12,2015-01,2019-12
spei6,Padaviya,ridge_ar24_met24,2014-12,2015-01,1,0.56656959674209,0.9823586205159587,2015-01_2019-12,1901,2014-12,2015-01,2019-12
spei6,Padaviya,ridge_ar24_met24,2015-01,2015-02,1,0.846169490923689,0.4990357213401317,2015-01_2019-12,1901,2014-12,2015-01,2019-12
spei6,Padaviya,ridge_ar24_met24,2015-02,2015-03,1,0.805820048488176,0.7036484218719117,2015-01_2019-12,1901,2014-12,2015-01,2019-12
spei6,Padaviya,ridge_ar24_met24,2015-03,2015-04,1,0.805481082072366,0.4453205388481038,2015-01_2019-12,1901,2014-12,2015-01,2019-12
spei6,Padaviya,ridge_ar24_met24,2015-04,2015-05,1,1.29318769399766,1.1853806261899669,2015-01_2019-12,1901,2014-12,2015-01,2019-12
spei6,Padaviya,ridge_ar24_met24,2015-05,2015-06,1,0.509775843630808,0.4000035242255941,2015-01_2019-12,1901,2014-12,2015-01,2019-12
spei6,Padaviya,ridge_ar24_met24,2015-06,2015-07,1,1.5202827240969,1.0709211906260496,2015-01_2019-12,1901,2014-12,2015-01,2019-12
spei6,Padaviya,ridge_ar24_met24,2015-07,2015-08,1,1.33032208710422,1.0806847112047198,2015-01_2019-12,1901,2014-12,2015-01,2019-12
spei6,Padaviya,ridge_ar24_met24,2015-08,2015-09,1,2.34473454689335,1.0296074907740818,2015-01_2019-12,1901,2014-12,2015-01,2019-12
spei6,Padaviya,ridge_ar24_met24,2015-09,2015-10,1,1.86535657906738,1.4342109832381473,2015-01_2019-12,1901,2014-12,2015-01,2019-12
spei6,Padaviya,ridge_ar24_met24,2015-10,2015-11,1,1.97645920483516,1.4421118067725303,2015-01_2019-12,1901,2014-12,2015-01,2019-12
spei6,Padaviya,ridge_ar24_met24,2015-11,2015-12,1,1.70583299044118,1.603638245939491,2015-01_2019-12,1901,2014-12,2015-01,2019-12
spei6,Padaviya,ridge_ar24_met24,2015-12,2016-01,1,1.51623583842425,1.7376655776253924,2015-01_2019-12,1901,2014-12,2015-01,2019-12
spei6,Padaviya,ridge_ar24_met24,2016-01,2016-02,1,1.5296448673179,1.2324198746752326,2015-01_2019-12,1901,2014-12,2015-01,2019-12
spei6,Padaviya,ridge_ar24_met24,2016-02,2016-03,1,0.797379086221268,0.7115379341688743,2015-01_2019-12,1901,2014-12,2015-01,2019-12
spei6,Padaviya,ridge_ar24_met24,2016-03,2016-04,1,0.521541835536639,0.2652359123822969,2015-01_2019-12,1901,2014-12,2015-01,2019-12
spei6,Padaviya,ridge_ar24_met24,2016-04,2016-05,1,0.668860024607221,-0.36671900050704276,2015-01_2019-12,1901,2014-12,2015-01,2019-12
spei6,Padaviya,ridge_ar24_met24,2016-05,2016-06,1,0.327636234948781,-0.03414352062179355,2015-01_2019-12,1901,2014-12,2015-01,2019-12
spei6,Padaviya,ridge_ar24_met24,2016-06,2016-07,1,0.738240100264017,0.18944888703280485,2015-01_2019-12,1901,2014-12,2015-01,2019-12
spei6,Padaviya,ridge_ar24_met24,2016-07,2016-08,1,-0.311292172294269,0.059998439674071695,2015-01_2019-12,1901,2014-12,2015-01,2019-12
spei6,Padaviya,ridge_ar24_met24,2016-08,2016-09,1,-0.761935551899831,-0.17450851414057422,2015-01_2019-12,1901,2014-12,2015-01,2019-12
spei6,Padaviya,ridge_ar24_met24,2016-09,2016-10,1,-1.58630810269832,-0.37618838523919074,2015-01_2019-12,1901,2014-12,2015-01,2019-12
spei6,Padaviya,ridge_ar24_met24,2016-10,2016-11,1,-2.05191769415884,-1.6819098607661676,2015-01_2019-12,1901,2014-12,2015-01,2019-12
spei6,Padaviya,ridge_ar24_met24,2016-11,2016-12,1,-2.26603737526916,-1.904829832636753,2015-01_2019-12,1901,2014-12,2015-01,2019-12
spei6,Padaviya,ridge_ar24_met24,2016-12,2017-01,1,-1.72599895657589,-2.0456809946713275,2015-01_2019-12,1901,2014-12,2015-01,2019-12
spei6,Padaviya,ridge_ar24_met24,2017-01,2017-02,1,-1.64665710312961,-1.5234315725772085,2015-01_2019-12,1901,2014-12,2015-01,2019-12
spei6,Padaviya,ridge_ar24_met24,2017-02,2017-03,1,-1.1431295498366,-1.2693994812701308,2015-01_2019-12,1901,2014-12,2015-01,2019-12
spei6,Padaviya,ridge_ar24_met24,2017-03,2017-04,1,-0.844472515231515,-0.536116736189589,2015-01_2019-12,1901,2014-12,2015-01,2019-12
spei6,Padaviya,ridge_ar24_met24,2017-04,2017-05,1,-0.571598541976686,-0.43225938561384275,2015-01_2019-12,1901,2014-12,2015-01,2019-12
spei6,Padaviya,ridge_ar24_met24,2017-05,2017-06,1,0.0585895965138372,-0.06844207825892432,2015-01_2019-12,1901,2014-12,2015-01,2019-12
spei6,Padaviya,ridge_ar24_met24,2017-06,2017-07,1,-0.851528069611559,-0.25337302021884234,2015-01_2019-12,1901,2014-12,2015-01,2019-12
spei6,Padaviya,ridge_ar24_met24,2017-07,2017-08,1,0.159964934250561,-0.5563342725579191,2015-01_2019-12,1901,2014-12,2015-01,2019-12
spei6,Padaviya,ridge_ar24_met24,2017-08,2017-09,1,-0.447733842918016,-0.28961027871165285,2015-01_2019-12,1901,2014-12,2015-01,2019-12
spei6,Padaviya,ridge_ar24_met24,2017-09,2017-10,1,-1.4789356350453,-0.04496995009725827,2015-01_2019-12,1901,2014-12,2015-01,2019-12
spei6,Padaviya,ridge_ar24_met24,2017-10,2017-11,1,-0.462052477465055,-0.874363495623124,2015-01_2019-12,1901,2014-12,2015-01,2019-12
spei6,Padaviya,ridge_ar24_met24,2017-11,2017-12,1,-0.697668394437823,-0.17074016161840366,2015-01_2019-12,1901,2014-12,2015-01,2019-12
spei6,Padaviya,ridge_ar24_met24,2017-12,2018-01,1,-1.06287611600818,-0.3809183536374268,2015-01_2019-12,1901,2014-12,2015-01,2019-12
spei6,Padaviya,ridge_ar24_met24,2018-01,2018-02,1,-1.18655647848308,-1.3787669612198075,2015-01_2019-12,1901,2014-12,2015-01,2019-12
spei6,Padaviya,ridge_ar24_met24,2018-02,2018-03,1,-1.21925670324303,-1.1305508904306854,2015-01_2019-12,1901,2014-12,2015-01,2019-12
spei6,Padaviya,ridge_ar24_met24,2018-03,2018-04,1,-0.345989217912049,-0.3161133378862382,2015-01_2019-12,1901,2014-12,2015-01,2019-12
spei6,Padaviya,ridge_ar24_met24,2018-04,2018-05,1,-0.537242929888494,-0.5798476219795697,2015-01_2019-12,1901,2014-12,2015-01,2019-12
spei6,Padaviya,ridge_ar24_met24,2018-05,2018-06,1,-0.207087238915194,-0.27422358763219756,2015-01_2019-12,1901,2014-12,2015-01,2019-12
spei6,Padaviya,ridge_ar24_met24,2018-06,2018-07,1,0.369704476388988,0.46673445970736166,2015-01_2019-12,1901,2014-12,2015-01,2019-12
spei6,Padaviya,ridge_ar24_met24,2018-07,2018-08,1,0.109896262879323,0.3063840082264698,2015-01_2019-12,1901,2014-12,2015-01,2019-12
spei6,Padaviya,ridge_ar24_met24,2018-08,2018-09,1,0.446238154048949,0.24475715697631714,2015-01_2019-12,1901,2014-12,2015-01,2019-12
spei6,Padaviya,ridge_ar24_met24,2018-09,2018-10,1,0.999961433315586,0.23572524294725808,2015-01_2019-12,1901,2014-12,2015-01,2019-12
spei6,Padaviya,ridge_ar24_met24,2018-10,2018-11,1,1.11729975614902,0.5982084349891547,2015-01_2019-12,1901,2014-12,2015-01,2019-12
spei6,Padaviya,ridge_ar24_met24,2018-11,2018-12,1,0.127079548382178,0.9160994753522627,2015-01_2019-12,1901,2014-12,2015-01,2019-12
spei6,Padaviya,ridge_ar24_met24,2018-12,2019-01,1,-0.311759170569103,0.3051995370548533,2015-01_2019-12,1901,2014-12,2015-01,2019-12
spei6,Padaviya,ridge_ar24_met24,2019-01,2019-02,1,-0.575506284693344,-0.18117704888065747,2015-01_2019-12,1901,2014-12,2015-01,2019-12
spei6,Padaviya,ridge_ar24_met24,2019-02,2019-03,1,-0.729347973441294,-0.41134480224772907,2015-01_2019-12,1901,2014-12,2015-01,2019-12
spei6,Padaviya,ridge_ar24_met24,2019-03,2019-04,1,-1.54070420816154,-1.329991814480699,2015-01_2019-12,1901,2014-12,2015-01,2019-12
spei6,Padaviya,ridge_ar24_met24,2019-04,2019-05,1,-2.70675375424668,-2.054439437279048,2015-01_2019-12,1901,2014-12,2015-01,2019-12
spei6,Padaviya,ridge_ar24_met24,2019-05,2019-06,1,-2.30378738598587,-2.0155688801265295,2015-01_2019-12,1901,2014-12,2015-01,2019-12
spei6,Padaviya,ridge_ar24_met24,2019-06,2019-07,1,-2.27772177080986,-1.8316390663693614,2015-01_2019-12,1901,2014-12,2015-01,2019-12
spei6,Padaviya,ridge_ar24_met24,2019-07,2019-08,1,-1.86186649667247,-1.5278695615517517,2015-01_2019-12,1901,2014-12,2015-01,2019-12
spei6,Padaviya,ridge_ar24_met24,2019-08,2019-09,1,0.179392925414951,-1.3276509582015696,2015-01_2019-12,1901,2014-12,2015-01,2019-12
spei6,Padaviya,ridge_ar24_met24,2019-09,2019-10,1,1.30873158327036,0.35150736866221766,2015-01_2019-12,1901,2014-12,2015-01,2019-12
spei6,Padaviya,ridge_ar24_met24,2019-10,2019-11,1,1.5245386422171,1.207821681041781,2015-01_2019-12,1901,2014-12,2015-01,2019-12
spei6,Padaviya,ridge_ar24_met24,2019-11,2019-12,1,1.45566479698892,1.523813236438725,2015-01_2019-12,1901,2014-12,2015-01,2019-12
spei6,Padaviya,persistence,2014-12,2015-01,1,0.56656959674209,1.10004920584115,2015-01_2019-12,1901,2014-12,2015-01,2019-12
spei6,Padaviya,persistence,2015-01,2015-02,1,0.846169490923689,0.56656959674209,2015-01_2019-12,1901,2014-12,2015-01,2019-12
spei6,Padaviya,persistence,2015-02,2015-03,1,0.805820048488176,0.846169490923689,2015-01_2019-12,1901,2014-12,2015-01,2019-12
spei6,Padaviya,persistence,2015-03,2015-04,1,0.805481082072366,0.805820048488176,2015-01_2019-12,1901,2014-12,2015-01,2019-12
spei6,Padaviya,persistence,2015-04,2015-05,1,1.29318769399766,0.805481082072366,2015-01_2019-12,1901,2014-12,2015-01,2019-12
spei6,Padaviya,persistence,2015-05,2015-06,1,0.509775843630808,1.29318769399766,2015-01_2019-12,1901,2014-12,2015-01,2019-12
spei6,Padaviya,persistence,2015-06,2015-07,1,1.5202827240969,0.509775843630808,2015-01_2019-12,1901,2014-12,2015-01,2019-12
spei6,Padaviya,persistence,2015-07,2015-08,1,1.33032208710422,1.5202827240969,2015-01_2019-12,1901,2014-12,2015-01,2019-12
spei6,Padaviya,persistence,2015-08,2015-09,1,2.34473454689335,1.33032208710422,2015-01_2019-12,1901,2014-12,2015-01,2019-12
spei6,Padaviya,persistence,2015-09,2015-10,1,1.86535657906738,2.34473454689335,2015-01_2019-12,1901,2014-12,2015-01,2019-12
spei6,Padaviya,persistence,2015-10,2015-11,1,1.97645920483516,1.86535657906738,2015-01_2019-12,1901,2014-12,2015-01,2019-12
spei6,Padaviya,persistence,2015-11,2015-12,1,1.70583299044118,1.97645920483516,2015-01_2019-12,1901,2014-12,2015-01,2019-12
spei6,Padaviya,persistence,2015-12,2016-01,1,1.51623583842425,1.70583299044118,2015-01_2019-12,1901,2014-12,2015-01,2019-12
spei6,Padaviya,persistence,2016-01,2016-02,1,1.5296448673179,1.51623583842425,2015-01_2019-12,1901,2014-12,2015-01,2019-12
spei6,Padaviya,persistence,2016-02,2016-03,1,0.797379086221268,1.5296448673179,2015-01_2019-12,1901,2014-12,2015-01,2019-12
spei6,Padaviya,persistence,2016-03,2016-04,1,0.521541835536639,0.797379086221268,2015-01_2019-12,1901,2014-12,2015-01,2019-12
spei6,Padaviya,persistence,2016-04,2016-05,1,0.668860024607221,0.521541835536639,2015-01_2019-12,1901,2014-12,2015-01,2019-12
spei6,Padaviya,persistence,2016-05,2016-06,1,0.327636234948781,0.668860024607221,2015-01_2019-12,1901,2014-12,2015-01,2019-12
spei6,Padaviya,persistence,2016-06,2016-07,1,0.738240100264017,0.327636234948781,2015-01_2019-12,1901,2014-12,2015-01,2019-12
spei6,Padaviya,persistence,2016-07,2016-08,1,-0.311292172294269,0.738240100264017,2015-01_2019-12,1901,2014-12,2015-01,2019-12
spei6,Padaviya,persistence,2016-08,2016-09,1,-0.761935551899831,-0.311292172294269,2015-01_2019-12,1901,2014-12,2015-01,2019-12
spei6,Padaviya,persistence,2016-09,2016-10,1,-1.58630810269832,-0.761935551899831,2015-01_2019-12,1901,2014-12,2015-01,2019-12
spei6,Padaviya,persistence,2016-10,2016-11,1,-2.05191769415884,-1.58630810269832,2015-01_2019-12,1901,2014-12,2015-01,2019-12
spei6,Padaviya,persistence,2016-11,2016-12,1,-2.26603737526916,-2.05191769415884,2015-01_2019-12,1901,2014-12,2015-01,2019-12
spei6,Padaviya,persistence,2016-12,2017-01,1,-1.72599895657589,-2.26603737526916,2015-01_2019-12,1901,2014-12,2015-01,2019-12
spei6,Padaviya,persistence,2017-01,2017-02,1,-1.64665710312961,-1.72599895657589,2015-01_2019-12,1901,2014-12,2015-01,2019-12
spei6,Padaviya,persistence,2017-02,2017-03,1,-1.1431295498366,-1.64665710312961,2015-01_2019-12,1901,2014-12,2015-01,2019-12
spei6,Padaviya,persistence,2017-03,2017-04,1,-0.844472515231515,-1.1431295498366,2015-01_2019-12,1901,2014-12,2015-01,2019-12
spei6,Padaviya,persistence,2017-04,2017-05,1,-0.571598541976686,-0.844472515231515,2015-01_2019-12,1901,2014-12,2015-01,2019-12
spei6,Padaviya,persistence,2017-05,2017-06,1,0.0585895965138372,-0.571598541976686,2015-01_2019-12,1901,2014-12,2015-01,2019-12
spei6,Padaviya,persistence,2017-06,2017-07,1,-0.851528069611559,0.0585895965138372,2015-01_2019-12,1901,2014-12,2015-01,2019-12
spei6,Padaviya,persistence,2017-07,2017-08,1,0.159964934250561,-0.851528069611559,2015-01_2019-12,1901,2014-12,2015-01,2019-12
spei6,Padaviya,persistence,2017-08,2017-09,1,-0.447733842918016,0.159964934250561,2015-01_2019-12,1901,2014-12,2015-01,2019-12
spei6,Padaviya,persistence,2017-09,2017-10,1,-1.4789356350453,-0.447733842918016,2015-01_2019-12,1901,2014-12,2015-01,2019-12
spei6,Padaviya,persistence,2017-10,2017-11,1,-0.462052477465055,-1.4789356350453,2015-01_2019-12,1901,2014-12,2015-01,2019-12
spei6,Padaviya,persistence,2017-11,2017-12,1,-0.697668394437823,-0.462052477465055,2015-01_2019-12,1901,2014-12,2015-01,2019-12
spei6,Padaviya,persistence,2017-12,2018-01,1,-1.06287611600818,-0.697668394437823,2015-01_2019-12,1901,2014-12,2015-01,2019-12
spei6,Padaviya,persistence,2018-01,2018-02,1,-1.18655647848308,-1.06287611600818,2015-01_2019-12,1901,2014-12,2015-01,2019-12
spei6,Padaviya,persistence,2018-02,2018-03,1,-1.21925670324303,-1.18655647848308,2015-01_2019-12,1901,2014-12,2015-01,2019-12
spei6,Padaviya,persistence,2018-03,2018-04,1,-0.345989217912049,-1.21925670324303,2015-01_2019-12,1901,2014-12,2015-01,2019-12
spei6,Padaviya,persistence,2018-04,2018-05,1,-0.537242929888494,-0.345989217912049,2015-01_2019-12,1901,2014-12,2015-01,2019-12
spei6,Padaviya,persistence,2018-05,2018-06,1,-0.207087238915194,-0.537242929888494,2015-01_2019-12,1901,2014-12,2015-01,2019-12
spei6,Padaviya,persistence,2018-06,2018-07,1,0.369704476388988,-0.207087238915194,2015-01_2019-12,1901,2014-12,2015-01,2019-12
spei6,Padaviya,persistence,2018-07,2018-08,1,0.109896262879323,0.369704476388988,2015-01_2019-12,1901,2014-12,2015-01,2019-12
spei6,Padaviya,persistence,2018-08,2018-09,1,0.446238154048949,0.109896262879323,2015-01_2019-12,1901,2014-12,2015-01,2019-12
spei6,Padaviya,persistence,2018-09,2018-10,1,0.999961433315586,0.446238154048949,2015-01_2019-12,1901,2014-12,2015-01,2019-12
spei6,Padaviya,persistence,2018-10,2018-11,1,1.11729975614902,0.999961433315586,2015-01_2019-12,1901,2014-12,2015-01,2019-12
spei6,Padaviya,persistence,2018-11,2018-12,1,0.127079548382178,1.11729975614902,2015-01_2019-12,1901,2014-12,2015-01,2019-12
spei6,Padaviya,persistence,2018-12,2019-01,1,-0.311759170569103,0.127079548382178,2015-01_2019-12,1901,2014-12,2015-01,2019-12
spei6,Padaviya,persistence,2019-01,2019-02,1,-0.575506284693344,-0.311759170569103,2015-01_2019-12,1901,2014-12,2015-01,2019-12
spei6,Padaviya,persistence,2019-02,2019-03,1,-0.729347973441294,-0.575506284693344,2015-01_2019-12,1901,2014-12,2015-01,2019-12
spei6,Padaviya,persistence,2019-03,2019-04,1,-1.54070420816154,-0.729347973441294,2015-01_2019-12,1901,2014-12,2015-01,2019-12
spei6,Padaviya,persistence,2019-04,2019-05,1,-2.70675375424668,-1.54070420816154,2015-01_2019-12,1901,2014-12,2015-01,2019-12
spei6,Padaviya,persistence,2019-05,2019-06,1,-2.30378738598587,-2.70675375424668,2015-01_2019-12,1901,2014-12,2015-01,2019-12
spei6,Padaviya,persistence,2019-06,2019-07,1,-2.27772177080986,-2.30378738598587,2015-01_2019-12,1901,2014-12,2015-01,2019-12
spei6,Padaviya,persistence,2019-07,2019-08,1,-1.86186649667247,-2.27772177080986,2015-01_2019-12,1901,2014-12,2015-01,2019-12
spei6,Padaviya,persistence,2019-08,2019-09,1,0.179392925414951,-1.86186649667247,2015-01_2019-12,1901,2014-12,2015-01,2019-12
spei6,Padaviya,persistence,2019-09,2019-10,1,1.30873158327036,0.179392925414951,2015-01_2019-12,1901,2014-12,2015-01,2019-12
spei6,Padaviya,persistence,2019-10,2019-11,1,1.5245386422171,1.30873158327036,2015-01_2019-12,1901,2014-12,2015-01,2019-12
spei6,Padaviya,persistence,2019-11,2019-12,1,1.45566479698892,1.5245386422171,2015-01_2019-12,1901,2014-12,2015-01,2019-12
spei6,Tissamaharama,ridge_ar24_met24,2014-12,2015-01,1,1.31359444128439,2.026518670857007,2015-01_2019-12,1901,2014-12,2015-01,2019-12
spei6,Tissamaharama,ridge_ar24_met24,2015-01,2015-02,1,1.36659535437995,1.1557282895665029,2015-01_2019-12,1901,2014-12,2015-01,2019-12
spei6,Tissamaharama,ridge_ar24_met24,2015-02,2015-03,1,1.38433586045094,1.2857643935542138,2015-01_2019-12,1901,2014-12,2015-01,2019-12
spei6,Tissamaharama,ridge_ar24_met24,2015-03,2015-04,1,1.41634192940593,1.1402869419448225,2015-01_2019-12,1901,2014-12,2015-01,2019-12
spei6,Tissamaharama,ridge_ar24_met24,2015-04,2015-05,1,1.45187516143758,1.4232711491985939,2015-01_2019-12,1901,2014-12,2015-01,2019-12
spei6,Tissamaharama,ridge_ar24_met24,2015-05,2015-06,1,0.0496324074994643,0.4154441202565042,2015-01_2019-12,1901,2014-12,2015-01,2019-12
spei6,Tissamaharama,ridge_ar24_met24,2015-06,2015-07,1,0.844967801091091,0.5234045415650324,2015-01_2019-12,1901,2014-12,2015-01,2019-12
spei6,Tissamaharama,ridge_ar24_met24,2015-07,2015-08,1,0.928292857505123,0.38390685176049466,2015-01_2019-12,1901,2014-12,2015-01,2019-12
spei6,Tissamaharama,ridge_ar24_met24,2015-08,2015-09,1,2.08104725368326,0.47562480551319825,2015-01_2019-12,1901,2014-12,2015-01,2019-12
spei6,Tissamaharama,ridge_ar24_met24,2015-09,2015-10,1,1.91527792298744,1.5169389185100686,2015-01_2019-12,1901,2014-12,2015-01,2019-12
spei6,Tissamaharama,ridge_ar24_met24,2015-10,2015-11,1,2.10967336198918,1.6469813876091448,2015-01_2019-12,1901,2014-12,2015-01,2019-12
spei6,Tissamaharama,ridge_ar24_met24,2015-11,2015-12,1,1.77267387055269,1.8988542394679824,2015-01_2019-12,1901,2014-12,2015-01,2019-12
spei6,Tissamaharama,ridge_ar24_met24,2015-12,2016-01,1,1.68111650938479,1.8855487452969772,2015-01_2019-12,1901,2014-12,2015-01,2019-12
spei6,Tissamaharama,ridge_ar24_met24,2016-01,2016-02,1,1.6152574670771,1.2813237748431332,2015-01_2019-12,1901,2014-12,2015-01,2019-12
spei6,Tissamaharama,ridge_ar24_met24,2016-02,2016-03,1,0.48781721873383,0.37652776093080104,2015-01_2019-12,1901,2014-12,2015-01,2019-12
spei6,Tissamaharama,ridge_ar24_met24,2016-03,2016-04,1,0.0588781246103595,-0.09690177804704524,2015-01_2019-12,1901,2014-12,2015-01,2019-12
spei6,Tissamaharama,ridge_ar24_met24,2016-04,2016-05,1,0.63969721659158,-0.499040738604064,2015-01_2019-12,1901,2014-12,2015-01,2019-12
spei6,Tissamaharama,ridge_ar24_met24,2016-05,2016-06,1,0.68300623016068,0.8911593413965615,2015-01_2019-12,1901,2014-12,2015-01,2019-12
spei6,Tissamaharama,ridge_ar24_met24,2016-06,2016-07,1,0.810252230901443,0.6794994590029906,2015-01_2019-12,1901,2014-12,2015-01,2019-12
spei6,Tissamaharama,ridge_ar24_met24,2016-07,2016-08,1,0.452667000754992,0.37866761505728214,2015-01_2019-12,1901,2014-12,2015-01,2019-12
spei6,Tissamaharama,ridge_ar24_met24,2016-08,2016-09,1,0.0588609832193962,0.6814272053885027,2015-01_2019-12,1901,2014-12,2015-01,2019-12
spei6,Tissamaharama,ridge_ar24_met24,2016-09,2016-10,1,-0.430620222626284,0.37051136156870024,2015-01_2019-12,1901,2014-12,2015-01,2019-12
spei6,Tissamaharama,ridge_ar24_met24,2016-10,2016-11,1,-2.2436993891558,-1.4542783839019755,2015-01_2019-12,1901,2014-12,2015-01,2019-12
spei6,Tissamaharama,ridge_ar24_met24,2016-11,2016-12,1,-2.02617352151632,-1.7667302764405453,2015-01_2019-12,1901,2014-12,2015-01,2019-12
spei6,Tissamaharama,ridge_ar24_met24,2016-12,2017-01,1,-1.29632240996764,-1.887117086877584,2015-01_2019-12,1901,2014-12,2015-01,2019-12
spei6,Tissamaharama,ridge_ar24_met24,2017-01,2017-02,1,-1.21764104484836,-1.2286822311619134,2015-01_2019-12,1901,2014-12,2015-01,2019-12
spei6,Tissamaharama,ridge_ar24_met24,2017-02,2017-03,1,-0.239216708956194,-0.521655386731696,2015-01_2019-12,1901,2014-12,2015-01,2019-12
spei6,Tissamaharama,ridge_ar24_met24,2017-03,2017-04,1,-0.0921188903813148,0.2890912737174596,2015-01_2019-12,1901,2014-12,2015-01,2019-12
spei6,Tissamaharama,ridge_ar24_met24,2017-04,2017-05,1,0.250352344026894,0.1059940898607416,2015-01_2019-12,1901,2014-12,2015-01,2019-12
spei6,Tissamaharama,ridge_ar24_met24,2017-05,2017-06,1,0.330896704522698,0.5188368814721691,2015-01_2019-12,1901,2014-12,2015-01,2019-12
spei6,Tissamaharama,ridge_ar24_met24,2017-06,2017-07,1,-0.315676871301758,0.01158309800492152,2015-01_2019-12,1901,2014-12,2015-01,2019-12
spei6,Tissamaharama,ridge_ar24_met24,2017-07,2017-08,1,-0.432920564449472,-0.2795615483959862,2015-01_2019-12,1901,2014-12,2015-01,2019-12
spei6,Tissamaharama,ridge_ar24_met24,2017-08,2017-09,1,-1.08052554971353,-0.8240513593399821,2015-01_2019-12,1901,2014-12,2015-01,2019-12
spei6,Tissamaharama,ridge_ar24_met24,2017-09,2017-10,1,-0.399325490479353,-0.41205677221231274,2015-01_2019-12,1901,2014-12,2015-01,2019-12
spei6,Tissamaharama,ridge_ar24_met24,2017-10,2017-11,1,0.172566428166933,-0.3095397704619566,2015-01_2019-12,1901,2014-12,2015-01,2019-12
spei6,Tissamaharama,ridge_ar24_met24,2017-11,2017-12,1,0.38260039785013,0.4451038475094417,2015-01_2019-12,1901,2014-12,2015-01,2019-12
spei6,Tissamaharama,ridge_ar24_met24,2017-12,2018-01,1,0.0515564413000015,0.3198865521108201,2015-01_2019-12,1901,2014-12,2015-01,2019-12
spei6,Tissamaharama,ridge_ar24_met24,2018-01,2018-02,1,0.118965035013541,0.06781406756006395,2015-01_2019-12,1901,2014-12,2015-01,2019-12
spei6,Tissamaharama,ridge_ar24_met24,2018-02,2018-03,1,-0.0277682730338786,0.004837345995688967,2015-01_2019-12,1901,2014-12,2015-01,2019-12
spei6,Tissamaharama,ridge_ar24_met24,2018-03,2018-04,1,0.113670210347344,-0.10798458246134676,2015-01_2019-12,1901,2014-12,2015-01,2019-12
spei6,Tissamaharama,ridge_ar24_met24,2018-04,2018-05,1,0.383631926665792,-0.13122625777788732,2015-01_2019-12,1901,2014-12,2015-01,2019-12
spei6,Tissamaharama,ridge_ar24_met24,2018-05,2018-06,1,0.666345760732328,0.23212754542399006,2015-01_2019-12,1901,2014-12,2015-01,2019-12
spei6,Tissamaharama,ridge_ar24_met24,2018-06,2018-07,1,0.98178620856062,1.061321695228523,2015-01_2019-12,1901,2014-12,2015-01,2019-12
spei6,Tissamaharama,ridge_ar24_met24,2018-07,2018-08,1,0.754940239431084,0.8089012057782636,2015-01_2019-12,1901,2014-12,2015-01,2019-12
spei6,Tissamaharama,ridge_ar24_met24,2018-08,2018-09,1,0.900073539708171,0.6409083827174062,2015-01_2019-12,1901,2014-12,2015-01,2019-12
spei6,Tissamaharama,ridge_ar24_met24,2018-09,2018-10,1,0.854436833501157,0.6759318537998411,2015-01_2019-12,1901,2014-12,2015-01,2019-12
spei6,Tissamaharama,ridge_ar24_met24,2018-10,2018-11,1,-0.199892042579187,-0.02246905629836471,2015-01_2019-12,1901,2014-12,2015-01,2019-12
spei6,Tissamaharama,ridge_ar24_met24,2018-11,2018-12,1,-0.348353561410872,-0.24372150678199078,2015-01_2019-12,1901,2014-12,2015-01,2019-12
spei6,Tissamaharama,ridge_ar24_met24,2018-12,2019-01,1,-0.671300338053827,-0.3377894175460829,2015-01_2019-12,1901,2014-12,2015-01,2019-12
spei6,Tissamaharama,ridge_ar24_met24,2019-01,2019-02,1,-0.574029695245133,-0.6829073041705657,2015-01_2019-12,1901,2014-12,2015-01,2019-12
spei6,Tissamaharama,ridge_ar24_met24,2019-02,2019-03,1,-0.817808052362199,-0.6174090304030743,2015-01_2019-12,1901,2014-12,2015-01,2019-12
spei6,Tissamaharama,ridge_ar24_met24,2019-03,2019-04,1,-1.0215235344699,-0.8681725767017715,2015-01_2019-12,1901,2014-12,2015-01,2019-12
spei6,Tissamaharama,ridge_ar24_met24,2019-04,2019-05,1,-1.31974040198324,-0.8406321621976012,2015-01_2019-12,1901,2014-12,2015-01,2019-12
spei6,Tissamaharama,ridge_ar24_met24,2019-05,2019-06,1,-1.66960426205771,-1.230677461373659,2015-01_2019-12,1901,2014-12,2015-01,2019-12
spei6,Tissamaharama,ridge_ar24_met24,2019-06,2019-07,1,-1.24407409924721,-1.0738149671303314,2015-01_2019-12,1901,2014-12,2015-01,2019-12
spei6,Tissamaharama,ridge_ar24_met24,2019-07,2019-08,1,-0.266105508306292,-1.0665331837457308,2015-01_2019-12,1901,2014-12,2015-01,2019-12
spei6,Tissamaharama,ridge_ar24_met24,2019-08,2019-09,1,0.9841130358843,-0.15180302066511886,2015-01_2019-12,1901,2014-12,2015-01,2019-12
spei6,Tissamaharama,ridge_ar24_met24,2019-09,2019-10,1,1.67307495970996,0.8948459916882281,2015-01_2019-12,1901,2014-12,2015-01,2019-12
spei6,Tissamaharama,ridge_ar24_met24,2019-10,2019-11,1,1.94010352958011,1.932207056938319,2015-01_2019-12,1901,2014-12,2015-01,2019-12
spei6,Tissamaharama,ridge_ar24_met24,2019-11,2019-12,1,2.05323090076039,2.2520897598146226,2015-01_2019-12,1901,2014-12,2015-01,2019-12
spei6,Tissamaharama,persistence,2014-12,2015-01,1,1.31359444128439,1.62280183397834,2015-01_2019-12,1901,2014-12,2015-01,2019-12
spei6,Tissamaharama,persistence,2015-01,2015-02,1,1.36659535437995,1.31359444128439,2015-01_2019-12,1901,2014-12,2015-01,2019-12
spei6,Tissamaharama,persistence,2015-02,2015-03,1,1.38433586045094,1.36659535437995,2015-01_2019-12,1901,2014-12,2015-01,2019-12
spei6,Tissamaharama,persistence,2015-03,2015-04,1,1.41634192940593,1.38433586045094,2015-01_2019-12,1901,2014-12,2015-01,2019-12
spei6,Tissamaharama,persistence,2015-04,2015-05,1,1.45187516143758,1.41634192940593,2015-01_2019-12,1901,2014-12,2015-01,2019-12
spei6,Tissamaharama,persistence,2015-05,2015-06,1,0.0496324074994643,1.45187516143758,2015-01_2019-12,1901,2014-12,2015-01,2019-12
spei6,Tissamaharama,persistence,2015-06,2015-07,1,0.844967801091091,0.0496324074994643,2015-01_2019-12,1901,2014-12,2015-01,2019-12
spei6,Tissamaharama,persistence,2015-07,2015-08,1,0.928292857505123,0.844967801091091,2015-01_2019-12,1901,2014-12,2015-01,2019-12
spei6,Tissamaharama,persistence,2015-08,2015-09,1,2.08104725368326,0.928292857505123,2015-01_2019-12,1901,2014-12,2015-01,2019-12
spei6,Tissamaharama,persistence,2015-09,2015-10,1,1.91527792298744,2.08104725368326,2015-01_2019-12,1901,2014-12,2015-01,2019-12
spei6,Tissamaharama,persistence,2015-10,2015-11,1,2.10967336198918,1.91527792298744,2015-01_2019-12,1901,2014-12,2015-01,2019-12
spei6,Tissamaharama,persistence,2015-11,2015-12,1,1.77267387055269,2.10967336198918,2015-01_2019-12,1901,2014-12,2015-01,2019-12
spei6,Tissamaharama,persistence,2015-12,2016-01,1,1.68111650938479,1.77267387055269,2015-01_2019-12,1901,2014-12,2015-01,2019-12
spei6,Tissamaharama,persistence,2016-01,2016-02,1,1.6152574670771,1.68111650938479,2015-01_2019-12,1901,2014-12,2015-01,2019-12
spei6,Tissamaharama,persistence,2016-02,2016-03,1,0.48781721873383,1.6152574670771,2015-01_2019-12,1901,2014-12,2015-01,2019-12
spei6,Tissamaharama,persistence,2016-03,2016-04,1,0.0588781246103595,0.48781721873383,2015-01_2019-12,1901,2014-12,2015-01,2019-12
spei6,Tissamaharama,persistence,2016-04,2016-05,1,0.63969721659158,0.0588781246103595,2015-01_2019-12,1901,2014-12,2015-01,2019-12
spei6,Tissamaharama,persistence,2016-05,2016-06,1,0.68300623016068,0.63969721659158,2015-01_2019-12,1901,2014-12,2015-01,2019-12
spei6,Tissamaharama,persistence,2016-06,2016-07,1,0.810252230901443,0.68300623016068,2015-01_2019-12,1901,2014-12,2015-01,2019-12
spei6,Tissamaharama,persistence,2016-07,2016-08,1,0.452667000754992,0.810252230901443,2015-01_2019-12,1901,2014-12,2015-01,2019-12
spei6,Tissamaharama,persistence,2016-08,2016-09,1,0.0588609832193962,0.452667000754992,2015-01_2019-12,1901,2014-12,2015-01,2019-12
spei6,Tissamaharama,persistence,2016-09,2016-10,1,-0.430620222626284,0.0588609832193962,2015-01_2019-12,1901,2014-12,2015-01,2019-12
spei6,Tissamaharama,persistence,2016-10,2016-11,1,-2.2436993891558,-0.430620222626284,2015-01_2019-12,1901,2014-12,2015-01,2019-12
spei6,Tissamaharama,persistence,2016-11,2016-12,1,-2.02617352151632,-2.2436993891558,2015-01_2019-12,1901,2014-12,2015-01,2019-12
spei6,Tissamaharama,persistence,2016-12,2017-01,1,-1.29632240996764,-2.02617352151632,2015-01_2019-12,1901,2014-12,2015-01,2019-12
spei6,Tissamaharama,persistence,2017-01,2017-02,1,-1.21764104484836,-1.29632240996764,2015-01_2019-12,1901,2014-12,2015-01,2019-12
spei6,Tissamaharama,persistence,2017-02,2017-03,1,-0.239216708956194,-1.21764104484836,2015-01_2019-12,1901,2014-12,2015-01,2019-12
spei6,Tissamaharama,persistence,2017-03,2017-04,1,-0.0921188903813148,-0.239216708956194,2015-01_2019-12,1901,2014-12,2015-01,2019-12
spei6,Tissamaharama,persistence,2017-04,2017-05,1,0.250352344026894,-0.0921188903813148,2015-01_2019-12,1901,2014-12,2015-01,2019-12
spei6,Tissamaharama,persistence,2017-05,2017-06,1,0.330896704522698,0.250352344026894,2015-01_2019-12,1901,2014-12,2015-01,2019-12
spei6,Tissamaharama,persistence,2017-06,2017-07,1,-0.315676871301758,0.330896704522698,2015-01_2019-12,1901,2014-12,2015-01,2019-12
spei6,Tissamaharama,persistence,2017-07,2017-08,1,-0.432920564449472,-0.315676871301758,2015-01_2019-12,1901,2014-12,2015-01,2019-12
spei6,Tissamaharama,persistence,2017-08,2017-09,1,-1.08052554971353,-0.432920564449472,2015-01_2019-12,1901,2014-12,2015-01,2019-12
spei6,Tissamaharama,persistence,2017-09,2017-10,1,-0.399325490479353,-1.08052554971353,2015-01_2019-12,1901,2014-12,2015-01,2019-12
spei6,Tissamaharama,persistence,2017-10,2017-11,1,0.172566428166933,-0.399325490479353,2015-01_2019-12,1901,2014-12,2015-01,2019-12
spei6,Tissamaharama,persistence,2017-11,2017-12,1,0.38260039785013,0.172566428166933,2015-01_2019-12,1901,2014-12,2015-01,2019-12
spei6,Tissamaharama,persistence,2017-12,2018-01,1,0.0515564413000015,0.38260039785013,2015-01_2019-12,1901,2014-12,2015-01,2019-12
spei6,Tissamaharama,persistence,2018-01,2018-02,1,0.118965035013541,0.0515564413000015,2015-01_2019-12,1901,2014-12,2015-01,2019-12
spei6,Tissamaharama,persistence,2018-02,2018-03,1,-0.0277682730338786,0.118965035013541,2015-01_2019-12,1901,2014-12,2015-01,2019-12
spei6,Tissamaharama,persistence,2018-03,2018-04,1,0.113670210347344,-0.0277682730338786,2015-01_2019-12,1901,2014-12,2015-01,2019-12
spei6,Tissamaharama,persistence,2018-04,2018-05,1,0.383631926665792,0.113670210347344,2015-01_2019-12,1901,2014-12,2015-01,2019-12
spei6,Tissamaharama,persistence,2018-05,2018-06,1,0.666345760732328,0.383631926665792,2015-01_2019-12,1901,2014-12,2015-01,2019-12
spei6,Tissamaharama,persistence,2018-06,2018-07,1,0.98178620856062,0.666345760732328,2015-01_2019-12,1901,2014-12,2015-01,2019-12
spei6,Tissamaharama,persistence,2018-07,2018-08,1,0.754940239431084,0.98178620856062,2015-01_2019-12,1901,2014-12,2015-01,2019-12
spei6,Tissamaharama,persistence,2018-08,2018-09,1,0.900073539708171,0.754940239431084,2015-01_2019-12,1901,2014-12,2015-01,2019-12
spei6,Tissamaharama,persistence,2018-09,2018-10,1,0.854436833501157,0.900073539708171,2015-01_2019-12,1901,2014-12,2015-01,2019-12
spei6,Tissamaharama,persistence,2018-10,2018-11,1,-0.199892042579187,0.854436833501157,2015-01_2019-12,1901,2014-12,2015-01,2019-12
spei6,Tissamaharama,persistence,2018-11,2018-12,1,-0.348353561410872,-0.199892042579187,2015-01_2019-12,1901,2014-12,2015-01,2019-12
spei6,Tissamaharama,persistence,2018-12,2019-01,1,-0.671300338053827,-0.348353561410872,2015-01_2019-12,1901,2014-12,2015-01,2019-12
spei6,Tissamaharama,persistence,2019-01,2019-02,1,-0.574029695245133,-0.671300338053827,2015-01_2019-12,1901,2014-12,2015-01,2019-12
spei6,Tissamaharama,persistence,2019-02,2019-03,1,-0.817808052362199,-0.574029695245133,2015-01_2019-12,1901,2014-12,2015-01,2019-12
spei6,Tissamaharama,persistence,2019-03,2019-04,1,-1.0215235344699,-0.817808052362199,2015-01_2019-12,1901,2014-12,2015-01,2019-12
spei6,Tissamaharama,persistence,2019-04,2019-05,1,-1.31974040198324,-1.0215235344699,2015-01_2019-12,1901,2014-12,2015-01,2019-12
spei6,Tissamaharama,persistence,2019-05,2019-06,1,-1.66960426205771,-1.31974040198324,2015-01_2019-12,1901,2014-12,2015-01,2019-12
spei6,Tissamaharama,persistence,2019-06,2019-07,1,-1.24407409924721,-1.66960426205771,2015-01_2019-12,1901,2014-12,2015-01,2019-12
spei6,Tissamaharama,persistence,2019-07,2019-08,1,-0.266105508306292,-1.24407409924721,2015-01_2019-12,1901,2014-12,2015-01,2019-12
spei6,Tissamaharama,persistence,2019-08,2019-09,1,0.9841130358843,-0.266105508306292,2015-01_2019-12,1901,2014-12,2015-01,2019-12
spei6,Tissamaharama,persistence,2019-09,2019-10,1,1.67307495970996,0.9841130358843,2015-01_2019-12,1901,2014-12,2015-01,2019-12
spei6,Tissamaharama,persistence,2019-10,2019-11,1,1.94010352958011,1.67307495970996,2015-01_2019-12,1901,2014-12,2015-01,2019-12
spei6,Tissamaharama,persistence,2019-11,2019-12,1,2.05323090076039,1.94010352958011,2015-01_2019-12,1901,2014-12,2015-01,2019-12
